frame,timestamp_ns,tile_x,tile_y,tile_frames,tile_points,query_points,gt_x,gt_y,gt_yaw_deg,gt_inlier,gt_probe_ok,gt_probe_dt,gt_probe_dr,gt_probe_inlier,evaluated,passed,distinct,oracle_dt,feature_ms,ransac_ms,config,polish_ms,best_inlier,best_error,err_trans,err_rot_deg,oracle_polished_dt
78,1566535942355928325,72.00,-144.00,539,230090,10849,71.41,-144.77,-57.89,0.9737,0,0.7028,2.7835,0.9440,10000,4517,10,3.590,623.4,430.5,icp_d6_i30,3962.9,0.9725,0.2450,1.106,0.979,1.106
78,1566535942355928325,72.00,-144.00,539,230090,10849,71.41,-144.77,-57.89,0.9737,0,0.7028,2.7835,0.9440,10000,4517,10,3.590,623.4,430.5,icp_d4_i60,8038.0,0.9759,0.2479,0.617,1.236,0.617
78,1566535942355928325,72.00,-144.00,539,230090,10849,71.41,-144.77,-57.89,0.9737,0,0.7028,2.7835,0.9440,10000,4517,10,3.590,623.4,430.5,gicp_d6_i30,5474.1,0.9449,0.2468,0.693,2.764,0.693
78,1566535942355928325,72.00,-144.00,539,230090,10849,71.41,-144.77,-57.89,0.9737,0,0.7028,2.7835,0.9440,10000,4517,10,3.590,623.4,430.5,gicp_d4_i60,10424.9,0.9442,0.2469,0.701,2.785,0.701
78,1566535942355928325,72.00,-144.00,539,230090,10849,71.41,-144.77,-57.89,0.9737,0,0.7028,2.7835,0.9440,10000,4517,10,3.590,623.4,430.5,ndt_r4_i30,1995.9,0.9743,0.2440,0.766,0.795,0.766
78,1566535942355928325,72.00,-144.00,539,230090,10849,71.41,-144.77,-57.89,0.9737,0,0.7028,2.7835,0.9440,10000,4517,10,3.590,623.4,430.5,ndt_r3_i60,3919.2,0.9765,0.2459,0.067,0.985,0.067
151,1566535949647802761,48.00,-120.00,528,219318,9689,52.05,-110.55,-63.56,0.9645,1,0.2383,0.4196,0.9638,10000,3326,10,2.889,473.9,379.0,icp_d6_i30,4065.3,0.9587,0.2450,0.890,1.128,0.890
151,1566535949647802761,48.00,-120.00,528,219318,9689,52.05,-110.55,-63.56,0.9645,1,0.2383,0.4196,0.9638,10000,3326,10,2.889,473.9,379.0,icp_d4_i60,6422.7,0.9649,0.2478,0.944,0.619,0.944
151,1566535949647802761,48.00,-120.00,528,219318,9689,52.05,-110.55,-63.56,0.9645,1,0.2383,0.4196,0.9638,10000,3326,10,2.889,473.9,379.0,gicp_d6_i30,5075.8,0.9637,0.2491,0.208,0.344,0.208
151,1566535949647802761,48.00,-120.00,528,219318,9689,52.05,-110.55,-63.56,0.9645,1,0.2383,0.4196,0.9638,10000,3326,10,2.889,473.9,379.0,gicp_d4_i60,9210.8,0.9637,0.2488,0.228,0.417,0.228
151,1566535949647802761,48.00,-120.00,528,219318,9689,52.05,-110.55,-63.56,0.9645,1,0.2383,0.4196,0.9638,10000,3326,10,2.889,473.9,379.0,ndt_r4_i30,2118.1,0.9648,0.2433,0.419,0.545,0.419
151,1566535949647802761,48.00,-120.00,528,219318,9689,52.05,-110.55,-63.56,0.9645,1,0.2383,0.4196,0.9638,10000,3326,10,2.889,473.9,379.0,ndt_r3_i60,2060.5,0.9644,0.2452,0.220,0.514,0.220
224,1566535956948012557,24.00,-72.00,522,225257,9723,30.73,-65.20,-63.89,0.9816,1,0.1625,0.3693,0.9817,10000,1704,10,1.402,451.8,375.3,icp_d6_i30,3617.9,0.9817,0.2466,0.246,0.667,0.246
224,1566535956948012557,24.00,-72.00,522,225257,9723,30.73,-65.20,-63.89,0.9816,1,0.1625,0.3693,0.9817,10000,1704,10,1.402,451.8,375.3,icp_d4_i60,5363.4,0.9821,0.2510,0.342,0.253,0.085
224,1566535956948012557,24.00,-72.00,522,225257,9723,30.73,-65.20,-63.89,0.9816,1,0.1625,0.3693,0.9817,10000,1704,10,1.402,451.8,375.3,gicp_d6_i30,5156.5,0.9817,0.2491,0.160,0.371,0.160
224,1566535956948012557,24.00,-72.00,522,225257,9723,30.73,-65.20,-63.89,0.9816,1,0.1625,0.3693,0.9817,10000,1704,10,1.402,451.8,375.3,gicp_d4_i60,7676.1,0.9817,0.2491,0.163,0.362,0.163
224,1566535956948012557,24.00,-72.00,522,225257,9723,30.73,-65.20,-63.89,0.9816,1,0.1625,0.3693,0.9817,10000,1704,10,1.402,451.8,375.3,ndt_r4_i30,2180.8,0.9819,0.2464,0.131,0.483,0.131
224,1566535956948012557,24.00,-72.00,522,225257,9723,30.73,-65.20,-63.89,0.9816,1,0.1625,0.3693,0.9817,10000,1704,10,1.402,451.8,375.3,ndt_r3_i60,3509.5,0.9821,0.2466,0.210,0.483,0.112
297,1566535964247888327,0.00,-24.00,617,257232,12943,7.04,-18.22,-60.75,0.9826,1,0.1913,0.7415,0.9834,10000,4085,10,0.380,560.4,521.9,icp_d6_i30,4586.9,0.9817,0.2436,0.291,1.135,0.291
297,1566535964247888327,0.00,-24.00,617,257232,12943,7.04,-18.22,-60.75,0.9826,1,0.1913,0.7415,0.9834,10000,4085,10,0.380,560.4,521.9,icp_d4_i60,7366.7,0.9828,0.2469,0.408,0.576,0.304
297,1566535964247888327,0.00,-24.00,617,257232,12943,7.04,-18.22,-60.75,0.9826,1,0.1913,0.7415,0.9834,10000,4085,10,0.380,560.4,521.9,gicp_d6_i30,4549.5,0.9835,0.2446,0.165,0.742,0.165
297,1566535964247888327,0.00,-24.00,617,257232,12943,7.04,-18.22,-60.75,0.9826,1,0.1913,0.7415,0.9834,10000,4085,10,0.380,560.4,521.9,gicp_d4_i60,5081.9,0.9834,0.2456,0.190,0.740,0.190
297,1566535964247888327,0.00,-24.00,617,257232,12943,7.04,-18.22,-60.75,0.9826,1,0.1913,0.7415,0.9834,10000,4085,10,0.380,560.4,521.9,ndt_r4_i30,2099.6,0.9836,0.2389,0.323,0.943,0.175
297,1566535964247888327,0.00,-24.00,617,257232,12943,7.04,-18.22,-60.75,0.9826,1,0.1913,0.7415,0.9834,10000,4085,10,0.380,560.4,521.9,ndt_r3_i60,3753.1,0.9837,0.2399,0.317,0.920,0.317
370,1566535971554327557,-24.00,24.00,693,281568,11115,-19.73,33.13,-62.45,0.8885,1,0.0813,0.0642,0.8889,10000,2889,10,1.962,455.6,361.0,icp_d6_i30,3822.0,0.8816,0.2428,1.737,0.496,0.941
370,1566535971554327557,-24.00,24.00,693,281568,11115,-19.73,33.13,-62.45,0.8885,1,0.0813,0.0642,0.8889,10000,2889,10,1.962,455.6,361.0,icp_d4_i60,5314.3,0.8892,0.2438,0.270,0.423,0.270
370,1566535971554327557,-24.00,24.00,693,281568,11115,-19.73,33.13,-62.45,0.8885,1,0.0813,0.0642,0.8889,10000,2889,10,1.962,455.6,361.0,gicp_d6_i30,4994.0,0.8897,0.2436,0.481,0.196,0.078
370,1566535971554327557,-24.00,24.00,693,281568,11115,-19.73,33.13,-62.45,0.8885,1,0.0813,0.0642,0.8889,10000,2889,10,1.962,455.6,361.0,gicp_d4_i60,8687.7,0.8892,0.2431,0.277,0.141,0.079
370,1566535971554327557,-24.00,24.00,693,281568,11115,-19.73,33.13,-62.45,0.8885,1,0.0813,0.0642,0.8889,10000,2889,10,1.962,455.6,361.0,ndt_r4_i30,2386.7,0.8894,0.2439,0.528,0.379,0.381
370,1566535971554327557,-24.00,24.00,693,281568,11115,-19.73,33.13,-62.45,0.8885,1,0.0813,0.0642,0.8889,10000,2889,10,1.962,455.6,361.0,ndt_r3_i60,3841.6,0.8895,0.2428,0.505,0.313,0.126
443,1566535978854089230,-48.00,72.00,751,277294,10901,-48.60,83.87,-57.34,0.9557,1,0.1392,0.3105,0.9558,10000,3495,10,3.733,427.2,340.7,icp_d6_i30,4780.7,0.9066,0.2449,3.430,1.917,3.430
443,1566535978854089230,-48.00,72.00,751,277294,10901,-48.60,83.87,-57.34,0.9557,1,0.1392,0.3105,0.9558,10000,3495,10,3.733,427.2,340.7,icp_d4_i60,9061.4,0.9384,0.2435,2.354,1.017,2.354
443,1566535978854089230,-48.00,72.00,751,277294,10901,-48.60,83.87,-57.34,0.9557,1,0.1392,0.3105,0.9558,10000,3495,10,3.733,427.2,340.7,gicp_d6_i30,5249.9,0.9566,0.2420,1.325,0.219,0.080
443,1566535978854089230,-48.00,72.00,751,277294,10901,-48.60,83.87,-57.34,0.9557,1,0.1392,0.3105,0.9558,10000,3495,10,3.733,427.2,340.7,gicp_d4_i60,10426.1,0.9566,0.2416,1.327,0.323,0.146
443,1566535978854089230,-48.00,72.00,751,277294,10901,-48.60,83.87,-57.34,0.9557,1,0.1392,0.3105,0.9558,10000,3495,10,3.733,427.2,340.7,ndt_r4_i30,2266.7,0.9569,0.2391,1.298,0.673,1.298
443,1566535978854089230,-48.00,72.00,751,277294,10901,-48.60,83.87,-57.34,0.9557,1,0.1392,0.3105,0.9558,10000,3495,10,3.733,427.2,340.7,ndt_r3_i60,4108.0,0.9571,0.2397,0.552,0.554,0.552
516,1566535986154197362,-72.00,144.00,758,314109,11233,-83.75,137.53,-55.35,0.9753,1,0.1087,0.2581,0.9755,10000,2295,10,1.499,590.9,404.7,icp_d6_i30,4950.9,0.9732,0.2483,1.138,0.812,1.138
516,1566535986154197362,-72.00,144.00,758,314109,11233,-83.75,137.53,-55.35,0.9753,1,0.1087,0.2581,0.9755,10000,2295,10,1.499,590.9,404.7,icp_d4_i60,6907.6,0.9748,0.2476,0.991,0.515,0.691
516,1566535986154197362,-72.00,144.00,758,314109,11233,-83.75,137.53,-55.35,0.9753,1,0.1087,0.2581,0.9755,10000,2295,10,1.499,590.9,404.7,gicp_d6_i30,5232.1,0.9755,0.2482,0.145,0.186,0.120
516,1566535986154197362,-72.00,144.00,758,314109,11233,-83.75,137.53,-55.35,0.9753,1,0.1087,0.2581,0.9755,10000,2295,10,1.499,590.9,404.7,gicp_d4_i60,9015.4,0.9755,0.2489,0.108,0.260,0.106
516,1566535986154197362,-72.00,144.00,758,314109,11233,-83.75,137.53,-55.35,0.9753,1,0.1087,0.2581,0.9755,10000,2295,10,1.499,590.9,404.7,ndt_r4_i30,2215.5,0.9756,0.2456,0.453,0.217,0.453
516,1566535986154197362,-72.00,144.00,758,314109,11233,-83.75,137.53,-55.35,0.9753,1,0.1087,0.2581,0.9755,10000,2295,10,1.499,590.9,404.7,ndt_r3_i60,3452.7,0.9756,0.2465,0.449,0.276,0.430
589,1566535993448103142,-120.00,192.00,936,292436,11216,-120.17,184.36,-50.83,0.9796,0,0.1738,0.1839,0.9796,10000,2463,10,1.832,606.2,362.0,icp_d6_i30,5427.3,0.9729,0.2439,0.261,1.267,0.261
589,1566535993448103142,-120.00,192.00,936,292436,11216,-120.17,184.36,-50.83,0.9796,0,0.1738,0.1839,0.9796,10000,2463,10,1.832,606.2,362.0,icp_d4_i60,9269.1,0.9793,0.2465,0.144,0.316,0.144
589,1566535993448103142,-120.00,192.00,936,292436,11216,-120.17,184.36,-50.83,0.9796,0,0.1738,0.1839,0.9796,10000,2463,10,1.832,606.2,362.0,gicp_d6_i30,5275.8,0.9794,0.2462,0.129,0.192,0.129
589,1566535993448103142,-120.00,192.00,936,292436,11216,-120.17,184.36,-50.83,0.9796,0,0.1738,0.1839,0.9796,10000,2463,10,1.832,606.2,362.0,gicp_d4_i60,10405.9,0.9794,0.2464,0.152,0.178,0.152
589,1566535993448103142,-120.00,192.00,936,292436,11216,-120.17,184.36,-50.83,0.9796,0,0.1738,0.1839,0.9796,10000,2463,10,1.832,606.2,362.0,ndt_r4_i30,1952.9,0.9795,0.2448,0.522,0.294,0.522
589,1566535993448103142,-120.00,192.00,936,292436,11216,-120.17,184.36,-50.83,0.9796,0,0.1738,0.1839,0.9796,10000,2463,10,1.832,606.2,362.0,ndt_r3_i60,3546.0,0.9793,0.2442,0.436,0.189,0.436
662,1566536000753276080,-168.00,240.00,1172,352767,11513,-160.86,229.68,-42.68,0.9891,0,0.0983,0.3960,0.9896,10000,2606,10,13.987,771.7,368.3,icp_d6_i30,5629.3,0.6332,0.2484,57.777,74.148,13.819
662,1566536000753276080,-168.00,240.00,1172,352767,11513,-160.86,229.68,-42.68,0.9891,0,0.0983,0.3960,0.9896,10000,2606,10,13.987,771.7,368.3,icp_d4_i60,10059.5,0.7332,0.2561,16.491,40.754,12.999
662,1566536000753276080,-168.00,240.00,1172,352767,11513,-160.86,229.68,-42.68,0.9891,0,0.0983,0.3960,0.9896,10000,2606,10,13.987,771.7,368.3,gicp_d6_i30,5137.3,0.6958,0.2624,37.543,90.273,15.311
662,1566536000753276080,-168.00,240.00,1172,352767,11513,-160.86,229.68,-42.68,0.9891,0,0.0983,0.3960,0.9896,10000,2606,10,13.987,771.7,368.3,gicp_d4_i60,9734.2,0.7121,0.2619,16.210,39.979,11.276
662,1566536000753276080,-168.00,240.00,1172,352767,11513,-160.86,229.68,-42.68,0.9891,0,0.0983,0.3960,0.9896,10000,2606,10,13.987,771.7,368.3,ndt_r4_i30,2048.8,0.7125,0.2656,17.149,41.331,12.579
662,1566536000753276080,-168.00,240.00,1172,352767,11513,-160.86,229.68,-42.68,0.9891,0,0.0983,0.3960,0.9896,10000,2606,10,13.987,771.7,368.3,ndt_r3_i60,3412.7,0.7124,0.2625,18.060,41.854,13.677
735,1566536008046224830,-192.00,264.00,958,326376,12004,-188.30,259.72,-89.70,0.9948,0,0.1347,0.6300,0.9943,10000,2791,10,7.024,592.1,384.0,icp_d6_i30,5475.3,0.8407,0.2466,3.701,4.077,3.701
735,1566536008046224830,-192.00,264.00,958,326376,12004,-188.30,259.72,-89.70,0.9948,0,0.1347,0.6300,0.9943,10000,2791,10,7.024,592.1,384.0,icp_d4_i60,8929.2,0.9876,0.2496,1.110,0.684,1.110
735,1566536008046224830,-192.00,264.00,958,326376,12004,-188.30,259.72,-89.70,0.9948,0,0.1347,0.6300,0.9943,10000,2791,10,7.024,592.1,384.0,gicp_d6_i30,5514.7,0.9943,0.2465,0.084,0.662,0.084
735,1566536008046224830,-192.00,264.00,958,326376,12004,-188.30,259.72,-89.70,0.9948,0,0.1347,0.6300,0.9943,10000,2791,10,7.024,592.1,384.0,gicp_d4_i60,10125.7,0.9943,0.2467,0.151,0.617,0.084
735,1566536008046224830,-192.00,264.00,958,326376,12004,-188.30,259.72,-89.70,0.9948,0,0.1347,0.6300,0.9943,10000,2791,10,7.024,592.1,384.0,ndt_r4_i30,2111.3,0.8356,0.2478,4.370,1.552,4.298
735,1566536008046224830,-192.00,264.00,958,326376,12004,-188.30,259.72,-89.70,0.9948,0,0.1347,0.6300,0.9943,10000,2791,10,7.024,592.1,384.0,ndt_r3_i60,3514.5,0.9791,0.2414,1.302,0.930,1.302
808,1566536015345953842,-144.00,288.00,1349,356654,12024,-152.34,285.97,-146.96,0.9885,0,0.0465,0.1044,0.9885,10000,5545,10,1.832,930.4,441.7,icp_d6_i30,4935.7,0.9883,0.2436,0.638,0.205,0.638
808,1566536015345953842,-144.00,288.00,1349,356654,12024,-152.34,285.97,-146.96,0.9885,0,0.0465,0.1044,0.9885,10000,5545,10,1.832,930.4,441.7,icp_d4_i60,8990.8,0.9887,0.2435,0.303,0.126,0.303
808,1566536015345953842,-144.00,288.00,1349,356654,12024,-152.34,285.97,-146.96,0.9885,0,0.0465,0.1044,0.9885,10000,5545,10,1.832,930.4,441.7,gicp_d6_i30,4951.1,0.9885,0.2476,0.047,0.099,0.047
808,1566536015345953842,-144.00,288.00,1349,356654,12024,-152.34,285.97,-146.96,0.9885,0,0.0465,0.1044,0.9885,10000,5545,10,1.832,930.4,441.7,gicp_d4_i60,9656.9,0.9889,0.2400,0.271,0.404,0.047
808,1566536015345953842,-144.00,288.00,1349,356654,12024,-152.34,285.97,-146.96,0.9885,0,0.0465,0.1044,0.9885,10000,5545,10,1.832,930.4,441.7,ndt_r4_i30,2338.1,0.9891,0.2419,0.518,0.874,0.518
808,1566536015345953842,-144.00,288.00,1349,356654,12024,-152.34,285.97,-146.96,0.9885,0,0.0465,0.1044,0.9885,10000,5545,10,1.832,930.4,441.7,ndt_r3_i60,3447.2,0.9892,0.2438,0.539,0.705,0.539
881,1566536022645760706,-96.00,312.00,1104,321922,12698,-107.76,314.25,-147.43,0.9264,0,0.9256,0.3022,0.9202,10000,3613,10,0.821,608.6,434.2,icp_d6_i30,5501.9,0.9216,0.2490,0.982,0.866,0.473
881,1566536022645760706,-96.00,312.00,1104,321922,12698,-107.76,314.25,-147.43,0.9264,0,0.9256,0.3022,0.9202,10000,3613,10,0.821,608.6,434.2,icp_d4_i60,10136.2,0.9281,0.2486,0.386,0.708,0.386
881,1566536022645760706,-96.00,312.00,1104,321922,12698,-107.76,314.25,-147.43,0.9264,0,0.9256,0.3022,0.9202,10000,3613,10,0.821,608.6,434.2,gicp_d6_i30,5550.0,0.8859,0.2429,1.394,0.618,1.394
881,1566536022645760706,-96.00,312.00,1104,321922,12698,-107.76,314.25,-147.43,0.9264,0,0.9256,0.3022,0.9202,10000,3613,10,0.821,608.6,434.2,gicp_d4_i60,9986.9,0.8941,0.2425,1.266,0.458,1.266
881,1566536022645760706,-96.00,312.00,1104,321922,12698,-107.76,314.25,-147.43,0.9264,0,0.9256,0.3022,0.9202,10000,3613,10,0.821,608.6,434.2,ndt_r4_i30,2151.9,0.9256,0.2485,0.434,0.371,0.434
881,1566536022645760706,-96.00,312.00,1104,321922,12698,-107.76,314.25,-147.43,0.9264,0,0.9256,0.3022,0.9202,10000,3613,10,0.821,608.6,434.2,ndt_r3_i60,3618.1,0.9253,0.2481,0.500,0.291,0.455
954,1566536029953325705,-72.00,336.00,984,308239,10805,-67.86,338.66,-152.09,0.9784,0,0.0990,0.3077,0.9786,10000,3210,10,2.955,578.2,361.5,icp_d6_i30,4857.9,0.9759,0.2442,1.242,1.494,0.799
954,1566536029953325705,-72.00,336.00,984,308239,10805,-67.86,338.66,-152.09,0.9784,0,0.0990,0.3077,0.9786,10000,3210,10,2.955,578.2,361.5,icp_d4_i60,8495.9,0.9793,0.2470,0.831,0.928,0.168
954,1566536029953325705,-72.00,336.00,984,308239,10805,-67.86,338.66,-152.09,0.9784,0,0.0990,0.3077,0.9786,10000,3210,10,2.955,578.2,361.5,gicp_d6_i30,5026.5,0.9787,0.2467,0.111,0.371,0.111
954,1566536029953325705,-72.00,336.00,984,308239,10805,-67.86,338.66,-152.09,0.9784,0,0.0990,0.3077,0.9786,10000,3210,10,2.955,578.2,361.5,gicp_d4_i60,9167.6,0.9786,0.2470,0.102,0.323,0.102
954,1566536029953325705,-72.00,336.00,984,308239,10805,-67.86,338.66,-152.09,0.9784,0,0.0990,0.3077,0.9786,10000,3210,10,2.955,578.2,361.5,ndt_r4_i30,2108.8,0.9789,0.2461,0.894,1.084,0.493
954,1566536029953325705,-72.00,336.00,984,308239,10805,-67.86,338.66,-152.09,0.9784,0,0.0990,0.3077,0.9786,10000,3210,10,2.955,578.2,361.5,ndt_r3_i60,3177.7,0.9790,0.2463,0.357,0.520,0.357
1027,1566536037247571899,-24.00,312.00,918,262121,10204,-25.76,323.82,137.57,0.9579,1,0.2117,0.3504,0.9578,10000,1719,10,2.343,511.7,331.2,icp_d6_i30,4371.8,0.9583,0.2423,0.961,0.556,0.748
1027,1566536037247571899,-24.00,312.00,918,262121,10204,-25.76,323.82,137.57,0.9579,1,0.2117,0.3504,0.9578,10000,1719,10,2.343,511.7,331.2,icp_d4_i60,7225.8,0.9589,0.2424,0.319,0.378,0.319
1027,1566536037247571899,-24.00,312.00,918,262121,10204,-25.76,323.82,137.57,0.9579,1,0.2117,0.3504,0.9578,10000,1719,10,2.343,511.7,331.2,gicp_d6_i30,5293.2,0.9578,0.2414,0.181,0.341,0.181
1027,1566536037247571899,-24.00,312.00,918,262121,10204,-25.76,323.82,137.57,0.9579,1,0.2117,0.3504,0.9578,10000,1719,10,2.343,511.7,331.2,gicp_d4_i60,7960.0,0.9578,0.2418,0.213,0.352,0.213
1027,1566536037247571899,-24.00,312.00,918,262121,10204,-25.76,323.82,137.57,0.9579,1,0.2117,0.3504,0.9578,10000,1719,10,2.343,511.7,331.2,ndt_r4_i30,2325.3,0.9586,0.2428,0.432,0.452,0.393
1027,1566536037247571899,-24.00,312.00,918,262121,10204,-25.76,323.82,137.57,0.9579,1,0.2117,0.3504,0.9578,10000,1719,10,2.343,511.7,331.2,ndt_r3_i60,3414.3,0.9586,0.2404,0.279,0.534,0.279
1100,1566536044548126397,24.00,288.00,582,211151,10131,25.65,280.95,146.14,0.9859,1,0.1571,0.2143,0.9864,10000,1236,10,0.312,355.3,293.4,icp_d6_i30,3821.2,0.9876,0.2473,0.284,0.280,0.129
1100,1566536044548126397,24.00,288.00,582,211151,10131,25.65,280.95,146.14,0.9859,1,0.1571,0.2143,0.9864,10000,1236,10,0.312,355.3,293.4,icp_d4_i60,5680.6,0.9876,0.2474,0.267,0.278,0.138
1100,1566536044548126397,24.00,288.00,582,211151,10131,25.65,280.95,146.14,0.9859,1,0.1571,0.2143,0.9864,10000,1236,10,0.312,355.3,293.4,gicp_d6_i30,3092.7,0.9864,0.2481,0.158,0.210,0.158
1100,1566536044548126397,24.00,288.00,582,211151,10131,25.65,280.95,146.14,0.9859,1,0.1571,0.2143,0.9864,10000,1236,10,0.312,355.3,293.4,gicp_d4_i60,2897.2,0.9864,0.2481,0.158,0.215,0.158
1100,1566536044548126397,24.00,288.00,582,211151,10131,25.65,280.95,146.14,0.9859,1,0.1571,0.2143,0.9864,10000,1236,10,0.312,355.3,293.4,ndt_r4_i30,2297.9,0.9865,0.2434,0.456,0.807,0.044
1100,1566536044548126397,24.00,288.00,582,211151,10131,25.65,280.95,146.14,0.9859,1,0.1571,0.2143,0.9864,10000,1236,10,0.312,355.3,293.4,ndt_r3_i60,2694.1,0.9859,0.2467,0.091,0.145,0.042
1173,1566536051851512454,72.00,264.00,696,273520,11346,75.28,258.12,163.06,0.9730,1,0.2416,0.6756,0.9750,10000,3999,10,0.876,517.4,358.3,icp_d6_i30,5307.7,0.9751,0.2487,0.202,0.774,0.202
1173,1566536051851512454,72.00,264.00,696,273520,11346,75.28,258.12,163.06,0.9730,1,0.2416,0.6756,0.9750,10000,3999,10,0.876,517.4,358.3,icp_d4_i60,10377.0,0.9751,0.2485,0.213,0.759,0.193
1173,1566536051851512454,72.00,264.00,696,273520,11346,75.28,258.12,163.06,0.9730,1,0.2416,0.6756,0.9750,10000,3999,10,0.876,517.4,358.3,gicp_d6_i30,4977.0,0.9751,0.2474,0.241,0.678,0.241
1173,1566536051851512454,72.00,264.00,696,273520,11346,75.28,258.12,163.06,0.9730,1,0.2416,0.6756,0.9750,10000,3999,10,0.876,517.4,358.3,gicp_d4_i60,7417.2,0.9751,0.2474,0.242,0.676,0.242
1173,1566536051851512454,72.00,264.00,696,273520,11346,75.28,258.12,163.06,0.9730,1,0.2416,0.6756,0.9750,10000,3999,10,0.876,517.4,358.3,ndt_r4_i30,2007.0,0.9749,0.2461,0.138,0.595,0.138
1173,1566536051851512454,72.00,264.00,696,273520,11346,75.28,258.12,163.06,0.9730,1,0.2416,0.6756,0.9750,10000,3999,10,0.876,517.4,358.3,ndt_r3_i60,3225.7,0.9748,0.2467,0.213,0.650,0.213
1246,1566536059146865601,120.00,240.00,667,302018,13848,125.34,250.81,178.77,0.8804,1,1.1645,1.9184,0.9467,10000,2691,10,2.194,725.9,458.7,icp_d6_i30,5913.5,0.9513,0.2424,1.359,1.651,1.359
1246,1566536059146865601,120.00,240.00,667,302018,13848,125.34,250.81,178.77,0.8804,1,1.1645,1.9184,0.9467,10000,2691,10,2.194,725.9,458.7,icp_d4_i60,9806.2,0.9510,0.2416,1.450,1.398,1.420
1246,1566536059146865601,120.00,240.00,667,302018,13848,125.34,250.81,178.77,0.8804,1,1.1645,1.9184,0.9467,10000,2691,10,2.194,725.9,458.7,gicp_d6_i30,5328.6,0.9509,0.2435,1.407,1.431,1.248
1246,1566536059146865601,120.00,240.00,667,302018,13848,125.34,250.81,178.77,0.8804,1,1.1645,1.9184,0.9467,10000,2691,10,2.194,725.9,458.7,gicp_d4_i60,9701.9,0.9508,0.2435,1.401,1.448,1.196
1246,1566536059146865601,120.00,240.00,667,302018,13848,125.34,250.81,178.77,0.8804,1,1.1645,1.9184,0.9467,10000,2691,10,2.194,725.9,458.7,ndt_r4_i30,2445.4,0.9507,0.2460,1.249,1.351,1.238
1246,1566536059146865601,120.00,240.00,667,302018,13848,125.34,250.81,178.77,0.8804,1,1.1645,1.9184,0.9467,10000,2691,10,2.194,725.9,458.7,ndt_r3_i60,3592.7,0.9500,0.2441,1.327,1.315,1.001
1319,1566536066447122403,192.00,264.00,329,188020,14809,194.16,256.76,-166.90,0.7994,0,2.0232,0.7532,0.9949,10000,727,10,1.061,507.4,445.5,icp_d6_i30,5625.3,0.9950,0.2466,2.058,0.825,1.683
1319,1566536066447122403,192.00,264.00,329,188020,14809,194.16,256.76,-166.90,0.7994,0,2.0232,0.7532,0.9949,10000,727,10,1.061,507.4,445.5,icp_d4_i60,8279.9,0.9950,0.2456,2.040,0.727,1.065
1319,1566536066447122403,192.00,264.00,329,188020,14809,194.16,256.76,-166.90,0.7994,0,2.0232,0.7532,0.9949,10000,727,10,1.061,507.4,445.5,gicp_d6_i30,3871.8,0.9949,0.2463,2.019,0.747,2.018
1319,1566536066447122403,192.00,264.00,329,188020,14809,194.16,256.76,-166.90,0.7994,0,2.0232,0.7532,0.9949,10000,727,10,1.061,507.4,445.5,gicp_d4_i60,4987.0,0.9949,0.2463,2.018,0.743,2.018
1319,1566536066447122403,192.00,264.00,329,188020,14809,194.16,256.76,-166.90,0.7994,0,2.0232,0.7532,0.9949,10000,727,10,1.061,507.4,445.5,ndt_r4_i30,2295.0,0.9949,0.2472,2.019,0.795,0.994
1319,1566536066447122403,192.00,264.00,329,188020,14809,194.16,256.76,-166.90,0.7994,0,2.0232,0.7532,0.9949,10000,727,10,1.061,507.4,445.5,ndt_r3_i60,3265.1,0.9951,0.2464,2.057,0.790,1.029
1392,1566536073745553974,264.00,288.00,374,146698,10059,262.05,286.96,-154.19,0.9760,1,0.6077,0.7605,0.9842,10000,2593,10,1.040,297.1,294.6,icp_d6_i30,3747.1,0.9846,0.2495,0.573,0.737,0.356
1392,1566536073745553974,264.00,288.00,374,146698,10059,262.05,286.96,-154.19,0.9760,1,0.6077,0.7605,0.9842,10000,2593,10,1.040,297.1,294.6,icp_d4_i60,5530.3,0.9847,0.2490,0.561,0.850,0.561
1392,1566536073745553974,264.00,288.00,374,146698,10059,262.05,286.96,-154.19,0.9760,1,0.6077,0.7605,0.9842,10000,2593,10,1.040,297.1,294.6,gicp_d6_i30,3475.5,0.9842,0.2523,0.608,0.760,0.608
1392,1566536073745553974,264.00,288.00,374,146698,10059,262.05,286.96,-154.19,0.9760,1,0.6077,0.7605,0.9842,10000,2593,10,1.040,297.1,294.6,gicp_d4_i60,3799.0,0.9842,0.2523,0.608,0.761,0.608
1392,1566536073745553974,264.00,288.00,374,146698,10059,262.05,286.96,-154.19,0.9760,1,0.6077,0.7605,0.9842,10000,2593,10,1.040,297.1,294.6,ndt_r4_i30,2046.1,0.9840,0.2535,0.633,0.541,0.627
1392,1566536073745553974,264.00,288.00,374,146698,10059,262.05,286.96,-154.19,0.9760,1,0.6077,0.7605,0.9842,10000,2593,10,1.040,297.1,294.6,ndt_r3_i60,2805.9,0.9839,0.2536,0.658,0.651,0.658
1465,1566536081049606321,312.00,288.00,350,158664,11114,307.15,282.23,129.23,0.9873,1,0.6249,0.7910,0.9950,10000,1891,10,1.377,358.8,305.6,icp_d6_i30,4600.2,0.9950,0.2516,0.595,0.828,0.426
1465,1566536081049606321,312.00,288.00,350,158664,11114,307.15,282.23,129.23,0.9873,1,0.6249,0.7910,0.9950,10000,1891,10,1.377,358.8,305.6,icp_d4_i60,8021.4,0.9950,0.2507,0.548,0.812,0.520
1465,1566536081049606321,312.00,288.00,350,158664,11114,307.15,282.23,129.23,0.9873,1,0.6249,0.7910,0.9950,10000,1891,10,1.377,358.8,305.6,gicp_d6_i30,4263.4,0.9950,0.2521,0.624,0.790,0.624
1465,1566536081049606321,312.00,288.00,350,158664,11114,307.15,282.23,129.23,0.9873,1,0.6249,0.7910,0.9950,10000,1891,10,1.377,358.8,305.6,gicp_d4_i60,4789.1,0.9950,0.2521,0.624,0.791,0.623
1465,1566536081049606321,312.00,288.00,350,158664,11114,307.15,282.23,129.23,0.9873,1,0.6249,0.7910,0.9950,10000,1891,10,1.377,358.8,305.6,ndt_r4_i30,1850.1,0.9948,0.2513,0.673,0.508,0.596
1465,1566536081049606321,312.00,288.00,350,158664,11114,307.15,282.23,129.23,0.9873,1,0.6249,0.7910,0.9950,10000,1891,10,1.377,358.8,305.6,ndt_r3_i60,3221.1,0.9951,0.2522,0.640,0.580,0.598
1538,1566536088345101704,336.00,240.00,383,178154,9311,337.62,236.57,122.36,0.9367,1,0.9922,0.2273,0.9665,10000,4149,10,1.667,381.0,294.1,icp_d6_i30,3443.6,0.9661,0.2477,0.973,0.268,0.278
1538,1566536088345101704,336.00,240.00,383,178154,9311,337.62,236.57,122.36,0.9367,1,0.9922,0.2273,0.9665,10000,4149,10,1.667,381.0,294.1,icp_d4_i60,5782.0,0.9662,0.2495,1.104,0.076,0.666
1538,1566536088345101704,336.00,240.00,383,178154,9311,337.62,236.57,122.36,0.9367,1,0.9922,0.2273,0.9665,10000,4149,10,1.667,381.0,294.1,gicp_d6_i30,3453.4,0.9665,0.2502,0.992,0.228,0.990
1538,1566536088345101704,336.00,240.00,383,178154,9311,337.62,236.57,122.36,0.9367,1,0.9922,0.2273,0.9665,10000,4149,10,1.667,381.0,294.1,gicp_d4_i60,3944.1,0.9665,0.2502,0.992,0.228,0.990
1538,1566536088345101704,336.00,240.00,383,178154,9311,337.62,236.57,122.36,0.9367,1,0.9922,0.2273,0.9665,10000,4149,10,1.667,381.0,294.1,ndt_r4_i30,1814.9,0.9660,0.2501,0.995,0.321,0.396
1538,1566536088345101704,336.00,240.00,383,178154,9311,337.62,236.57,122.36,0.9367,1,0.9922,0.2273,0.9665,10000,4149,10,1.667,381.0,294.1,ndt_r3_i60,3093.2,0.9667,0.2514,0.835,0.224,0.835
1611,1566536095644964355,360.00,192.00,418,212491,8630,369.62,185.75,122.54,0.9761,1,0.7621,0.4141,0.9815,10000,3085,10,5.058,451.0,283.6,icp_d6_i30,3745.3,0.9663,0.2476,1.695,0.632,1.695
1611,1566536095644964355,360.00,192.00,418,212491,8630,369.62,185.75,122.54,0.9761,1,0.7621,0.4141,0.9815,10000,3085,10,5.058,451.0,283.6,icp_d4_i60,6323.9,0.9813,0.2466,0.826,0.468,0.826
1611,1566536095644964355,360.00,192.00,418,212491,8630,369.62,185.75,122.54,0.9761,1,0.7621,0.4141,0.9815,10000,3085,10,5.058,451.0,283.6,gicp_d6_i30,4994.0,0.9816,0.2452,0.805,0.340,0.805
1611,1566536095644964355,360.00,192.00,418,212491,8630,369.62,185.75,122.54,0.9761,1,0.7621,0.4141,0.9815,10000,3085,10,5.058,451.0,283.6,gicp_d4_i60,8442.9,0.9815,0.2453,0.779,0.388,0.779
1611,1566536095644964355,360.00,192.00,418,212491,8630,369.62,185.75,122.54,0.9761,1,0.7621,0.4141,0.9815,10000,3085,10,5.058,451.0,283.6,ndt_r4_i30,2057.9,0.9284,0.2465,1.961,0.884,1.961
1611,1566536095644964355,360.00,192.00,418,212491,8630,369.62,185.75,122.54,0.9761,1,0.7621,0.4141,0.9815,10000,3085,10,5.058,451.0,283.6,ndt_r3_i60,3056.3,0.9816,0.2467,0.720,0.487,0.720
1684,1566536102952865725,408.00,168.00,411,210806,10699,400.15,162.44,-160.68,0.9865,1,0.6837,0.4354,0.9939,10000,5247,10,1.013,497.5,345.2,icp_d6_i30,3993.9,0.9827,0.2462,0.989,1.504,0.678
1684,1566536102952865725,408.00,168.00,411,210806,10699,400.15,162.44,-160.68,0.9865,1,0.6837,0.4354,0.9939,10000,5247,10,1.013,497.5,345.2,icp_d4_i60,7442.0,0.9941,0.2444,0.704,0.196,0.704
1684,1566536102952865725,408.00,168.00,411,210806,10699,400.15,162.44,-160.68,0.9865,1,0.6837,0.4354,0.9939,10000,5247,10,1.013,497.5,345.2,gicp_d6_i30,4723.9,0.9940,0.2440,1.367,0.562,0.680
1684,1566536102952865725,408.00,168.00,411,210806,10699,400.15,162.44,-160.68,0.9865,1,0.6837,0.4354,0.9939,10000,5247,10,1.013,497.5,345.2,gicp_d4_i60,8596.0,0.9940,0.2440,1.368,0.552,0.684
1684,1566536102952865725,408.00,168.00,411,210806,10699,400.15,162.44,-160.68,0.9865,1,0.6837,0.4354,0.9939,10000,5247,10,1.013,497.5,345.2,ndt_r4_i30,2332.0,0.9938,0.2445,1.082,0.382,0.620
1684,1566536102952865725,408.00,168.00,411,210806,10699,400.15,162.44,-160.68,0.9865,1,0.6837,0.4354,0.9939,10000,5247,10,1.013,497.5,345.2,ndt_r3_i60,3363.7,0.9942,0.2513,1.078,0.482,1.024
1757,1566536110248473293,432.00,168.00,389,202322,9627,427.87,179.82,-144.43,0.9816,1,0.6342,0.1902,0.9805,10000,5591,10,3.715,480.2,304.0,icp_d6_i30,3559.8,0.9771,0.2484,0.912,0.901,0.912
1757,1566536110248473293,432.00,168.00,389,202322,9627,427.87,179.82,-144.43,0.9816,1,0.6342,0.1902,0.9805,10000,5591,10,3.715,480.2,304.0,icp_d4_i60,6548.5,0.9808,0.2475,0.587,0.122,0.587
1757,1566536110248473293,432.00,168.00,389,202322,9627,427.87,179.82,-144.43,0.9816,1,0.6342,0.1902,0.9805,10000,5591,10,3.715,480.2,304.0,gicp_d6_i30,5010.6,0.9805,0.2485,0.592,0.188,0.592
1757,1566536110248473293,432.00,168.00,389,202322,9627,427.87,179.82,-144.43,0.9816,1,0.6342,0.1902,0.9805,10000,5591,10,3.715,480.2,304.0,gicp_d4_i60,9951.8,0.9805,0.2485,0.611,0.194,0.611
1757,1566536110248473293,432.00,168.00,389,202322,9627,427.87,179.82,-144.43,0.9816,1,0.6342,0.1902,0.9805,10000,5591,10,3.715,480.2,304.0,ndt_r4_i30,2069.8,0.9782,0.2487,0.997,0.413,0.997
1757,1566536110248473293,432.00,168.00,389,202322,9627,427.87,179.82,-144.43,0.9816,1,0.6342,0.1902,0.9805,10000,5591,10,3.715,480.2,304.0,ndt_r3_i60,2526.6,0.9800,0.2482,0.673,0.442,0.673
1830,1566536117544168777,456.00,192.00,283,167550,12207,462.40,201.80,-148.72,0.9602,1,0.4215,0.2302,0.9606,10000,4040,10,0.810,437.5,352.8,icp_d6_i30,4958.0,0.9608,0.2494,0.242,0.324,0.229
1830,1566536117544168777,456.00,192.00,283,167550,12207,462.40,201.80,-148.72,0.9602,1,0.4215,0.2302,0.9606,10000,4040,10,0.810,437.5,352.8,icp_d4_i60,8841.5,0.9608,0.2534,0.379,0.027,0.374
1830,1566536117544168777,456.00,192.00,283,167550,12207,462.40,201.80,-148.72,0.9602,1,0.4215,0.2302,0.9606,10000,4040,10,0.810,437.5,352.8,gicp_d6_i30,4827.6,0.9606,0.2559,0.416,0.205,0.416
1830,1566536117544168777,456.00,192.00,283,167550,12207,462.40,201.80,-148.72,0.9602,1,0.4215,0.2302,0.9606,10000,4040,10,0.810,437.5,352.8,gicp_d4_i60,8912.6,0.9606,0.2559,0.423,0.209,0.423
1830,1566536117544168777,456.00,192.00,283,167550,12207,462.40,201.80,-148.72,0.9602,1,0.4215,0.2302,0.9606,10000,4040,10,0.810,437.5,352.8,ndt_r4_i30,2136.7,0.9603,0.2560,0.499,0.198,0.499
1830,1566536117544168777,456.00,192.00,283,167550,12207,462.40,201.80,-148.72,0.9602,1,0.4215,0.2302,0.9606,10000,4040,10,0.810,437.5,352.8,ndt_r3_i60,2669.6,0.9600,0.2559,0.475,0.208,0.475
1903,1566536124844530056,504.00,240.00,197,175430,12208,515.87,235.72,-147.75,0.9839,1,0.2164,0.2147,0.9830,10000,1557,10,1.006,373.3,353.3,icp_d6_i30,5054.0,0.9833,0.2401,0.159,0.121,0.075
1903,1566536124844530056,504.00,240.00,197,175430,12208,515.87,235.72,-147.75,0.9839,1,0.2164,0.2147,0.9830,10000,1557,10,1.006,373.3,353.3,icp_d4_i60,8556.6,0.9835,0.2402,0.175,0.065,0.113
1903,1566536124844530056,504.00,240.00,197,175430,12208,515.87,235.72,-147.75,0.9839,1,0.2164,0.2147,0.9830,10000,1557,10,1.006,373.3,353.3,gicp_d6_i30,2674.4,0.9830,0.2405,0.213,0.218,0.213
1903,1566536124844530056,504.00,240.00,197,175430,12208,515.87,235.72,-147.75,0.9839,1,0.2164,0.2147,0.9830,10000,1557,10,1.006,373.3,353.3,gicp_d4_i60,4328.0,0.9830,0.2405,0.214,0.216,0.214
1903,1566536124844530056,504.00,240.00,197,175430,12208,515.87,235.72,-147.75,0.9839,1,0.2164,0.2147,0.9830,10000,1557,10,1.006,373.3,353.3,ndt_r4_i30,1760.4,0.9822,0.2415,0.294,0.349,0.294
1903,1566536124844530056,504.00,240.00,197,175430,12208,515.87,235.72,-147.75,0.9839,1,0.2164,0.2147,0.9830,10000,1557,10,1.006,373.3,353.3,ndt_r3_i60,3418.1,0.9827,0.2416,0.249,0.354,0.205
1976,1566536132144940710,552.00,240.00,199,208296,9897,558.23,238.78,142.48,0.9864,1,0.3447,0.6933,0.9922,10000,5782,10,0.566,465.7,345.2,icp_d6_i30,3856.7,0.9919,0.2539,0.307,0.455,0.225
1976,1566536132144940710,552.00,240.00,199,208296,9897,558.23,238.78,142.48,0.9864,1,0.3447,0.6933,0.9922,10000,5782,10,0.566,465.7,345.2,icp_d4_i60,6204.4,0.9918,0.2544,0.263,0.453,0.226
1976,1566536132144940710,552.00,240.00,199,208296,9897,558.23,238.78,142.48,0.9864,1,0.3447,0.6933,0.9922,10000,5782,10,0.566,465.7,345.2,gicp_d6_i30,5295.6,0.9922,0.2539,0.346,0.730,0.344
1976,1566536132144940710,552.00,240.00,199,208296,9897,558.23,238.78,142.48,0.9864,1,0.3447,0.6933,0.9922,10000,5782,10,0.566,465.7,345.2,gicp_d4_i60,5831.5,0.9922,0.2540,0.344,0.715,0.343
1976,1566536132144940710,552.00,240.00,199,208296,9897,558.23,238.78,142.48,0.9864,1,0.3447,0.6933,0.9922,10000,5782,10,0.566,465.7,345.2,ndt_r4_i30,2230.4,0.9908,0.2492,0.422,0.711,0.422
1976,1566536132144940710,552.00,240.00,199,208296,9897,558.23,238.78,142.48,0.9864,1,0.3447,0.6933,0.9922,10000,5782,10,0.566,465.7,345.2,ndt_r3_i60,3117.9,0.9915,0.2533,0.285,0.609,0.276
2049,1566536139444535963,600.00,192.00,175,170683,10030,607.87,197.76,141.57,0.9739,1,0.6706,0.2484,0.9816,10000,5776,10,0.945,469.1,330.2,icp_d6_i30,3761.9,0.9814,0.2446,0.748,0.386,0.637
2049,1566536139444535963,600.00,192.00,175,170683,10030,607.87,197.76,141.57,0.9739,1,0.6706,0.2484,0.9816,10000,5776,10,0.945,469.1,330.2,icp_d4_i60,6568.7,0.9818,0.2445,0.835,0.441,0.644
2049,1566536139444535963,600.00,192.00,175,170683,10030,607.87,197.76,141.57,0.9739,1,0.6706,0.2484,0.9816,10000,5776,10,0.945,469.1,330.2,gicp_d6_i30,4590.0,0.9816,0.2443,0.671,0.246,0.671
2049,1566536139444535963,600.00,192.00,175,170683,10030,607.87,197.76,141.57,0.9739,1,0.6706,0.2484,0.9816,10000,5776,10,0.945,469.1,330.2,gicp_d4_i60,7544.1,0.9816,0.2443,0.671,0.246,0.671
2049,1566536139444535963,600.00,192.00,175,170683,10030,607.87,197.76,141.57,0.9739,1,0.6706,0.2484,0.9816,10000,5776,10,0.945,469.1,330.2,ndt_r4_i30,1910.3,0.9818,0.2453,0.824,0.615,0.824
2049,1566536139444535963,600.00,192.00,175,170683,10030,607.87,197.76,141.57,0.9739,1,0.6706,0.2484,0.9816,10000,5776,10,0.945,469.1,330.2,ndt_r3_i60,3023.0,0.9823,0.2450,0.701,0.373,0.636
2122,1566536146743747960,648.00,144.00,175,136789,6344,654.50,145.21,122.80,0.9357,1,1.1382,0.3105,0.9830,10000,2871,10,1.197,197.5,204.1,icp_d6_i30,2368.2,0.9838,0.2517,1.024,0.213,0.676
2122,1566536146743747960,648.00,144.00,175,136789,6344,654.50,145.21,122.80,0.9357,1,1.1382,0.3105,0.9830,10000,2871,10,1.197,197.5,204.1,icp_d4_i60,3652.9,0.9834,0.2516,1.043,0.207,0.642
2122,1566536146743747960,648.00,144.00,175,136789,6344,654.50,145.21,122.80,0.9357,1,1.1382,0.3105,0.9830,10000,2871,10,1.197,197.5,204.1,gicp_d6_i30,2174.6,0.9828,0.2506,1.135,0.302,1.135
2122,1566536146743747960,648.00,144.00,175,136789,6344,654.50,145.21,122.80,0.9357,1,1.1382,0.3105,0.9830,10000,2871,10,1.197,197.5,204.1,gicp_d4_i60,4069.0,0.9828,0.2506,1.135,0.302,1.135
2122,1566536146743747960,648.00,144.00,175,136789,6344,654.50,145.21,122.80,0.9357,1,1.1382,0.3105,0.9830,10000,2871,10,1.197,197.5,204.1,ndt_r4_i30,1594.0,0.9834,0.2538,1.124,0.285,0.468
2122,1566536146743747960,648.00,144.00,175,136789,6344,654.50,145.21,122.80,0.9357,1,1.1382,0.3105,0.9830,10000,2871,10,1.197,197.5,204.1,ndt_r3_i60,2779.2,0.9834,0.2538,1.120,0.340,0.450
2195,1566536154043976865,672.00,96.00,182,111710,7324,672.10,86.64,83.20,0.8609,1,1.5352,0.1392,0.9925,10000,4664,10,0.389,175.4,221.0,icp_d6_i30,2635.4,0.9928,0.2463,1.519,0.104,0.758
2195,1566536154043976865,672.00,96.00,182,111710,7324,672.10,86.64,83.20,0.8609,1,1.5352,0.1392,0.9925,10000,4664,10,0.389,175.4,221.0,icp_d4_i60,3948.0,0.9928,0.2465,1.514,0.132,1.245
2195,1566536154043976865,672.00,96.00,182,111710,7324,672.10,86.64,83.20,0.8609,1,1.5352,0.1392,0.9925,10000,4664,10,0.389,175.4,221.0,gicp_d6_i30,2687.8,0.9925,0.2441,1.535,0.132,1.535
2195,1566536154043976865,672.00,96.00,182,111710,7324,672.10,86.64,83.20,0.8609,1,1.5352,0.1392,0.9925,10000,4664,10,0.389,175.4,221.0,gicp_d4_i60,6524.9,0.9925,0.2441,1.535,0.142,1.535
2195,1566536154043976865,672.00,96.00,182,111710,7324,672.10,86.64,83.20,0.8609,1,1.5352,0.1392,0.9925,10000,4664,10,0.389,175.4,221.0,ndt_r4_i30,1508.9,0.9928,0.2425,1.572,0.118,1.565
2195,1566536154043976865,672.00,96.00,182,111710,7324,672.10,86.64,83.20,0.8609,1,1.5352,0.1392,0.9925,10000,4664,10,0.389,175.4,221.0,ndt_r3_i60,2354.2,0.9928,0.2427,1.554,0.134,1.545
2268,1566536161345107335,648.00,48.00,206,136505,10543,647.59,39.78,46.38,0.8978,1,1.4828,0.5546,0.9685,10000,4081,10,1.016,340.4,320.6,icp_d6_i30,4276.9,0.8219,0.2415,11.786,8.396,0.589
2268,1566536161345107335,648.00,48.00,206,136505,10543,647.59,39.78,46.38,0.8978,1,1.4828,0.5546,0.9685,10000,4081,10,1.016,340.4,320.6,icp_d4_i60,7747.6,0.8237,0.2446,11.553,8.131,1.338
2268,1566536161345107335,648.00,48.00,206,136505,10543,647.59,39.78,46.38,0.8978,1,1.4828,0.5546,0.9685,10000,4081,10,1.016,340.4,320.6,gicp_d6_i30,4442.3,0.9675,0.2488,1.318,0.197,1.318
2268,1566536161345107335,648.00,48.00,206,136505,10543,647.59,39.78,46.38,0.8978,1,1.4828,0.5546,0.9685,10000,4081,10,1.016,340.4,320.6,gicp_d4_i60,8616.8,0.9685,0.2473,1.482,0.552,1.482
2268,1566536161345107335,648.00,48.00,206,136505,10543,647.59,39.78,46.38,0.8978,1,1.4828,0.5546,0.9685,10000,4081,10,1.016,340.4,320.6,ndt_r4_i30,1973.9,0.8255,0.2545,12.591,4.106,2.104
2268,1566536161345107335,648.00,48.00,206,136505,10543,647.59,39.78,46.38,0.8978,1,1.4828,0.5546,0.9685,10000,4081,10,1.016,340.4,320.6,ndt_r3_i60,3484.9,0.9680,0.2478,1.727,0.649,1.727
2341,1566536168646088078,600.00,24.00,214,142679,8878,607.80,16.52,16.47,0.9543,1,1.0619,0.6534,0.9876,10000,3415,10,2.043,282.7,241.6,icp_d6_i30,3787.7,0.9877,0.2555,1.145,0.900,0.599
2341,1566536168646088078,600.00,24.00,214,142679,8878,607.80,16.52,16.47,0.9543,1,1.0619,0.6534,0.9876,10000,3415,10,2.043,282.7,241.6,icp_d4_i60,7063.8,0.9875,0.2555,1.099,0.764,0.768
2341,1566536168646088078,600.00,24.00,214,142679,8878,607.80,16.52,16.47,0.9543,1,1.0619,0.6534,0.9876,10000,3415,10,2.043,282.7,241.6,gicp_d6_i30,4369.5,0.9876,0.2557,1.061,0.654,1.061
2341,1566536168646088078,600.00,24.00,214,142679,8878,607.80,16.52,16.47,0.9543,1,1.0619,0.6534,0.9876,10000,3415,10,2.043,282.7,241.6,gicp_d4_i60,6815.2,0.9876,0.2557,1.062,0.652,1.062
2341,1566536168646088078,600.00,24.00,214,142679,8878,607.80,16.52,16.47,0.9543,1,1.0619,0.6534,0.9876,10000,3415,10,2.043,282.7,241.6,ndt_r4_i30,2248.6,0.9439,0.2561,0.332,1.889,0.332
2341,1566536168646088078,600.00,24.00,214,142679,8878,607.80,16.52,16.47,0.9543,1,1.0619,0.6534,0.9876,10000,3415,10,2.043,282.7,241.6,ndt_r3_i60,3796.6,0.9872,0.2579,1.062,0.521,0.415
2414,1566536175949591826,552.00,24.00,354,179151,7234,559.23,24.33,-25.42,0.9513,1,0.6550,0.2372,0.9540,10000,3409,10,1.188,249.9,217.9,icp_d6_i30,2975.3,0.9506,0.2360,1.152,1.313,0.628
2414,1566536175949591826,552.00,24.00,354,179151,7234,559.23,24.33,-25.42,0.9513,1,0.6550,0.2372,0.9540,10000,3409,10,1.188,249.9,217.9,icp_d4_i60,5598.1,0.9552,0.2364,0.713,0.610,0.694
2414,1566536175949591826,552.00,24.00,354,179151,7234,559.23,24.33,-25.42,0.9513,1,0.6550,0.2372,0.9540,10000,3409,10,1.188,249.9,217.9,gicp_d6_i30,5075.3,0.9536,0.2383,0.673,0.434,0.673
2414,1566536175949591826,552.00,24.00,354,179151,7234,559.23,24.33,-25.42,0.9513,1,0.6550,0.2372,0.9540,10000,3409,10,1.188,249.9,217.9,gicp_d4_i60,7302.0,0.9536,0.2380,0.661,0.326,0.661
2414,1566536175949591826,552.00,24.00,354,179151,7234,559.23,24.33,-25.42,0.9513,1,0.6550,0.2372,0.9540,10000,3409,10,1.188,249.9,217.9,ndt_r4_i30,2033.7,0.9549,0.2400,0.907,0.554,0.907
2414,1566536175949591826,552.00,24.00,354,179151,7234,559.23,24.33,-25.42,0.9513,1,0.6550,0.2372,0.9540,10000,3409,10,1.188,249.9,217.9,ndt_r3_i60,2615.3,0.9551,0.2386,0.784,0.674,0.514
2487,1566536183242459408,528.00,72.00,366,125887,8611,528.65,62.41,-46.46,0.9224,1,0.4850,0.7736,0.9206,10000,2204,10,2.040,217.6,226.1,icp_d6_i30,3697.0,0.9224,0.2594,0.508,0.828,0.508
2487,1566536183242459408,528.00,72.00,366,125887,8611,528.65,62.41,-46.46,0.9224,1,0.4850,0.7736,0.9206,10000,2204,10,2.040,217.6,226.1,icp_d4_i60,6323.5,0.9225,0.2613,0.695,0.704,0.466
2487,1566536183242459408,528.00,72.00,366,125887,8611,528.65,62.41,-46.46,0.9224,1,0.4850,0.7736,0.9206,10000,2204,10,2.040,217.6,226.1,gicp_d6_i30,4663.1,0.9211,0.2710,0.486,0.753,0.481
2487,1566536183242459408,528.00,72.00,366,125887,8611,528.65,62.41,-46.46,0.9224,1,0.4850,0.7736,0.9206,10000,2204,10,2.040,217.6,226.1,gicp_d4_i60,6858.2,0.9207,0.2709,0.484,0.778,0.484
2487,1566536183242459408,528.00,72.00,366,125887,8611,528.65,62.41,-46.46,0.9224,1,0.4850,0.7736,0.9206,10000,2204,10,2.040,217.6,226.1,ndt_r4_i30,2126.7,0.9188,0.2718,0.550,0.594,0.506
2487,1566536183242459408,528.00,72.00,366,125887,8611,528.65,62.41,-46.46,0.9224,1,0.4850,0.7736,0.9206,10000,2204,10,2.040,217.6,226.1,ndt_r3_i60,3101.3,0.9178,0.2722,0.519,0.543,0.517
2560,1566536190548038879,480.00,48.00,469,181431,7663,489.06,50.56,33.35,0.8833,1,1.1086,1.7023,0.8873,10000,700,10,2.792,223.7,216.7,icp_d6_i30,3873.7,0.8437,0.2388,1.956,2.402,1.956
2560,1566536190548038879,480.00,48.00,469,181431,7663,489.06,50.56,33.35,0.8833,1,1.1086,1.7023,0.8873,10000,700,10,2.792,223.7,216.7,icp_d4_i60,6684.0,0.8892,0.2499,1.031,1.383,1.031
2560,1566536190548038879,480.00,48.00,469,181431,7663,489.06,50.56,33.35,0.8833,1,1.1086,1.7023,0.8873,10000,700,10,2.792,223.7,216.7,gicp_d6_i30,5297.4,0.8824,0.2569,1.233,1.769,1.233
2560,1566536190548038879,480.00,48.00,469,181431,7663,489.06,50.56,33.35,0.8833,1,1.1086,1.7023,0.8873,10000,700,10,2.792,223.7,216.7,gicp_d4_i60,8972.1,0.8850,0.2573,1.158,1.671,1.158
2560,1566536190548038879,480.00,48.00,469,181431,7663,489.06,50.56,33.35,0.8833,1,1.1086,1.7023,0.8873,10000,700,10,2.792,223.7,216.7,ndt_r4_i30,1916.0,0.8835,0.2556,0.318,0.877,0.318
2560,1566536190548038879,480.00,48.00,469,181431,7663,489.06,50.56,33.35,0.8833,1,1.1086,1.7023,0.8873,10000,700,10,2.792,223.7,216.7,ndt_r3_i60,2199.4,0.8826,0.2570,0.317,0.799,0.317
2633,1566536197848554647,480.00,24.00,511,211274,8781,471.35,26.54,96.09,0.9912,1,0.2228,0.4402,0.9918,10000,1718,10,2.271,369.3,251.1,icp_d6_i30,4219.1,0.9916,0.2450,0.072,0.478,0.072
2633,1566536197848554647,480.00,24.00,511,211274,8781,471.35,26.54,96.09,0.9912,1,0.2228,0.4402,0.9918,10000,1718,10,2.271,369.3,251.1,icp_d4_i60,8290.0,0.9921,0.2441,0.178,0.582,0.178
2633,1566536197848554647,480.00,24.00,511,211274,8781,471.35,26.54,96.09,0.9912,1,0.2228,0.4402,0.9918,10000,1718,10,2.271,369.3,251.1,gicp_d6_i30,5099.7,0.9921,0.2471,0.400,0.591,0.217
2633,1566536197848554647,480.00,24.00,511,211274,8781,471.35,26.54,96.09,0.9912,1,0.2228,0.4402,0.9918,10000,1718,10,2.271,369.3,251.1,gicp_d4_i60,9456.9,0.9921,0.2462,0.678,0.392,0.216
2633,1566536197848554647,480.00,24.00,511,211274,8781,471.35,26.54,96.09,0.9912,1,0.2228,0.4402,0.9918,10000,1718,10,2.271,369.3,251.1,ndt_r4_i30,2089.0,0.9921,0.2467,0.251,0.431,0.251
2633,1566536197848554647,480.00,24.00,511,211274,8781,471.35,26.54,96.09,0.9912,1,0.2228,0.4402,0.9918,10000,1718,10,2.271,369.3,251.1,ndt_r3_i60,2758.3,0.9920,0.2471,0.331,0.356,0.331
2706,1566536205143838698,480.00,-24.00,467,186229,9353,484.82,-19.91,91.09,0.9238,1,0.8358,1.1161,0.9813,10000,2352,10,1.100,299.2,276.9,icp_d6_i30,3661.8,0.9802,0.2461,0.887,1.171,0.678
2706,1566536205143838698,480.00,-24.00,467,186229,9353,484.82,-19.91,91.09,0.9238,1,0.8358,1.1161,0.9813,10000,2352,10,1.100,299.2,276.9,icp_d4_i60,6359.7,0.9812,0.2434,0.841,1.078,0.802
2706,1566536205143838698,480.00,-24.00,467,186229,9353,484.82,-19.91,91.09,0.9238,1,0.8358,1.1161,0.9813,10000,2352,10,1.100,299.2,276.9,gicp_d6_i30,4152.3,0.9810,0.2427,0.831,1.171,0.831
2706,1566536205143838698,480.00,-24.00,467,186229,9353,484.82,-19.91,91.09,0.9238,1,0.8358,1.1161,0.9813,10000,2352,10,1.100,299.2,276.9,gicp_d4_i60,5594.2,0.9810,0.2427,0.831,1.173,0.831
2706,1566536205143838698,480.00,-24.00,467,186229,9353,484.82,-19.91,91.09,0.9238,1,0.8358,1.1161,0.9813,10000,2352,10,1.100,299.2,276.9,ndt_r4_i30,2081.4,0.9815,0.2445,0.673,1.536,0.673
2706,1566536205143838698,480.00,-24.00,467,186229,9353,484.82,-19.91,91.09,0.9238,1,0.8358,1.1161,0.9813,10000,2352,10,1.100,299.2,276.9,ndt_r3_i60,2965.9,0.9811,0.2437,0.830,1.286,0.801
2779,1566536212448129702,456.00,-72.00,353,177485,12880,460.38,-83.30,47.47,0.9522,1,0.6400,1.7981,0.9911,10000,2830,10,1.092,513.9,372.3,icp_d6_i30,5150.8,0.9917,0.2431,0.960,1.669,0.588
2779,1566536212448129702,456.00,-72.00,353,177485,12880,460.38,-83.30,47.47,0.9522,1,0.6400,1.7981,0.9911,10000,2830,10,1.092,513.9,372.3,icp_d4_i60,8696.0,0.9911,0.2441,0.593,1.811,0.563
2779,1566536212448129702,456.00,-72.00,353,177485,12880,460.38,-83.30,47.47,0.9522,1,0.6400,1.7981,0.9911,10000,2830,10,1.092,513.9,372.3,gicp_d6_i30,4098.9,0.9911,0.2437,0.639,1.797,0.639
2779,1566536212448129702,456.00,-72.00,353,177485,12880,460.38,-83.30,47.47,0.9522,1,0.6400,1.7981,0.9911,10000,2830,10,1.092,513.9,372.3,gicp_d4_i60,7927.0,0.9911,0.2437,0.639,1.799,0.639
2779,1566536212448129702,456.00,-72.00,353,177485,12880,460.38,-83.30,47.47,0.9522,1,0.6400,1.7981,0.9911,10000,2830,10,1.092,513.9,372.3,ndt_r4_i30,2243.3,0.9916,0.2431,0.803,1.837,0.759
2779,1566536212448129702,456.00,-72.00,353,177485,12880,460.38,-83.30,47.47,0.9522,1,0.6400,1.7981,0.9911,10000,2830,10,1.092,513.9,372.3,ndt_r3_i60,3568.6,0.9912,0.2434,0.669,1.809,0.633
2852,1566536219746786431,384.00,-120.00,345,200326,10245,394.87,-129.50,32.34,0.9408,1,1.2281,0.3306,0.9916,10000,2911,10,1.148,508.6,322.7,icp_d6_i30,3895.0,0.9916,0.2530,1.233,0.411,1.091
2852,1566536219746786431,384.00,-120.00,345,200326,10245,394.87,-129.50,32.34,0.9408,1,1.2281,0.3306,0.9916,10000,2911,10,1.148,508.6,322.7,icp_d4_i60,6521.5,0.9919,0.2542,1.224,0.279,1.215
2852,1566536219746786431,384.00,-120.00,345,200326,10245,394.87,-129.50,32.34,0.9408,1,1.2281,0.3306,0.9916,10000,2911,10,1.148,508.6,322.7,gicp_d6_i30,4167.0,0.9917,0.2558,1.229,0.337,1.228
2852,1566536219746786431,384.00,-120.00,345,200326,10245,394.87,-129.50,32.34,0.9408,1,1.2281,0.3306,0.9916,10000,2911,10,1.148,508.6,322.7,gicp_d4_i60,5843.2,0.9916,0.2558,1.228,0.328,1.227
2852,1566536219746786431,384.00,-120.00,345,200326,10245,394.87,-129.50,32.34,0.9408,1,1.2281,0.3306,0.9916,10000,2911,10,1.148,508.6,322.7,ndt_r4_i30,1892.6,0.9918,0.2536,1.167,0.356,1.134
2852,1566536219746786431,384.00,-120.00,345,200326,10245,394.87,-129.50,32.34,0.9408,1,1.2281,0.3306,0.9916,10000,2911,10,1.148,508.6,322.7,ndt_r3_i60,2722.2,0.9919,0.2543,1.169,0.400,1.145
2925,1566536227041739012,336.00,-168.00,417,253797,12112,335.96,-166.65,32.19,0.9415,1,1.1637,0.5724,0.9764,10000,2296,10,1.819,633.5,403.3,icp_d6_i30,5162.5,0.9754,0.2432,1.158,1.571,1.071
2925,1566536227041739012,336.00,-168.00,417,253797,12112,335.96,-166.65,32.19,0.9415,1,1.1637,0.5724,0.9764,10000,2296,10,1.819,633.5,403.3,icp_d4_i60,9139.6,0.9793,0.2462,1.330,0.738,1.171
2925,1566536227041739012,336.00,-168.00,417,253797,12112,335.96,-166.65,32.19,0.9415,1,1.1637,0.5724,0.9764,10000,2296,10,1.819,633.5,403.3,gicp_d6_i30,4583.6,0.9764,0.2437,1.139,0.577,1.139
2925,1566536227041739012,336.00,-168.00,417,253797,12112,335.96,-166.65,32.19,0.9415,1,1.1637,0.5724,0.9764,10000,2296,10,1.819,633.5,403.3,gicp_d4_i60,8317.3,0.9765,0.2444,1.162,0.577,1.160
2925,1566536227041739012,336.00,-168.00,417,253797,12112,335.96,-166.65,32.19,0.9415,1,1.1637,0.5724,0.9764,10000,2296,10,1.819,633.5,403.3,ndt_r4_i30,2177.3,0.9770,0.2447,1.195,0.679,1.112
2925,1566536227041739012,336.00,-168.00,417,253797,12112,335.96,-166.65,32.19,0.9415,1,1.1637,0.5724,0.9764,10000,2296,10,1.819,633.5,403.3,ndt_r3_i60,3256.2,0.9772,0.2438,1.215,0.519,1.202
2998,1566536234344917813,288.00,-192.00,379,278215,12920,296.56,-191.81,32.59,0.9367,1,1.1663,0.4717,0.9926,10000,2772,10,2.765,814.4,447.1,icp_d6_i30,5542.3,0.9900,0.2432,1.938,0.911,1.923
2998,1566536234344917813,288.00,-192.00,379,278215,12920,296.56,-191.81,32.59,0.9367,1,1.1663,0.4717,0.9926,10000,2772,10,2.765,814.4,447.1,icp_d4_i60,10386.5,0.9934,0.2435,1.270,0.543,1.270
2998,1566536234344917813,288.00,-192.00,379,278215,12920,296.56,-191.81,32.59,0.9367,1,1.1663,0.4717,0.9926,10000,2772,10,2.765,814.4,447.1,gicp_d6_i30,5249.4,0.9926,0.2431,1.166,0.469,1.166
2998,1566536234344917813,288.00,-192.00,379,278215,12920,296.56,-191.81,32.59,0.9367,1,1.1663,0.4717,0.9926,10000,2772,10,2.765,814.4,447.1,gicp_d4_i60,8122.2,0.9926,0.2431,1.167,0.475,1.166
2998,1566536234344917813,288.00,-192.00,379,278215,12920,296.56,-191.81,32.59,0.9367,1,1.1663,0.4717,0.9926,10000,2772,10,2.765,814.4,447.1,ndt_r4_i30,2536.8,0.9942,0.2426,1.522,0.591,1.522
2998,1566536234344917813,288.00,-192.00,379,278215,12920,296.56,-191.81,32.59,0.9367,1,1.1663,0.4717,0.9926,10000,2772,10,2.765,814.4,447.1,ndt_r3_i60,3387.3,0.9936,0.2415,1.425,0.458,1.420
3071,1566536241644941396,264.00,-216.00,274,233953,11925,255.67,-217.08,30.81,0.9794,1,0.8703,0.5140,0.9928,10000,3849,10,0.965,655.2,403.0,icp_d6_i30,4592.2,0.9930,0.2423,0.806,0.466,0.806
3071,1566536241644941396,264.00,-216.00,274,233953,11925,255.67,-217.08,30.81,0.9794,1,0.8703,0.5140,0.9928,10000,3849,10,0.965,655.2,403.0,icp_d4_i60,6964.8,0.9931,0.2420,0.869,0.606,0.866
3071,1566536241644941396,264.00,-216.00,274,233953,11925,255.67,-217.08,30.81,0.9794,1,0.8703,0.5140,0.9928,10000,3849,10,0.965,655.2,403.0,gicp_d6_i30,4516.0,0.9928,0.2420,0.869,0.509,0.852
3071,1566536241644941396,264.00,-216.00,274,233953,11925,255.67,-217.08,30.81,0.9794,1,0.8703,0.5140,0.9928,10000,3849,10,0.965,655.2,403.0,gicp_d4_i60,5174.0,0.9928,0.2421,0.870,0.522,0.870
3071,1566536241644941396,264.00,-216.00,274,233953,11925,255.67,-217.08,30.81,0.9794,1,0.8703,0.5140,0.9928,10000,3849,10,0.965,655.2,403.0,ndt_r4_i30,2326.4,0.9928,0.2414,0.901,0.760,0.901
3071,1566536241644941396,264.00,-216.00,274,233953,11925,255.67,-217.08,30.81,0.9794,1,0.8703,0.5140,0.9928,10000,3849,10,0.965,655.2,403.0,ndt_r3_i60,2893.4,0.9929,0.2425,0.930,0.667,0.926
3144,1566536248944264443,192.00,-240.00,355,206082,12065,199.32,-229.54,2.98,0.9913,1,0.2563,0.3572,0.9909,10000,3694,10,1.617,567.2,383.7,icp_d6_i30,4884.2,0.9915,0.2447,0.118,0.288,0.118
3144,1566536248944264443,192.00,-240.00,355,206082,12065,199.32,-229.54,2.98,0.9913,1,0.2563,0.3572,0.9909,10000,3694,10,1.617,567.2,383.7,icp_d4_i60,8983.8,0.9916,0.2448,0.094,0.301,0.094
3144,1566536248944264443,192.00,-240.00,355,206082,12065,199.32,-229.54,2.98,0.9913,1,0.2563,0.3572,0.9909,10000,3694,10,1.617,567.2,383.7,gicp_d6_i30,5091.0,0.9909,0.2453,0.227,0.337,0.227
3144,1566536248944264443,192.00,-240.00,355,206082,12065,199.32,-229.54,2.98,0.9913,1,0.2563,0.3572,0.9909,10000,3694,10,1.617,567.2,383.7,gicp_d4_i60,7855.9,0.9909,0.2455,0.255,0.371,0.255
3144,1566536248944264443,192.00,-240.00,355,206082,12065,199.32,-229.54,2.98,0.9913,1,0.2563,0.3572,0.9909,10000,3694,10,1.617,567.2,383.7,ndt_r4_i30,2200.0,0.9907,0.2464,0.339,0.396,0.311
3144,1566536248944264443,192.00,-240.00,355,206082,12065,199.32,-229.54,2.98,0.9913,1,0.2563,0.3572,0.9909,10000,3694,10,1.617,567.2,383.7,ndt_r3_i60,3713.6,0.9908,0.2470,0.273,0.458,0.269
3217,1566536256241428148,144.00,-240.00,463,253964,11256,149.28,-241.95,26.01,0.9860,0,0.1415,0.3576,0.9866,10000,2575,10,1.089,616.9,395.1,icp_d6_i30,4886.0,0.9859,0.2429,0.598,0.537,0.454
3217,1566536256241428148,144.00,-240.00,463,253964,11256,149.28,-241.95,26.01,0.9860,0,0.1415,0.3576,0.9866,10000,2575,10,1.089,616.9,395.1,icp_d4_i60,8539.6,0.9875,0.2426,0.703,0.910,0.079
3217,1566536256241428148,144.00,-240.00,463,253964,11256,149.28,-241.95,26.01,0.9860,0,0.1415,0.3576,0.9866,10000,2575,10,1.089,616.9,395.1,gicp_d6_i30,4567.3,0.9869,0.2436,0.204,0.482,0.131
3217,1566536256241428148,144.00,-240.00,463,253964,11256,149.28,-241.95,26.01,0.9860,0,0.1415,0.3576,0.9866,10000,2575,10,1.089,616.9,395.1,gicp_d4_i60,9126.9,0.9868,0.2437,0.189,0.467,0.141
3217,1566536256241428148,144.00,-240.00,463,253964,11256,149.28,-241.95,26.01,0.9860,0,0.1415,0.3576,0.9866,10000,2575,10,1.089,616.9,395.1,ndt_r4_i30,2289.4,0.9867,0.2431,0.085,0.501,0.085
3217,1566536256241428148,144.00,-240.00,463,253964,11256,149.28,-241.95,26.01,0.9860,0,0.1415,0.3576,0.9866,10000,2575,10,1.089,616.9,395.1,ndt_r3_i60,4006.4,0.9866,0.2436,0.117,0.449,0.117
3290,1566536263544221053,120.00,-216.00,557,262133,10594,122.42,-226.46,-57.10,0.9851,1,0.1025,0.4583,0.9854,10000,2770,10,1.565,567.6,355.6,icp_d6_i30,4915.5,0.9820,0.2521,0.580,2.341,0.580
3290,1566536263544221053,120.00,-216.00,557,262133,10594,122.42,-226.46,-57.10,0.9851,1,0.1025,0.4583,0.9854,10000,2770,10,1.565,567.6,355.6,icp_d4_i60,8717.3,0.9838,0.2524,0.475,2.004,0.475
3290,1566536263544221053,120.00,-216.00,557,262133,10594,122.42,-226.46,-57.10,0.9851,1,0.1025,0.4583,0.9854,10000,2770,10,1.565,567.6,355.6,gicp_d6_i30,5403.2,0.9859,0.2498,0.929,0.479,0.335
3290,1566536263544221053,120.00,-216.00,557,262133,10594,122.42,-226.46,-57.10,0.9851,1,0.1025,0.4583,0.9854,10000,2770,10,1.565,567.6,355.6,gicp_d4_i60,10507.8,0.9858,0.2498,0.800,0.506,0.108
3290,1566536263544221053,120.00,-216.00,557,262133,10594,122.42,-226.46,-57.10,0.9851,1,0.1025,0.4583,0.9854,10000,2770,10,1.565,567.6,355.6,ndt_r4_i30,2018.2,0.9857,0.2536,0.358,0.535,0.358
3290,1566536263544221053,120.00,-216.00,557,262133,10594,122.42,-226.46,-57.10,0.9851,1,0.1025,0.4583,0.9854,10000,2770,10,1.565,567.6,355.6,ndt_r3_i60,3072.1,0.9855,0.2531,0.308,0.516,0.308
3363,1566536270847211078,96.00,-168.00,610,270040,11218,89.21,-173.98,-57.64,0.9817,1,0.0703,0.2663,0.9815,10000,2956,10,3.472,617.7,394.4,icp_d6_i30,4785.3,0.9807,0.2492,1.116,0.762,0.812
3363,1566536270847211078,96.00,-168.00,610,270040,11218,89.21,-173.98,-57.64,0.9817,1,0.0703,0.2663,0.9815,10000,2956,10,3.472,617.7,394.4,icp_d4_i60,6066.0,0.9816,0.2540,0.069,0.299,0.069
3363,1566536270847211078,96.00,-168.00,610,270040,11218,89.21,-173.98,-57.64,0.9817,1,0.0703,0.2663,0.9815,10000,2956,10,3.472,617.7,394.4,gicp_d6_i30,5164.9,0.9816,0.2534,0.069,0.281,0.068
3363,1566536270847211078,96.00,-168.00,610,270040,11218,89.21,-173.98,-57.64,0.9817,1,0.0703,0.2663,0.9815,10000,2956,10,3.472,617.7,394.4,gicp_d4_i60,9107.9,0.9816,0.2533,0.069,0.276,0.069
3363,1566536270847211078,96.00,-168.00,610,270040,11218,89.21,-173.98,-57.64,0.9817,1,0.0703,0.2663,0.9815,10000,2956,10,3.472,617.7,394.4,ndt_r4_i30,2005.2,0.9818,0.2543,0.592,0.441,0.592
3363,1566536270847211078,96.00,-168.00,610,270040,11218,89.21,-173.98,-57.64,0.9817,1,0.0703,0.2663,0.9815,10000,2956,10,3.472,617.7,394.4,ndt_r3_i60,2774.3,0.9818,0.2547,0.345,0.399,0.324
3436,1566536278145809030,48.00,-120.00,528,219318,10988,56.29,-118.80,-63.13,0.9839,1,0.0785,0.4941,0.9838,10000,3927,10,2.087,466.1,359.6,icp_d6_i30,4026.8,0.9839,0.2499,0.693,0.963,0.524
3436,1566536278145809030,48.00,-120.00,528,219318,10988,56.29,-118.80,-63.13,0.9839,1,0.0785,0.4941,0.9838,10000,3927,10,2.087,466.1,359.6,icp_d4_i60,6148.6,0.9850,0.2473,1.031,0.741,0.550
3436,1566536278145809030,48.00,-120.00,528,219318,10988,56.29,-118.80,-63.13,0.9839,1,0.0785,0.4941,0.9838,10000,3927,10,2.087,466.1,359.6,gicp_d6_i30,4272.0,0.9848,0.2462,1.064,0.830,0.054
3436,1566536278145809030,48.00,-120.00,528,219318,10988,56.29,-118.80,-63.13,0.9839,1,0.0785,0.4941,0.9838,10000,3927,10,2.087,466.1,359.6,gicp_d4_i60,7757.6,0.9849,0.2479,1.134,0.631,0.076
3436,1566536278145809030,48.00,-120.00,528,219318,10988,56.29,-118.80,-63.13,0.9839,1,0.0785,0.4941,0.9838,10000,3927,10,2.087,466.1,359.6,ndt_r4_i30,2022.1,0.9843,0.2414,0.560,0.685,0.560
3436,1566536278145809030,48.00,-120.00,528,219318,10988,56.29,-118.80,-63.13,0.9839,1,0.0785,0.4941,0.9838,10000,3927,10,2.087,466.1,359.6,ndt_r3_i60,3343.3,0.9843,0.2459,0.560,0.589,0.438
3509,1566536285443967335,24.00,-48.00,566,234705,11747,26.64,-57.06,-64.41,0.9877,1,0.1358,0.4419,0.9874,10000,2801,10,4.448,545.1,359.5,icp_d6_i30,4770.6,0.9677,0.2402,1.159,1.134,1.159
3509,1566536285443967335,24.00,-48.00,566,234705,11747,26.64,-57.06,-64.41,0.9877,1,0.1358,0.4419,0.9874,10000,2801,10,4.448,545.1,359.5,icp_d4_i60,6220.6,0.9665,0.2402,1.188,1.130,1.174
3509,1566536285443967335,24.00,-48.00,566,234705,11747,26.64,-57.06,-64.41,0.9877,1,0.1358,0.4419,0.9874,10000,2801,10,4.448,545.1,359.5,gicp_d6_i30,5371.4,0.9875,0.2465,0.143,0.484,0.135
3509,1566536285443967335,24.00,-48.00,566,234705,11747,26.64,-57.06,-64.41,0.9877,1,0.1358,0.4419,0.9874,10000,2801,10,4.448,545.1,359.5,gicp_d4_i60,7688.7,0.9874,0.2414,0.829,0.631,0.135
3509,1566536285443967335,24.00,-48.00,566,234705,11747,26.64,-57.06,-64.41,0.9877,1,0.1358,0.4419,0.9874,10000,2801,10,4.448,545.1,359.5,ndt_r4_i30,2100.9,0.8856,0.2527,2.101,2.060,2.101
3509,1566536285443967335,24.00,-48.00,566,234705,11747,26.64,-57.06,-64.41,0.9877,1,0.1358,0.4419,0.9874,10000,2801,10,4.448,545.1,359.5,ndt_r3_i60,3738.5,0.9877,0.2465,0.326,0.657,0.254
3582,1566536292747961898,0.00,0.00,655,283040,13440,-3.59,1.07,-62.69,0.9560,1,0.1908,0.3440,0.9560,10000,3926,10,1.892,577.2,429.9,icp_d6_i30,5751.0,0.9443,0.2472,1.364,1.524,1.364
3582,1566536292747961898,0.00,0.00,655,283040,13440,-3.59,1.07,-62.69,0.9560,1,0.1908,0.3440,0.9560,10000,3926,10,1.892,577.2,429.9,icp_d4_i60,9605.7,0.9561,0.2474,0.222,0.000,0.222
3582,1566536292747961898,0.00,0.00,655,283040,13440,-3.59,1.07,-62.69,0.9560,1,0.1908,0.3440,0.9560,10000,3926,10,1.892,577.2,429.9,gicp_d6_i30,4761.4,0.9576,0.2439,1.156,0.359,0.194
3582,1566536292747961898,0.00,0.00,655,283040,13440,-3.59,1.07,-62.69,0.9560,1,0.1908,0.3440,0.9560,10000,3926,10,1.892,577.2,429.9,gicp_d4_i60,5326.2,0.9576,0.2438,1.152,0.358,0.192
3582,1566536292747961898,0.00,0.00,655,283040,13440,-3.59,1.07,-62.69,0.9560,1,0.1908,0.3440,0.9560,10000,3926,10,1.892,577.2,429.9,ndt_r4_i30,2263.6,0.9571,0.2429,0.797,0.428,0.797
3582,1566536292747961898,0.00,0.00,655,283040,13440,-3.59,1.07,-62.69,0.9560,1,0.1908,0.3440,0.9560,10000,3926,10,1.892,577.2,429.9,ndt_r3_i60,4206.1,0.9571,0.2416,0.774,0.431,0.396
3655,1566536300042628620,-24.00,48.00,717,301272,11529,-33.41,57.95,-60.94,0.9270,1,0.0460,0.0758,0.9269,10000,3020,10,1.909,484.9,389.3,icp_d6_i30,4380.2,0.9259,0.2420,0.993,0.621,0.993
3655,1566536300042628620,-24.00,48.00,717,301272,11529,-33.41,57.95,-60.94,0.9270,1,0.0460,0.0758,0.9269,10000,3020,10,1.909,484.9,389.3,icp_d4_i60,7200.7,0.9265,0.2453,1.065,0.053,0.252
3655,1566536300042628620,-24.00,48.00,717,301272,11529,-33.41,57.95,-60.94,0.9270,1,0.0460,0.0758,0.9269,10000,3020,10,1.909,484.9,389.3,gicp_d6_i30,4906.2,0.9268,0.2391,0.095,0.191,0.095
3655,1566536300042628620,-24.00,48.00,717,301272,11529,-33.41,57.95,-60.94,0.9270,1,0.0460,0.0758,0.9269,10000,3020,10,1.909,484.9,389.3,gicp_d4_i60,7838.1,0.9268,0.2396,0.045,0.070,0.044
3655,1566536300042628620,-24.00,48.00,717,301272,11529,-33.41,57.95,-60.94,0.9270,1,0.0460,0.0758,0.9269,10000,3020,10,1.909,484.9,389.3,ndt_r4_i30,2255.0,0.9275,0.2400,0.443,0.133,0.443
3655,1566536300042628620,-24.00,48.00,717,301272,11529,-33.41,57.95,-60.94,0.9270,1,0.0460,0.0758,0.9269,10000,3020,10,1.909,484.9,389.3,ndt_r3_i60,3670.9,0.9275,0.2400,0.391,0.217,0.225
3728,1566536307340104117,-72.00,120.00,765,313168,12149,-69.09,115.36,-56.63,0.9340,1,0.0840,0.9470,0.9343,10000,3481,10,1.096,609.8,432.8,icp_d6_i30,5322.8,0.9289,0.2408,0.623,1.233,0.623
3728,1566536307340104117,-72.00,120.00,765,313168,12149,-69.09,115.36,-56.63,0.9340,1,0.0840,0.9470,0.9343,10000,3481,10,1.096,609.8,432.8,icp_d4_i60,8524.3,0.9346,0.2449,0.177,0.877,0.177
3728,1566536307340104117,-72.00,120.00,765,313168,12149,-69.09,115.36,-56.63,0.9340,1,0.0840,0.9470,0.9343,10000,3481,10,1.096,609.8,432.8,gicp_d6_i30,4957.8,0.9345,0.2462,0.076,0.992,0.048
3728,1566536307340104117,-72.00,120.00,765,313168,12149,-69.09,115.36,-56.63,0.9340,1,0.0840,0.9470,0.9343,10000,3481,10,1.096,609.8,432.8,gicp_d4_i60,9828.8,0.9343,0.2463,0.070,0.962,0.060
3728,1566536307340104117,-72.00,120.00,765,313168,12149,-69.09,115.36,-56.63,0.9340,1,0.0840,0.9470,0.9343,10000,3481,10,1.096,609.8,432.8,ndt_r4_i30,2147.7,0.9344,0.2410,0.326,1.155,0.237
3728,1566536307340104117,-72.00,120.00,765,313168,12149,-69.09,115.36,-56.63,0.9340,1,0.0840,0.9470,0.9343,10000,3481,10,1.096,609.8,432.8,ndt_r3_i60,3466.1,0.9344,0.2427,0.396,0.955,0.292
3801,1566536314641427288,-120.00,168.00,852,306784,11229,-108.51,170.49,-50.50,0.9812,0,0.0860,0.2934,0.9811,10000,2100,10,2.346,592.8,378.7,icp_d6_i30,4326.7,0.9809,0.2439,0.349,0.463,0.349
3801,1566536314641427288,-120.00,168.00,852,306784,11229,-108.51,170.49,-50.50,0.9812,0,0.0860,0.2934,0.9811,10000,2100,10,2.346,592.8,378.7,icp_d4_i60,6789.0,0.9817,0.2494,0.403,0.444,0.166
3801,1566536314641427288,-120.00,168.00,852,306784,11229,-108.51,170.49,-50.50,0.9812,0,0.0860,0.2934,0.9811,10000,2100,10,2.346,592.8,378.7,gicp_d6_i30,5454.3,0.9817,0.2458,0.098,0.349,0.098
3801,1566536314641427288,-120.00,168.00,852,306784,11229,-108.51,170.49,-50.50,0.9812,0,0.0860,0.2934,0.9811,10000,2100,10,2.346,592.8,378.7,gicp_d4_i60,9849.8,0.9817,0.2466,0.088,0.299,0.083
3801,1566536314641427288,-120.00,168.00,852,306784,11229,-108.51,170.49,-50.50,0.9812,0,0.0860,0.2934,0.9811,10000,2100,10,2.346,592.8,378.7,ndt_r4_i30,2387.7,0.9818,0.2426,0.522,0.425,0.346
3801,1566536314641427288,-120.00,168.00,852,306784,11229,-108.51,170.49,-50.50,0.9812,0,0.0860,0.2934,0.9811,10000,2100,10,2.346,592.8,378.7,ndt_r3_i60,2919.4,0.9815,0.2453,0.521,0.326,0.427
3874,1566536321942035386,-144.00,216.00,1276,337226,11237,-152.75,217.87,-43.86,0.9663,1,0.1103,0.1872,0.9665,10000,2435,10,7.583,636.7,376.2,icp_d6_i30,4863.9,0.6182,0.2457,30.176,25.231,6.793
3874,1566536321942035386,-144.00,216.00,1276,337226,11237,-152.75,217.87,-43.86,0.9663,1,0.1103,0.1872,0.9665,10000,2435,10,7.583,636.7,376.2,icp_d4_i60,8743.3,0.6827,0.2492,6.830,29.712,6.830
3874,1566536321942035386,-144.00,216.00,1276,337226,11237,-152.75,217.87,-43.86,0.9663,1,0.1103,0.1872,0.9665,10000,2435,10,7.583,636.7,376.2,gicp_d6_i30,5440.7,0.6825,0.2606,3.807,17.808,3.807
3874,1566536321942035386,-144.00,216.00,1276,337226,11237,-152.75,217.87,-43.86,0.9663,1,0.1103,0.1872,0.9665,10000,2435,10,7.583,636.7,376.2,gicp_d4_i60,10603.9,0.6728,0.2573,4.801,19.083,4.801
3874,1566536321942035386,-144.00,216.00,1276,337226,11237,-152.75,217.87,-43.86,0.9663,1,0.1103,0.1872,0.9665,10000,2435,10,7.583,636.7,376.2,ndt_r4_i30,2079.7,0.6698,0.2615,6.064,31.357,6.064
3874,1566536321942035386,-144.00,216.00,1276,337226,11237,-152.75,217.87,-43.86,0.9663,1,0.1103,0.1872,0.9665,10000,2435,10,7.583,636.7,376.2,ndt_r3_i60,3079.2,0.6828,0.2447,20.211,51.687,5.966
3947,1566536329244945631,-192.00,264.00,958,326376,12645,-186.45,252.33,-51.58,0.9838,0,0.1209,0.6814,0.9842,10000,2532,10,5.448,804.4,428.0,icp_d6_i30,5617.7,0.9333,0.2483,1.876,1.451,1.876
3947,1566536329244945631,-192.00,264.00,958,326376,12645,-186.45,252.33,-51.58,0.9838,0,0.1209,0.6814,0.9842,10000,2532,10,5.448,804.4,428.0,icp_d4_i60,9984.6,0.9817,0.2386,0.612,0.504,0.612
3947,1566536329244945631,-192.00,264.00,958,326376,12645,-186.45,252.33,-51.58,0.9838,0,0.1209,0.6814,0.9842,10000,2532,10,5.448,804.4,428.0,gicp_d6_i30,5323.3,0.9839,0.2439,0.121,0.680,0.093
3947,1566536329244945631,-192.00,264.00,958,326376,12645,-186.45,252.33,-51.58,0.9838,0,0.1209,0.6814,0.9842,10000,2532,10,5.448,804.4,428.0,gicp_d4_i60,9971.0,0.9840,0.2432,0.116,0.684,0.116
3947,1566536329244945631,-192.00,264.00,958,326376,12645,-186.45,252.33,-51.58,0.9838,0,0.1209,0.6814,0.9842,10000,2532,10,5.448,804.4,428.0,ndt_r4_i30,2404.6,0.8968,0.2406,2.441,2.145,2.441
3947,1566536329244945631,-192.00,264.00,958,326376,12645,-186.45,252.33,-51.58,0.9838,0,0.1209,0.6814,0.9842,10000,2532,10,5.448,804.4,428.0,ndt_r3_i60,3586.1,0.9844,0.2407,0.283,0.533,0.283
4020,1566536336546086036,-168.00,288.00,1187,339231,11657,-167.32,276.77,-147.80,0.9850,1,0.1465,0.1969,0.9852,10000,5277,10,8.817,832.6,407.9,icp_d6_i30,4478.5,0.7699,0.2467,21.376,4.410,8.933
4020,1566536336546086036,-168.00,288.00,1187,339231,11657,-167.32,276.77,-147.80,0.9850,1,0.1465,0.1969,0.9852,10000,5277,10,8.817,832.6,407.9,icp_d4_i60,7085.9,0.7778,0.2469,21.310,5.593,8.958
4020,1566536336546086036,-168.00,288.00,1187,339231,11657,-167.32,276.77,-147.80,0.9850,1,0.1465,0.1969,0.9852,10000,5277,10,8.817,832.6,407.9,gicp_d6_i30,5095.8,0.7623,0.2442,19.581,4.347,9.827
4020,1566536336546086036,-168.00,288.00,1187,339231,11657,-167.32,276.77,-147.80,0.9850,1,0.1465,0.1969,0.9852,10000,5277,10,8.817,832.6,407.9,gicp_d4_i60,10608.7,0.7620,0.2427,19.305,4.068,11.149
4020,1566536336546086036,-168.00,288.00,1187,339231,11657,-167.32,276.77,-147.80,0.9850,1,0.1465,0.1969,0.9852,10000,5277,10,8.817,832.6,407.9,ndt_r4_i30,2230.0,0.7785,0.2573,19.131,2.388,8.144
4020,1566536336546086036,-168.00,288.00,1187,339231,11657,-167.32,276.77,-147.80,0.9850,1,0.1465,0.1969,0.9852,10000,5277,10,8.817,832.6,407.9,ndt_r3_i60,2926.4,0.7824,0.2544,19.537,5.442,8.101
4093,1566536343839592111,-120.00,312.00,1075,323752,11967,-124.24,304.08,-148.18,0.9536,1,0.1414,0.2661,0.9539,10000,4643,10,9.679,771.8,438.8,icp_d6_i30,4985.2,0.7006,0.2498,8.016,3.969,8.016
4093,1566536343839592111,-120.00,312.00,1075,323752,11967,-124.24,304.08,-148.18,0.9536,1,0.1414,0.2661,0.9539,10000,4643,10,9.679,771.8,438.8,icp_d4_i60,7258.3,0.7150,0.2510,6.750,3.523,6.750
4093,1566536343839592111,-120.00,312.00,1075,323752,11967,-124.24,304.08,-148.18,0.9536,1,0.1414,0.2661,0.9539,10000,4643,10,9.679,771.8,438.8,gicp_d6_i30,4982.8,0.9511,0.2417,1.252,0.181,1.252
4093,1566536343839592111,-120.00,312.00,1075,323752,11967,-124.24,304.08,-148.18,0.9536,1,0.1414,0.2661,0.9539,10000,4643,10,9.679,771.8,438.8,gicp_d4_i60,11262.2,0.9523,0.2415,0.755,0.379,0.755
4093,1566536343839592111,-120.00,312.00,1075,323752,11967,-124.24,304.08,-148.18,0.9536,1,0.1414,0.2661,0.9539,10000,4643,10,9.679,771.8,438.8,ndt_r4_i30,2215.4,0.7294,0.2455,8.495,9.462,7.616
4093,1566536343839592111,-120.00,312.00,1075,323752,11967,-124.24,304.08,-148.18,0.9536,1,0.1414,0.2661,0.9539,10000,4643,10,9.679,771.8,438.8,ndt_r3_i60,3196.5,0.7858,0.2455,4.914,1.880,4.914
4166,1566536351147692662,-96.00,336.00,996,299546,11399,-87.11,327.27,-147.76,0.9438,0,0.9355,0.4367,0.9464,10000,3605,10,1.842,622.4,380.0,icp_d6_i30,4740.8,0.9461,0.2443,0.937,1.319,0.638
4166,1566536351147692662,-96.00,336.00,996,299546,11399,-87.11,327.27,-147.76,0.9438,0,0.9355,0.4367,0.9464,10000,3605,10,1.842,622.4,380.0,icp_d4_i60,9352.3,0.9458,0.2427,0.732,1.371,0.176
4166,1566536351147692662,-96.00,336.00,996,299546,11399,-87.11,327.27,-147.76,0.9438,0,0.9355,0.4367,0.9464,10000,3605,10,1.842,622.4,380.0,gicp_d6_i30,5359.7,0.9464,0.2436,1.094,0.652,0.187
4166,1566536351147692662,-96.00,336.00,996,299546,11399,-87.11,327.27,-147.76,0.9438,0,0.9355,0.4367,0.9464,10000,3605,10,1.842,622.4,380.0,gicp_d4_i60,9302.0,0.9470,0.2435,1.039,0.615,0.815
4166,1566536351147692662,-96.00,336.00,996,299546,11399,-87.11,327.27,-147.76,0.9438,0,0.9355,0.4367,0.9464,10000,3605,10,1.842,622.4,380.0,ndt_r4_i30,2326.7,0.9473,0.2424,1.074,1.149,0.614
4166,1566536351147692662,-96.00,336.00,996,299546,11399,-87.11,327.27,-147.76,0.9438,0,0.9355,0.4367,0.9464,10000,3605,10,1.842,622.4,380.0,ndt_r3_i60,3867.4,0.9455,0.2439,1.379,0.433,0.390
4239,1566536358440171103,-48.00,336.00,927,293722,12442,-59.00,341.56,-170.63,0.9871,0,0.3436,0.3600,0.9877,10000,2192,10,1.744,623.4,418.4,icp_d6_i30,5233.3,0.9884,0.2475,0.357,0.442,0.348
4239,1566536358440171103,-48.00,336.00,927,293722,12442,-59.00,341.56,-170.63,0.9871,0,0.3436,0.3600,0.9877,10000,2192,10,1.744,623.4,418.4,icp_d4_i60,9234.9,0.9882,0.2473,0.484,0.482,0.154
4239,1566536358440171103,-48.00,336.00,927,293722,12442,-59.00,341.56,-170.63,0.9871,0,0.3436,0.3600,0.9877,10000,2192,10,1.744,623.4,418.4,gicp_d6_i30,4706.8,0.9876,0.2474,0.253,0.167,0.103
4239,1566536358440171103,-48.00,336.00,927,293722,12442,-59.00,341.56,-170.63,0.9871,0,0.3436,0.3600,0.9877,10000,2192,10,1.744,623.4,418.4,gicp_d4_i60,8479.7,0.9876,0.2476,0.268,0.168,0.229
4239,1566536358440171103,-48.00,336.00,927,293722,12442,-59.00,341.56,-170.63,0.9871,0,0.3436,0.3600,0.9877,10000,2192,10,1.744,623.4,418.4,ndt_r4_i30,2183.8,0.9879,0.2458,0.100,0.423,0.100
4239,1566536358440171103,-48.00,336.00,927,293722,12442,-59.00,341.56,-170.63,0.9871,0,0.3436,0.3600,0.9877,10000,2192,10,1.744,623.4,418.4,ndt_r3_i60,3865.5,0.9879,0.2454,0.078,0.396,0.072
4312,1566536365743982262,-24.00,336.00,754,246687,11425,-31.71,329.47,137.74,0.9136,1,0.2487,0.3524,0.9161,10000,1562,10,2.464,592.3,368.7,icp_d6_i30,5581.7,0.9160,0.2448,0.897,0.615,0.758
4312,1566536365743982262,-24.00,336.00,754,246687,11425,-31.71,329.47,137.74,0.9136,1,0.2487,0.3524,0.9161,10000,1562,10,2.464,592.3,368.7,icp_d4_i60,9377.4,0.9171,0.2441,0.757,0.248,0.641
4312,1566536365743982262,-24.00,336.00,754,246687,11425,-31.71,329.47,137.74,0.9136,1,0.2487,0.3524,0.9161,10000,1562,10,2.464,592.3,368.7,gicp_d6_i30,4734.7,0.9166,0.2438,0.804,0.402,0.270
4312,1566536365743982262,-24.00,336.00,754,246687,11425,-31.71,329.47,137.74,0.9136,1,0.2487,0.3524,0.9161,10000,1562,10,2.464,592.3,368.7,gicp_d4_i60,8755.0,0.9164,0.2441,0.708,0.217,0.234
4312,1566536365743982262,-24.00,336.00,754,246687,11425,-31.71,329.47,137.74,0.9136,1,0.2487,0.3524,0.9161,10000,1562,10,2.464,592.3,368.7,ndt_r4_i30,2213.2,0.9167,0.2420,0.302,0.297,0.302
4312,1566536365743982262,-24.00,336.00,754,246687,11425,-31.71,329.47,137.74,0.9136,1,0.2487,0.3524,0.9161,10000,1562,10,2.464,592.3,368.7,ndt_r3_i60,3088.0,0.9164,0.2424,0.286,0.248,0.266
4385,1566536373043127061,0.00,288.00,608,203247,10521,3.57,297.34,138.76,0.9671,1,0.0669,0.5968,0.9681,10000,1190,10,1.285,430.4,321.0,icp_d6_i30,4497.0,0.9705,0.2460,0.251,0.461,0.100
4385,1566536373043127061,0.00,288.00,608,203247,10521,3.57,297.34,138.76,0.9671,1,0.0669,0.5968,0.9681,10000,1190,10,1.285,430.4,321.0,icp_d4_i60,7233.1,0.9699,0.2465,0.397,0.720,0.138
4385,1566536373043127061,0.00,288.00,608,203247,10521,3.57,297.34,138.76,0.9671,1,0.0669,0.5968,0.9681,10000,1190,10,1.285,430.4,321.0,gicp_d6_i30,4512.8,0.9685,0.2434,0.075,0.641,0.068
4385,1566536373043127061,0.00,288.00,608,203247,10521,3.57,297.34,138.76,0.9671,1,0.0669,0.5968,0.9681,10000,1190,10,1.285,430.4,321.0,gicp_d4_i60,3790.0,0.9682,0.2430,0.065,0.599,0.065
4385,1566536373043127061,0.00,288.00,608,203247,10521,3.57,297.34,138.76,0.9671,1,0.0669,0.5968,0.9681,10000,1190,10,1.285,430.4,321.0,ndt_r4_i30,1971.8,0.9702,0.2458,0.164,0.159,0.159
4385,1566536373043127061,0.00,288.00,608,203247,10521,3.57,297.34,138.76,0.9671,1,0.0669,0.5968,0.9681,10000,1190,10,1.285,430.4,321.0,ndt_r3_i60,2849.2,0.9698,0.2462,0.138,0.243,0.133
4458,1566536380340087025,24.00,288.00,582,211151,10535,28.92,278.50,147.65,0.9779,1,0.3546,0.4103,0.9776,10000,1058,10,0.810,375.6,310.3,icp_d6_i30,4201.3,0.9774,0.2488,0.360,0.343,0.141
4458,1566536380340087025,24.00,288.00,582,211151,10535,28.92,278.50,147.65,0.9779,1,0.3546,0.4103,0.9776,10000,1058,10,0.810,375.6,310.3,icp_d4_i60,6565.2,0.9782,0.2499,0.190,0.348,0.190
4458,1566536380340087025,24.00,288.00,582,211151,10535,28.92,278.50,147.65,0.9779,1,0.3546,0.4103,0.9776,10000,1058,10,0.810,375.6,310.3,gicp_d6_i30,2537.6,0.9778,0.2493,0.349,0.385,0.349
4458,1566536380340087025,24.00,288.00,582,211151,10535,28.92,278.50,147.65,0.9779,1,0.3546,0.4103,0.9776,10000,1058,10,0.810,375.6,310.3,gicp_d4_i60,2742.8,0.9776,0.2493,0.356,0.403,0.354
4458,1566536380340087025,24.00,288.00,582,211151,10535,28.92,278.50,147.65,0.9779,1,0.3546,0.4103,0.9776,10000,1058,10,0.810,375.6,310.3,ndt_r4_i30,2246.6,0.9781,0.2468,0.079,0.255,0.048
4458,1566536380340087025,24.00,288.00,582,211151,10535,28.92,278.50,147.65,0.9779,1,0.3546,0.4103,0.9776,10000,1058,10,0.810,375.6,310.3,ndt_r3_i60,2891.6,0.9783,0.2474,0.059,0.302,0.032
4531,1566536387640092244,48.00,264.00,683,228747,11320,53.66,265.70,157.91,0.9479,1,0.3775,0.2902,0.9475,10000,1850,10,0.827,468.1,341.2,icp_d6_i30,5010.0,0.9477,0.2456,0.502,0.850,0.267
4531,1566536387640092244,48.00,264.00,683,228747,11320,53.66,265.70,157.91,0.9479,1,0.3775,0.2902,0.9475,10000,1850,10,0.827,468.1,341.2,icp_d4_i60,8240.2,0.9477,0.2487,0.345,0.194,0.345
4531,1566536387640092244,48.00,264.00,683,228747,11320,53.66,265.70,157.91,0.9479,1,0.3775,0.2902,0.9475,10000,1850,10,0.827,468.1,341.2,gicp_d6_i30,3473.1,0.9475,0.2494,0.377,0.288,0.298
4531,1566536387640092244,48.00,264.00,683,228747,11320,53.66,265.70,157.91,0.9479,1,0.3775,0.2902,0.9475,10000,1850,10,0.827,468.1,341.2,gicp_d4_i60,4595.3,0.9475,0.2494,0.378,0.285,0.299
4531,1566536387640092244,48.00,264.00,683,228747,11320,53.66,265.70,157.91,0.9479,1,0.3775,0.2902,0.9475,10000,1850,10,0.827,468.1,341.2,ndt_r4_i30,1890.4,0.9479,0.2467,0.100,0.431,0.092
4531,1566536387640092244,48.00,264.00,683,228747,11320,53.66,265.70,157.91,0.9479,1,0.3775,0.2902,0.9475,10000,1850,10,0.827,468.1,341.2,ndt_r3_i60,2913.5,0.9480,0.2472,0.119,0.378,0.085
4604,1566536394940111957,72.00,264.00,696,273520,11228,82.98,255.64,163.91,0.9489,0,0.4400,1.2239,0.9543,10000,3878,10,0.744,523.0,346.9,icp_d6_i30,5124.0,0.9533,0.2447,0.264,0.623,0.264
4604,1566536394940111957,72.00,264.00,696,273520,11228,82.98,255.64,163.91,0.9489,0,0.4400,1.2239,0.9543,10000,3878,10,0.744,523.0,346.9,icp_d4_i60,9186.9,0.9540,0.2443,0.277,0.721,0.277
4604,1566536394940111957,72.00,264.00,696,273520,11228,82.98,255.64,163.91,0.9489,0,0.4400,1.2239,0.9543,10000,3878,10,0.744,523.0,346.9,gicp_d6_i30,4741.4,0.9542,0.2466,0.351,1.034,0.196
4604,1566536394940111957,72.00,264.00,696,273520,11228,82.98,255.64,163.91,0.9489,0,0.4400,1.2239,0.9543,10000,3878,10,0.744,523.0,346.9,gicp_d4_i60,7716.7,0.9540,0.2462,0.508,1.307,0.508
4604,1566536394940111957,72.00,264.00,696,273520,11228,82.98,255.64,163.91,0.9489,0,0.4400,1.2239,0.9543,10000,3878,10,0.744,523.0,346.9,ndt_r4_i30,1908.8,0.9540,0.2466,0.301,1.344,0.292
4604,1566536394940111957,72.00,264.00,696,273520,11228,82.98,255.64,163.91,0.9489,0,0.4400,1.2239,0.9543,10000,3878,10,0.744,523.0,346.9,ndt_r3_i60,3044.9,0.9542,0.2466,0.286,1.278,0.269
4677,1566536402244751841,96.00,240.00,678,291314,13968,102.67,251.83,172.63,0.9220,1,0.8726,1.4501,0.9475,10000,2744,10,2.695,674.2,469.8,icp_d6_i30,6414.4,0.9255,0.2498,0.975,3.720,0.975
4677,1566536402244751841,96.00,240.00,678,291314,13968,102.67,251.83,172.63,0.9220,1,0.8726,1.4501,0.9475,10000,2744,10,2.695,674.2,469.8,icp_d4_i60,11564.7,0.9487,0.2457,0.593,1.863,0.397
4677,1566536402244751841,96.00,240.00,678,291314,13968,102.67,251.83,172.63,0.9220,1,0.8726,1.4501,0.9475,10000,2744,10,2.695,674.2,469.8,gicp_d6_i30,5721.1,0.9480,0.2420,0.804,1.310,0.804
4677,1566536402244751841,96.00,240.00,678,291314,13968,102.67,251.83,172.63,0.9220,1,0.8726,1.4501,0.9475,10000,2744,10,2.695,674.2,469.8,gicp_d4_i60,8570.0,0.9476,0.2437,0.900,1.347,0.871
4677,1566536402244751841,96.00,240.00,678,291314,13968,102.67,251.83,172.63,0.9220,1,0.8726,1.4501,0.9475,10000,2744,10,2.695,674.2,469.8,ndt_r4_i30,2293.5,0.9482,0.2444,0.601,1.712,0.342
4677,1566536402244751841,96.00,240.00,678,291314,13968,102.67,251.83,172.63,0.9220,1,0.8726,1.4501,0.9475,10000,2744,10,2.695,674.2,469.8,ndt_r3_i60,4110.5,0.9483,0.2435,0.322,1.809,0.259
4750,1566536409540178602,120.00,240.00,667,302018,13288,130.88,249.88,174.12,0.8595,1,1.4012,1.4750,0.9290,10000,2997,10,3.856,697.9,478.0,icp_d6_i30,6103.6,0.9285,0.2441,1.595,1.177,0.361
4750,1566536409540178602,120.00,240.00,667,302018,13288,130.88,249.88,174.12,0.8595,1,1.4012,1.4750,0.9290,10000,2997,10,3.856,697.9,478.0,icp_d4_i60,11379.2,0.9304,0.2444,1.585,1.038,1.168
4750,1566536409540178602,120.00,240.00,667,302018,13288,130.88,249.88,174.12,0.8595,1,1.4012,1.4750,0.9290,10000,2997,10,3.856,697.9,478.0,gicp_d6_i30,5413.0,0.9293,0.2468,1.560,1.317,1.378
4750,1566536409540178602,120.00,240.00,667,302018,13288,130.88,249.88,174.12,0.8595,1,1.4012,1.4750,0.9290,10000,2997,10,3.856,697.9,478.0,gicp_d4_i60,8817.7,0.9293,0.2468,1.557,1.323,1.401
4750,1566536409540178602,120.00,240.00,667,302018,13288,130.88,249.88,174.12,0.8595,1,1.4012,1.4750,0.9290,10000,2997,10,3.856,697.9,478.0,ndt_r4_i30,2376.4,0.9293,0.2463,1.470,0.971,1.470
4750,1566536409540178602,120.00,240.00,667,302018,13288,130.88,249.88,174.12,0.8595,1,1.4012,1.4750,0.9290,10000,2997,10,3.856,697.9,478.0,ndt_r3_i60,3703.9,0.9293,0.2466,1.282,1.297,1.282
4823,1566536416839603235,168.00,240.00,591,282939,14515,158.98,250.32,-176.85,0.8147,1,2.1123,0.5448,0.9732,10000,939,10,1.833,887.8,549.1,icp_d6_i30,6154.6,0.9751,0.2478,2.106,0.741,1.827
4823,1566536416839603235,168.00,240.00,591,282939,14515,158.98,250.32,-176.85,0.8147,1,2.1123,0.5448,0.9732,10000,939,10,1.833,887.8,549.1,icp_d4_i60,10066.0,0.9740,0.2467,2.022,0.540,1.674
4823,1566536416839603235,168.00,240.00,591,282939,14515,158.98,250.32,-176.85,0.8147,1,2.1123,0.5448,0.9732,10000,939,10,1.833,887.8,549.1,gicp_d6_i30,2801.9,0.9733,0.2475,2.112,0.548,2.112
4823,1566536416839603235,168.00,240.00,591,282939,14515,158.98,250.32,-176.85,0.8147,1,2.1123,0.5448,0.9732,10000,939,10,1.833,887.8,549.1,gicp_d4_i60,3844.0,0.9732,0.2474,2.112,0.543,2.112
4823,1566536416839603235,168.00,240.00,591,282939,14515,158.98,250.32,-176.85,0.8147,1,2.1123,0.5448,0.9732,10000,939,10,1.833,887.8,549.1,ndt_r4_i30,2372.6,0.9739,0.2478,1.974,0.616,1.759
4823,1566536416839603235,168.00,240.00,591,282939,14515,158.98,250.32,-176.85,0.8147,1,2.1123,0.5448,0.9732,10000,939,10,1.833,887.8,549.1,ndt_r3_i60,3530.0,0.9741,0.2481,2.076,0.516,2.045
4896,1566536424145309804,192.00,264.00,329,188020,14610,203.04,258.94,-164.19,0.8141,1,1.9114,0.9276,0.9845,10000,717,10,1.594,522.6,433.2,icp_d6_i30,5799.5,0.9849,0.2448,2.043,1.183,1.313
4896,1566536424145309804,192.00,264.00,329,188020,14610,203.04,258.94,-164.19,0.8141,1,1.9114,0.9276,0.9845,10000,717,10,1.594,522.6,433.2,icp_d4_i60,9357.6,0.9846,0.2449,1.958,0.970,1.677
4896,1566536424145309804,192.00,264.00,329,188020,14610,203.04,258.94,-164.19,0.8141,1,1.9114,0.9276,0.9845,10000,717,10,1.594,522.6,433.2,gicp_d6_i30,2816.8,0.9845,0.2454,1.909,0.921,1.909
4896,1566536424145309804,192.00,264.00,329,188020,14610,203.04,258.94,-164.19,0.8141,1,1.9114,0.9276,0.9845,10000,717,10,1.594,522.6,433.2,gicp_d4_i60,2749.0,0.9845,0.2452,1.911,0.928,1.911
4896,1566536424145309804,192.00,264.00,329,188020,14610,203.04,258.94,-164.19,0.8141,1,1.9114,0.9276,0.9845,10000,717,10,1.594,522.6,433.2,ndt_r4_i30,2384.6,0.9845,0.2452,1.936,0.981,1.229
4896,1566536424145309804,192.00,264.00,329,188020,14610,203.04,258.94,-164.19,0.8141,1,1.9114,0.9276,0.9845,10000,717,10,1.594,522.6,433.2,ndt_r3_i60,3900.2,0.9846,0.2450,1.931,0.961,1.917
4969,1566536431440022906,240.00,288.00,363,160559,7009,245.94,280.52,-146.43,0.9358,1,0.9383,1.1096,0.9730,10000,2020,10,1.740,251.0,206.8,icp_d6_i30,2969.9,0.9755,0.2461,0.865,0.954,0.849
4969,1566536431440022906,240.00,288.00,363,160559,7009,245.94,280.52,-146.43,0.9358,1,0.9383,1.1096,0.9730,10000,2020,10,1.740,251.0,206.8,icp_d4_i60,4979.8,0.9756,0.2466,0.880,0.999,0.880
4969,1566536431440022906,240.00,288.00,363,160559,7009,245.94,280.52,-146.43,0.9358,1,0.9383,1.1096,0.9730,10000,2020,10,1.740,251.0,206.8,gicp_d6_i30,3897.3,0.9737,0.2465,0.946,1.146,0.946
4969,1566536431440022906,240.00,288.00,363,160559,7009,245.94,280.52,-146.43,0.9358,1,0.9383,1.1096,0.9730,10000,2020,10,1.740,251.0,206.8,gicp_d4_i60,5732.9,0.9733,0.2467,0.941,1.125,0.941
4969,1566536431440022906,240.00,288.00,363,160559,7009,245.94,280.52,-146.43,0.9358,1,0.9383,1.1096,0.9730,10000,2020,10,1.740,251.0,206.8,ndt_r4_i30,1740.6,0.9743,0.2465,0.949,1.017,0.540
4969,1566536431440022906,240.00,288.00,363,160559,7009,245.94,280.52,-146.43,0.9358,1,0.9383,1.1096,0.9730,10000,2020,10,1.740,251.0,206.8,ndt_r3_i60,2828.0,0.9740,0.2462,0.977,1.035,0.975
5042,1566536438745444618,288.00,288.00,368,157590,11200,285.97,293.27,175.91,0.9491,1,0.4762,0.6838,0.9504,10000,1409,10,0.787,398.4,315.8,icp_d6_i30,4556.9,0.9505,0.2508,0.560,0.822,0.427
5042,1566536438745444618,288.00,288.00,368,157590,11200,285.97,293.27,175.91,0.9491,1,0.4762,0.6838,0.9504,10000,1409,10,0.787,398.4,315.8,icp_d4_i60,7188.4,0.9508,0.2508,0.524,0.842,0.518
5042,1566536438745444618,288.00,288.00,368,157590,11200,285.97,293.27,175.91,0.9491,1,0.4762,0.6838,0.9504,10000,1409,10,0.787,398.4,315.8,gicp_d6_i30,4278.5,0.9504,0.2533,0.480,0.676,0.480
5042,1566536438745444618,288.00,288.00,368,157590,11200,285.97,293.27,175.91,0.9491,1,0.4762,0.6838,0.9504,10000,1409,10,0.787,398.4,315.8,gicp_d4_i60,5777.7,0.9504,0.2533,0.479,0.683,0.478
5042,1566536438745444618,288.00,288.00,368,157590,11200,285.97,293.27,175.91,0.9491,1,0.4762,0.6838,0.9504,10000,1409,10,0.787,398.4,315.8,ndt_r4_i30,1882.2,0.9508,0.2515,0.588,0.781,0.562
5042,1566536438745444618,288.00,288.00,368,157590,11200,285.97,293.27,175.91,0.9491,1,0.4762,0.6838,0.9504,10000,1409,10,0.787,398.4,315.8,ndt_r3_i60,2648.0,0.9505,0.2527,0.542,0.678,0.528
5115,1566536446040042155,312.00,264.00,393,175180,10306,317.36,267.03,123.69,0.9584,1,0.8387,0.9490,0.9934,10000,2405,10,1.229,410.9,301.3,icp_d6_i30,4416.5,0.9938,0.2448,0.789,0.949,0.649
5115,1566536446040042155,312.00,264.00,393,175180,10306,317.36,267.03,123.69,0.9584,1,0.8387,0.9490,0.9934,10000,2405,10,1.229,410.9,301.3,icp_d4_i60,6553.0,0.9934,0.2481,0.834,0.961,0.826
5115,1566536446040042155,312.00,264.00,393,175180,10306,317.36,267.03,123.69,0.9584,1,0.8387,0.9490,0.9934,10000,2405,10,1.229,410.9,301.3,gicp_d6_i30,2773.3,0.9934,0.2477,0.838,0.948,0.837
5115,1566536446040042155,312.00,264.00,393,175180,10306,317.36,267.03,123.69,0.9584,1,0.8387,0.9490,0.9934,10000,2405,10,1.229,410.9,301.3,gicp_d4_i60,4687.7,0.9934,0.2477,0.838,0.947,0.837
5115,1566536446040042155,312.00,264.00,393,175180,10306,317.36,267.03,123.69,0.9584,1,0.8387,0.9490,0.9934,10000,2405,10,1.229,410.9,301.3,ndt_r4_i30,1762.4,0.9934,0.2482,0.872,0.982,0.489
5115,1566536446040042155,312.00,264.00,393,175180,10306,317.36,267.03,123.69,0.9584,1,0.8387,0.9490,0.9934,10000,2405,10,1.229,410.9,301.3,ndt_r3_i60,3090.2,0.9930,0.2483,0.876,1.001,0.874
5188,1566536453342721401,336.00,216.00,379,172073,8401,345.46,223.97,122.87,0.9846,1,0.9959,0.4601,0.9906,10000,5243,10,0.847,331.2,276.8,icp_d6_i30,3502.6,0.9912,0.2469,1.389,0.891,0.611
5188,1566536453342721401,336.00,216.00,379,172073,8401,345.46,223.97,122.87,0.9846,1,0.9959,0.4601,0.9906,10000,5243,10,0.847,331.2,276.8,icp_d4_i60,6343.4,0.9906,0.2461,1.017,0.441,0.747
5188,1566536453342721401,336.00,216.00,379,172073,8401,345.46,223.97,122.87,0.9846,1,0.9959,0.4601,0.9906,10000,5243,10,0.847,331.2,276.8,gicp_d6_i30,4790.5,0.9913,0.2470,0.924,0.317,0.924
5188,1566536453342721401,336.00,216.00,379,172073,8401,345.46,223.97,122.87,0.9846,1,0.9959,0.4601,0.9906,10000,5243,10,0.847,331.2,276.8,gicp_d4_i60,8741.4,0.9906,0.2468,1.001,0.488,0.996
5188,1566536453342721401,336.00,216.00,379,172073,8401,345.46,223.97,122.87,0.9846,1,0.9959,0.4601,0.9906,10000,5243,10,0.847,331.2,276.8,ndt_r4_i30,1655.7,0.9904,0.2554,1.042,0.727,0.724
5188,1566536453342721401,336.00,216.00,379,172073,8401,345.46,223.97,122.87,0.9846,1,0.9959,0.4601,0.9906,10000,5243,10,0.847,331.2,276.8,ndt_r3_i60,2863.5,0.9910,0.2529,0.874,0.578,0.874
5261,1566536460646590877,360.00,192.00,418,212491,10251,360.05,201.10,122.58,0.9370,1,1.0330,0.3239,0.9872,10000,2520,10,6.197,443.2,326.1,icp_d6_i30,4016.0,0.6673,0.2466,3.754,3.896,3.754
5261,1566536460646590877,360.00,192.00,418,212491,10251,360.05,201.10,122.58,0.9370,1,1.0330,0.3239,0.9872,10000,2520,10,6.197,443.2,326.1,icp_d4_i60,7476.8,0.9678,0.2450,0.904,1.006,0.904
5261,1566536460646590877,360.00,192.00,418,212491,10251,360.05,201.10,122.58,0.9370,1,1.0330,0.3239,0.9872,10000,2520,10,6.197,443.2,326.1,gicp_d6_i30,5308.0,0.9872,0.2447,1.033,0.319,1.033
5261,1566536460646590877,360.00,192.00,418,212491,10251,360.05,201.10,122.58,0.9370,1,1.0330,0.3239,0.9872,10000,2520,10,6.197,443.2,326.1,gicp_d4_i60,10122.1,0.9872,0.2447,1.033,0.318,1.033
5261,1566536460646590877,360.00,192.00,418,212491,10251,360.05,201.10,122.58,0.9370,1,1.0330,0.3239,0.9872,10000,2520,10,6.197,443.2,326.1,ndt_r4_i30,2078.0,0.6578,0.2441,4.453,10.213,4.453
5261,1566536460646590877,360.00,192.00,418,212491,10251,360.05,201.10,122.58,0.9370,1,1.0330,0.3239,0.9872,10000,2520,10,6.197,443.2,326.1,ndt_r3_i60,2718.2,0.8053,0.2483,2.515,5.031,2.515
5334,1566536467939217067,360.00,192.00,418,212491,8573,370.43,184.73,121.95,0.9659,0,0.8994,0.2802,0.9717,10000,3136,10,8.988,381.4,277.2,icp_d6_i30,3890.8,0.5991,0.2471,10.273,25.561,7.617
5334,1566536467939217067,360.00,192.00,418,212491,8573,370.43,184.73,121.95,0.9659,0,0.8994,0.2802,0.9717,10000,3136,10,8.988,381.4,277.2,icp_d4_i60,7161.6,0.6358,0.2468,31.820,60.547,7.217
5334,1566536467939217067,360.00,192.00,418,212491,8573,370.43,184.73,121.95,0.9659,0,0.8994,0.2802,0.9717,10000,3136,10,8.988,381.4,277.2,gicp_d6_i30,5301.0,0.6365,0.2505,17.255,56.999,10.134
5334,1566536467939217067,360.00,192.00,418,212491,8573,370.43,184.73,121.95,0.9659,0,0.8994,0.2802,0.9717,10000,3136,10,8.988,381.4,277.2,gicp_d4_i60,10423.9,0.6735,0.2444,6.222,4.375,6.222
5334,1566536467939217067,360.00,192.00,418,212491,8573,370.43,184.73,121.95,0.9659,0,0.8994,0.2802,0.9717,10000,3136,10,8.988,381.4,277.2,ndt_r4_i30,1963.8,0.6744,0.2422,5.916,3.789,5.916
5334,1566536467939217067,360.00,192.00,418,212491,8573,370.43,184.73,121.95,0.9659,0,0.8994,0.2802,0.9717,10000,3136,10,8.988,381.4,277.2,ndt_r3_i60,2657.0,0.7616,0.2415,2.887,5.240,2.887
5407,1566536475239296031,384.00,168.00,410,217597,10801,387.36,157.50,121.52,0.9669,0,0.6793,0.5098,0.9732,10000,3213,10,5.517,488.3,332.2,icp_d6_i30,4504.7,0.6456,0.2599,41.830,117.652,6.565
5407,1566536475239296031,384.00,168.00,410,217597,10801,387.36,157.50,121.52,0.9669,0,0.6793,0.5098,0.9732,10000,3213,10,5.517,488.3,332.2,icp_d4_i60,7709.0,0.6989,0.2503,43.602,26.408,7.193
5407,1566536475239296031,384.00,168.00,410,217597,10801,387.36,157.50,121.52,0.9669,0,0.6793,0.5098,0.9732,10000,3213,10,5.517,488.3,332.2,gicp_d6_i30,4998.5,0.7104,0.2456,37.771,3.845,6.772
5407,1566536475239296031,384.00,168.00,410,217597,10801,387.36,157.50,121.52,0.9669,0,0.6793,0.5098,0.9732,10000,3213,10,5.517,488.3,332.2,gicp_d4_i60,9597.0,0.7135,0.2454,35.678,2.871,4.359
5407,1566536475239296031,384.00,168.00,410,217597,10801,387.36,157.50,121.52,0.9669,0,0.6793,0.5098,0.9732,10000,3213,10,5.517,488.3,332.2,ndt_r4_i30,2235.1,0.7057,0.2367,35.542,169.231,3.220
5407,1566536475239296031,384.00,168.00,410,217597,10801,387.36,157.50,121.52,0.9669,0,0.6793,0.5098,0.9732,10000,3213,10,5.517,488.3,332.2,ndt_r3_i60,3053.6,0.9534,0.2462,0.793,2.148,0.793
5480,1566536482539084456,408.00,120.00,339,151452,5802,417.88,109.05,123.26,0.9702,1,0.4521,0.1417,0.9704,10000,4183,10,0.753,275.6,190.1,icp_d6_i30,2252.1,0.9704,0.2459,0.386,0.000,0.386
5480,1566536482539084456,408.00,120.00,339,151452,5802,417.88,109.05,123.26,0.9702,1,0.4521,0.1417,0.9704,10000,4183,10,0.753,275.6,190.1,icp_d4_i60,3536.4,0.9704,0.2463,0.432,0.080,0.408
5480,1566536482539084456,408.00,120.00,339,151452,5802,417.88,109.05,123.26,0.9702,1,0.4521,0.1417,0.9704,10000,4183,10,0.753,275.6,190.1,gicp_d6_i30,4133.3,0.9704,0.2465,0.452,0.139,0.452
5480,1566536482539084456,408.00,120.00,339,151452,5802,417.88,109.05,123.26,0.9702,1,0.4521,0.1417,0.9704,10000,4183,10,0.753,275.6,190.1,gicp_d4_i60,5538.0,0.9704,0.2465,0.452,0.144,0.452
5480,1566536482539084456,408.00,120.00,339,151452,5802,417.88,109.05,123.26,0.9702,1,0.4521,0.1417,0.9704,10000,4183,10,0.753,275.6,190.1,ndt_r4_i30,1685.1,0.9700,0.2542,0.703,1.201,0.700
5480,1566536482539084456,408.00,120.00,339,151452,5802,417.88,109.05,123.26,0.9702,1,0.4521,0.1417,0.9704,10000,4183,10,0.753,275.6,190.1,ndt_r3_i60,1893.5,0.9702,0.2521,0.467,0.519,0.467
5553,1566536489839656962,456.00,48.00,429,137405,6498,452.76,54.17,122.33,0.9738,1,0.3370,0.3470,0.9731,10000,1636,10,3.419,183.8,178.7,icp_d6_i30,2889.4,0.9729,0.2416,0.468,0.692,0.468
5553,1566536489839656962,456.00,48.00,429,137405,6498,452.76,54.17,122.33,0.9738,1,0.3370,0.3470,0.9731,10000,1636,10,3.419,183.8,178.7,icp_d4_i60,5029.7,0.9737,0.2428,0.337,0.323,0.337
5553,1566536489839656962,456.00,48.00,429,137405,6498,452.76,54.17,122.33,0.9738,1,0.3370,0.3470,0.9731,10000,1636,10,3.419,183.8,178.7,gicp_d6_i30,5139.3,0.9731,0.2423,0.337,0.346,0.337
5553,1566536489839656962,456.00,48.00,429,137405,6498,452.76,54.17,122.33,0.9738,1,0.3370,0.3470,0.9731,10000,1636,10,3.419,183.8,178.7,gicp_d4_i60,8797.0,0.9731,0.2423,0.337,0.345,0.337
5553,1566536489839656962,456.00,48.00,429,137405,6498,452.76,54.17,122.33,0.9738,1,0.3370,0.3470,0.9731,10000,1636,10,3.419,183.8,178.7,ndt_r4_i30,2094.5,0.9680,0.2423,0.852,0.935,0.852
5553,1566536489839656962,456.00,48.00,429,137405,6498,452.76,54.17,122.33,0.9738,1,0.3370,0.3470,0.9731,10000,1636,10,3.419,183.8,178.7,ndt_r3_i60,2563.1,0.9738,0.2422,0.397,0.545,0.397
5626,1566536497139105675,480.00,24.00,511,211274,6845,478.36,12.01,117.12,0.9791,1,0.2872,0.8724,0.9797,10000,2465,10,1.305,305.1,203.3,icp_d6_i30,3081.0,0.9801,0.2423,0.638,2.313,0.459
5626,1566536497139105675,480.00,24.00,511,211274,6845,478.36,12.01,117.12,0.9791,1,0.2872,0.8724,0.9797,10000,2465,10,1.305,305.1,203.3,icp_d4_i60,5101.5,0.9819,0.2422,0.452,1.810,0.375
5626,1566536497139105675,480.00,24.00,511,211274,6845,478.36,12.01,117.12,0.9791,1,0.2872,0.8724,0.9797,10000,2465,10,1.305,305.1,203.3,gicp_d6_i30,4889.5,0.9798,0.2490,0.185,0.882,0.185
5626,1566536497139105675,480.00,24.00,511,211274,6845,478.36,12.01,117.12,0.9791,1,0.2872,0.8724,0.9797,10000,2465,10,1.305,305.1,203.3,gicp_d4_i60,7611.0,0.9798,0.2495,0.286,0.884,0.286
5626,1566536497139105675,480.00,24.00,511,211274,6845,478.36,12.01,117.12,0.9791,1,0.2872,0.8724,0.9797,10000,2465,10,1.305,305.1,203.3,ndt_r4_i30,2174.3,0.9812,0.2452,0.182,1.238,0.177
5626,1566536497139105675,480.00,24.00,511,211274,6845,478.36,12.01,117.12,0.9791,1,0.2872,0.8724,0.9797,10000,2465,10,1.305,305.1,203.3,ndt_r3_i60,2745.3,0.9807,0.2467,0.173,1.405,0.169
5699,1566536504446557814,480.00,-48.00,375,167958,9933,481.53,-44.46,75.19,0.9385,1,1.1794,0.4905,0.9931,10000,3458,10,2.278,402.6,298.0,icp_d6_i30,3893.2,0.9944,0.2468,1.076,0.780,1.076
5699,1566536504446557814,480.00,-48.00,375,167958,9933,481.53,-44.46,75.19,0.9385,1,1.1794,0.4905,0.9931,10000,3458,10,2.278,402.6,298.0,icp_d4_i60,6648.9,0.9938,0.2453,1.173,0.530,1.149
5699,1566536504446557814,480.00,-48.00,375,167958,9933,481.53,-44.46,75.19,0.9385,1,1.1794,0.4905,0.9931,10000,3458,10,2.278,402.6,298.0,gicp_d6_i30,4257.3,0.9931,0.2454,1.178,0.492,1.178
5699,1566536504446557814,480.00,-48.00,375,167958,9933,481.53,-44.46,75.19,0.9385,1,1.1794,0.4905,0.9931,10000,3458,10,2.278,402.6,298.0,gicp_d4_i60,6946.0,0.9931,0.2454,1.179,0.491,1.179
5699,1566536504446557814,480.00,-48.00,375,167958,9933,481.53,-44.46,75.19,0.9385,1,1.1794,0.4905,0.9931,10000,3458,10,2.278,402.6,298.0,ndt_r4_i30,2511.3,0.9932,0.2442,1.163,1.047,1.029
5699,1566536504446557814,480.00,-48.00,375,167958,9933,481.53,-44.46,75.19,0.9385,1,1.1794,0.4905,0.9931,10000,3458,10,2.278,402.6,298.0,ndt_r3_i60,2744.9,0.9932,0.2444,1.215,0.776,1.197
5772,1566536511743167713,456.00,-96.00,320,178768,10745,450.82,-92.06,40.40,0.9723,1,0.1820,1.8602,0.9879,10000,3823,10,1.457,499.5,324.4,icp_d6_i30,4203.5,0.9890,0.2434,0.263,1.716,0.189
5772,1566536511743167713,456.00,-96.00,320,178768,10745,450.82,-92.06,40.40,0.9723,1,0.1820,1.8602,0.9879,10000,3823,10,1.457,499.5,324.4,icp_d4_i60,7139.4,0.9888,0.2434,0.297,1.873,0.181
5772,1566536511743167713,456.00,-96.00,320,178768,10745,450.82,-92.06,40.40,0.9723,1,0.1820,1.8602,0.9879,10000,3823,10,1.457,499.5,324.4,gicp_d6_i30,3716.7,0.9880,0.2440,0.167,1.841,0.167
5772,1566536511743167713,456.00,-96.00,320,178768,10745,450.82,-92.06,40.40,0.9723,1,0.1820,1.8602,0.9879,10000,3823,10,1.457,499.5,324.4,gicp_d4_i60,6639.4,0.9879,0.2440,0.177,1.863,0.177
5772,1566536511743167713,456.00,-96.00,320,178768,10745,450.82,-92.06,40.40,0.9723,1,0.1820,1.8602,0.9879,10000,3823,10,1.457,499.5,324.4,ndt_r4_i30,2270.3,0.9893,0.2457,0.326,1.967,0.326
5772,1566536511743167713,456.00,-96.00,320,178768,10745,450.82,-92.06,40.40,0.9723,1,0.1820,1.8602,0.9879,10000,3823,10,1.457,499.5,324.4,ndt_r3_i60,3192.7,0.9890,0.2453,0.292,1.872,0.291
5845,1566536519039107172,408.00,-120.00,324,194269,12483,414.71,-116.93,33.30,0.9244,1,1.1674,0.9785,0.9875,10000,2734,10,1.741,618.1,383.2,icp_d6_i30,4900.0,0.9878,0.2500,1.137,0.932,1.137
5845,1566536519039107172,408.00,-120.00,324,194269,12483,414.71,-116.93,33.30,0.9244,1,1.1674,0.9785,0.9875,10000,2734,10,1.741,618.1,383.2,icp_d4_i60,8071.1,0.9878,0.2500,1.140,0.927,1.071
5845,1566536519039107172,408.00,-120.00,324,194269,12483,414.71,-116.93,33.30,0.9244,1,1.1674,0.9785,0.9875,10000,2734,10,1.741,618.1,383.2,gicp_d6_i30,4322.9,0.9876,0.2528,1.168,0.977,1.167
5845,1566536519039107172,408.00,-120.00,324,194269,12483,414.71,-116.93,33.30,0.9244,1,1.1674,0.9785,0.9875,10000,2734,10,1.741,618.1,383.2,gicp_d4_i60,6328.2,0.9878,0.2538,1.233,1.093,1.167
5845,1566536519039107172,408.00,-120.00,324,194269,12483,414.71,-116.93,33.30,0.9244,1,1.1674,0.9785,0.9875,10000,2734,10,1.741,618.1,383.2,ndt_r4_i30,2082.4,0.9872,0.2512,1.083,0.975,1.071
5845,1566536519039107172,408.00,-120.00,324,194269,12483,414.71,-116.93,33.30,0.9244,1,1.1674,0.9785,0.9875,10000,2734,10,1.741,618.1,383.2,ndt_r3_i60,2728.1,0.9873,0.2515,1.094,0.943,1.094
5918,1566536526338288661,360.00,-144.00,420,235958,12742,358.61,-152.51,32.56,0.9504,0,1.2564,0.4631,0.9779,10000,2674,10,1.058,681.9,403.0,icp_d6_i30,5231.8,0.9520,0.2490,0.692,2.286,0.692
5918,1566536526338288661,360.00,-144.00,420,235958,12742,358.61,-152.51,32.56,0.9504,0,1.2564,0.4631,0.9779,10000,2674,10,1.058,681.9,403.0,icp_d4_i60,9748.7,0.9790,0.2459,1.143,0.601,1.143
5918,1566536526338288661,360.00,-144.00,420,235958,12742,358.61,-152.51,32.56,0.9504,0,1.2564,0.4631,0.9779,10000,2674,10,1.058,681.9,403.0,gicp_d6_i30,5313.1,0.9784,0.2497,1.216,0.424,1.213
5918,1566536526338288661,360.00,-144.00,420,235958,12742,358.61,-152.51,32.56,0.9504,0,1.2564,0.4631,0.9779,10000,2674,10,1.058,681.9,403.0,gicp_d4_i60,9971.6,0.9778,0.2496,1.257,0.456,1.256
5918,1566536526338288661,360.00,-144.00,420,235958,12742,358.61,-152.51,32.56,0.9504,0,1.2564,0.4631,0.9779,10000,2674,10,1.058,681.9,403.0,ndt_r4_i30,2385.7,0.9786,0.2513,1.050,0.631,1.041
5918,1566536526338288661,360.00,-144.00,420,235958,12742,358.61,-152.51,32.56,0.9504,0,1.2564,0.4631,0.9779,10000,2674,10,1.058,681.9,403.0,ndt_r3_i60,3959.8,0.9786,0.2507,1.138,0.554,1.126
5991,1566536533642614377,312.00,-168.00,421,272319,13306,320.67,-170.35,-8.03,0.9588,0,0.9821,1.2608,0.9781,10000,2269,10,3.430,844.7,450.3,icp_d6_i30,5938.0,0.9777,0.2378,0.994,0.784,0.994
5991,1566536533642614377,312.00,-168.00,421,272319,13306,320.67,-170.35,-8.03,0.9588,0,0.9821,1.2608,0.9781,10000,2269,10,3.430,844.7,450.3,icp_d4_i60,10416.3,0.9787,0.2386,1.067,1.140,1.067
5991,1566536533642614377,312.00,-168.00,421,272319,13306,320.67,-170.35,-8.03,0.9588,0,0.9821,1.2608,0.9781,10000,2269,10,3.430,844.7,450.3,gicp_d6_i30,5454.9,0.9781,0.2376,0.902,1.002,0.902
5991,1566536533642614377,312.00,-168.00,421,272319,13306,320.67,-170.35,-8.03,0.9588,0,0.9821,1.2608,0.9781,10000,2269,10,3.430,844.7,450.3,gicp_d4_i60,9644.7,0.9781,0.2378,1.184,0.812,0.930
5991,1566536533642614377,312.00,-168.00,421,272319,13306,320.67,-170.35,-8.03,0.9588,0,0.9821,1.2608,0.9781,10000,2269,10,3.430,844.7,450.3,ndt_r4_i30,2062.2,0.9787,0.2392,1.180,1.281,1.180
5991,1566536533642614377,312.00,-168.00,421,272319,13306,320.67,-170.35,-8.03,0.9588,0,0.9821,1.2608,0.9781,10000,2269,10,3.430,844.7,450.3,ndt_r3_i60,3914.8,0.9781,0.2385,1.111,1.027,1.103
6064,1566536540937813437,288.00,-144.00,410,225019,10888,294.69,-135.52,-57.89,0.9195,1,1.1948,0.8734,0.9452,10000,2623,10,8.838,472.7,350.0,icp_d6_i30,4746.2,0.5948,0.2542,46.844,84.635,8.361
6064,1566536540937813437,288.00,-144.00,410,225019,10888,294.69,-135.52,-57.89,0.9195,1,1.1948,0.8734,0.9452,10000,2623,10,8.838,472.7,350.0,icp_d4_i60,8933.2,0.6036,0.2495,46.910,58.783,8.160
6064,1566536540937813437,288.00,-144.00,410,225019,10888,294.69,-135.52,-57.89,0.9195,1,1.1948,0.8734,0.9452,10000,2623,10,8.838,472.7,350.0,gicp_d6_i30,4751.3,0.6497,0.2285,40.501,84.354,6.953
6064,1566536540937813437,288.00,-144.00,410,225019,10888,294.69,-135.52,-57.89,0.9195,1,1.1948,0.8734,0.9452,10000,2623,10,8.838,472.7,350.0,gicp_d4_i60,11067.1,0.6629,0.2309,40.314,85.982,7.043
6064,1566536540937813437,288.00,-144.00,410,225019,10888,294.69,-135.52,-57.89,0.9195,1,1.1948,0.8734,0.9452,10000,2623,10,8.838,472.7,350.0,ndt_r4_i30,1954.1,0.6740,0.2375,45.788,52.505,7.707
6064,1566536540937813437,288.00,-144.00,410,225019,10888,294.69,-135.52,-57.89,0.9195,1,1.1948,0.8734,0.9452,10000,2623,10,8.838,472.7,350.0,ndt_r3_i60,2317.3,0.6838,0.2356,45.362,50.469,7.663
6137,1566536548237379035,264.00,-72.00,156,133306,10172,258.02,-77.20,-58.03,0.8432,1,1.2339,0.5243,0.9771,10000,1161,10,1.151,204.5,288.3,icp_d6_i30,3726.2,0.9776,0.2588,1.201,0.729,0.562
6137,1566536548237379035,264.00,-72.00,156,133306,10172,258.02,-77.20,-58.03,0.8432,1,1.2339,0.5243,0.9771,10000,1161,10,1.151,204.5,288.3,icp_d4_i60,5329.0,0.9779,0.2595,1.239,0.643,1.218
6137,1566536548237379035,264.00,-72.00,156,133306,10172,258.02,-77.20,-58.03,0.8432,1,1.2339,0.5243,0.9771,10000,1161,10,1.151,204.5,288.3,gicp_d6_i30,1904.7,0.9772,0.2566,1.232,0.519,1.232
6137,1566536548237379035,264.00,-72.00,156,133306,10172,258.02,-77.20,-58.03,0.8432,1,1.2339,0.5243,0.9771,10000,1161,10,1.151,204.5,288.3,gicp_d4_i60,3404.1,0.9771,0.2568,1.234,0.527,1.234
6137,1566536548237379035,264.00,-72.00,156,133306,10172,258.02,-77.20,-58.03,0.8432,1,1.2339,0.5243,0.9771,10000,1161,10,1.151,204.5,288.3,ndt_r4_i30,2137.7,0.9778,0.2604,1.201,0.715,0.492
6137,1566536548237379035,264.00,-72.00,156,133306,10172,258.02,-77.20,-58.03,0.8432,1,1.2339,0.5243,0.9771,10000,1161,10,1.151,204.5,288.3,ndt_r3_i60,3216.5,0.9775,0.2600,1.229,0.660,0.981
6210,1566536555538999502,216.00,-24.00,204,138728,11029,221.96,-19.66,-57.73,0.9620,1,0.9882,0.4466,0.9770,10000,3197,10,1.239,382.3,332.7,icp_d6_i30,4256.2,0.9769,0.2513,1.158,0.726,0.868
6210,1566536555538999502,216.00,-24.00,204,138728,11029,221.96,-19.66,-57.73,0.9620,1,0.9882,0.4466,0.9770,10000,3197,10,1.239,382.3,332.7,icp_d4_i60,6186.1,0.9773,0.2512,0.997,0.615,0.885
6210,1566536555538999502,216.00,-24.00,204,138728,11029,221.96,-19.66,-57.73,0.9620,1,0.9882,0.4466,0.9770,10000,3197,10,1.239,382.3,332.7,gicp_d6_i30,3598.5,0.9769,0.2509,0.987,0.449,0.987
6210,1566536555538999502,216.00,-24.00,204,138728,11029,221.96,-19.66,-57.73,0.9620,1,0.9882,0.4466,0.9770,10000,3197,10,1.239,382.3,332.7,gicp_d4_i60,4515.0,0.9769,0.2509,0.988,0.453,0.988
6210,1566536555538999502,216.00,-24.00,204,138728,11029,221.96,-19.66,-57.73,0.9620,1,0.9882,0.4466,0.9770,10000,3197,10,1.239,382.3,332.7,ndt_r4_i30,1998.1,0.9762,0.2526,0.905,0.457,0.905
6210,1566536555538999502,216.00,-24.00,204,138728,11029,221.96,-19.66,-57.73,0.9620,1,0.9882,0.4466,0.9770,10000,3197,10,1.239,382.3,332.7,ndt_r3_i60,2720.0,0.9768,0.2527,1.029,0.456,1.029
6283,1566536562843212498,216.00,24.00,312,209561,11698,208.24,25.69,-130.38,0.9752,1,0.5299,0.8485,0.9830,10000,3421,10,3.513,453.5,387.6,icp_d6_i30,5134.5,0.9820,0.2630,0.468,1.002,0.468
6283,1566536562843212498,216.00,24.00,312,209561,11698,208.24,25.69,-130.38,0.9752,1,0.5299,0.8485,0.9830,10000,3421,10,3.513,453.5,387.6,icp_d4_i60,8157.3,0.9833,0.2596,0.608,0.822,0.608
6283,1566536562843212498,216.00,24.00,312,209561,11698,208.24,25.69,-130.38,0.9752,1,0.5299,0.8485,0.9830,10000,3421,10,3.513,453.5,387.6,gicp_d6_i30,5330.4,0.9827,0.2595,0.536,0.812,0.522
6283,1566536562843212498,216.00,24.00,312,209561,11698,208.24,25.69,-130.38,0.9752,1,0.5299,0.8485,0.9830,10000,3421,10,3.513,453.5,387.6,gicp_d4_i60,9646.5,0.9830,0.2601,0.529,0.846,0.522
6283,1566536562843212498,216.00,24.00,312,209561,11698,208.24,25.69,-130.38,0.9752,1,0.5299,0.8485,0.9830,10000,3421,10,3.513,453.5,387.6,ndt_r4_i30,2124.9,0.9565,0.2458,0.640,1.884,0.640
6283,1566536562843212498,216.00,24.00,312,209561,11698,208.24,25.69,-130.38,0.9752,1,0.5299,0.8485,0.9830,10000,3421,10,3.513,453.5,387.6,ndt_r3_i60,3428.2,0.9826,0.2514,0.754,0.907,0.754
6356,1566536570144449966,240.00,48.00,299,201374,10723,247.36,53.93,-133.36,0.9547,1,0.8086,0.4277,0.9751,10000,3143,10,1.165,440.7,334.2,icp_d6_i30,3732.4,0.9759,0.2542,1.103,0.535,0.743
6356,1566536570144449966,240.00,48.00,299,201374,10723,247.36,53.93,-133.36,0.9547,1,0.8086,0.4277,0.9751,10000,3143,10,1.165,440.7,334.2,icp_d4_i60,6542.5,0.9758,0.2543,1.091,0.528,0.816
6356,1566536570144449966,240.00,48.00,299,201374,10723,247.36,53.93,-133.36,0.9547,1,0.8086,0.4277,0.9751,10000,3143,10,1.165,440.7,334.2,gicp_d6_i30,5417.3,0.9757,0.2516,0.817,0.411,0.813
6356,1566536570144449966,240.00,48.00,299,201374,10723,247.36,53.93,-133.36,0.9547,1,0.8086,0.4277,0.9751,10000,3143,10,1.165,440.7,334.2,gicp_d4_i60,9330.1,0.9755,0.2515,0.813,0.414,0.813
6356,1566536570144449966,240.00,48.00,299,201374,10723,247.36,53.93,-133.36,0.9547,1,0.8086,0.4277,0.9751,10000,3143,10,1.165,440.7,334.2,ndt_r4_i30,2128.4,0.9749,0.2448,1.093,0.569,1.082
6356,1566536570144449966,240.00,48.00,299,201374,10723,247.36,53.93,-133.36,0.9547,1,0.8086,0.4277,0.9751,10000,3143,10,1.165,440.7,334.2,ndt_r3_i60,2713.6,0.9752,0.2493,0.970,0.442,0.833
6429,1566536577440034625,264.00,72.00,214,134982,10556,273.52,78.01,-149.46,0.5621,1,1.4403,1.4180,0.7364,10000,1134,10,1.880,289.1,291.3,icp_d6_i30,3842.7,0.7366,0.2463,1.603,1.538,1.530
6429,1566536577440034625,264.00,72.00,214,134982,10556,273.52,78.01,-149.46,0.5621,1,1.4403,1.4180,0.7364,10000,1134,10,1.880,289.1,291.3,icp_d4_i60,5133.9,0.7370,0.2454,1.488,1.353,1.488
6429,1566536577440034625,264.00,72.00,214,134982,10556,273.52,78.01,-149.46,0.5621,1,1.4403,1.4180,0.7364,10000,1134,10,1.880,289.1,291.3,gicp_d6_i30,4422.2,0.7365,0.2445,1.449,1.444,1.445
6429,1566536577440034625,264.00,72.00,214,134982,10556,273.52,78.01,-149.46,0.5621,1,1.4403,1.4180,0.7364,10000,1134,10,1.880,289.1,291.3,gicp_d4_i60,7662.7,0.7369,0.2434,1.453,1.417,1.450
6429,1566536577440034625,264.00,72.00,214,134982,10556,273.52,78.01,-149.46,0.5621,1,1.4403,1.4180,0.7364,10000,1134,10,1.880,289.1,291.3,ndt_r4_i30,1537.4,0.7380,0.2453,1.517,1.003,1.517
6429,1566536577440034625,264.00,72.00,214,134982,10556,273.52,78.01,-149.46,0.5621,1,1.4403,1.4180,0.7364,10000,1134,10,1.880,289.1,291.3,ndt_r3_i60,2052.7,0.7374,0.2492,1.401,1.020,1.401
6502,1566536584738623368,312.00,96.00,62,35871,10549,308.97,100.28,-146.83,0.1678,1,2.6304,1.8167,0.2733,10000,97,10,48.302,143.1,228.9,icp_d6_i30,4952.1,0.3469,0.2469,53.845,1.974,47.409
6502,1566536584738623368,312.00,96.00,62,35871,10549,308.97,100.28,-146.83,0.1678,1,2.6304,1.8167,0.2733,10000,97,10,48.302,143.1,228.9,icp_d4_i60,8307.1,0.3761,0.2425,56.379,1.812,48.805
6502,1566536584738623368,312.00,96.00,62,35871,10549,308.97,100.28,-146.83,0.1678,1,2.6304,1.8167,0.2733,10000,97,10,48.302,143.1,228.9,gicp_d6_i30,5420.7,0.3456,0.2666,55.334,1.738,47.287
6502,1566536584738623368,312.00,96.00,62,35871,10549,308.97,100.28,-146.83,0.1678,1,2.6304,1.8167,0.2733,10000,97,10,48.302,143.1,228.9,gicp_d4_i60,9380.0,0.3531,0.2628,56.925,2.369,45.551
6502,1566536584738623368,312.00,96.00,62,35871,10549,308.97,100.28,-146.83,0.1678,1,2.6304,1.8167,0.2733,10000,97,10,48.302,143.1,228.9,ndt_r4_i30,1654.1,0.3689,0.2517,63.117,4.202,49.808
6502,1566536584738623368,312.00,96.00,62,35871,10549,308.97,100.28,-146.83,0.1678,1,2.6304,1.8167,0.2733,10000,97,10,48.302,143.1,228.9,ndt_r3_i60,2953.6,0.3808,0.2507,63.612,4.001,48.471
6575,1566536592038416724,336.00,120.00,225,82849,10792,335.68,117.08,-148.63,0.4144,1,1.8321,0.6281,0.4824,10000,115,10,27.008,241.9,259.0,icp_d6_i30,4986.3,0.3597,0.2441,31.513,5.365,25.561
6575,1566536592038416724,336.00,120.00,225,82849,10792,335.68,117.08,-148.63,0.4144,1,1.8321,0.6281,0.4824,10000,115,10,27.008,241.9,259.0,icp_d4_i60,8229.5,0.3708,0.2494,33.511,2.706,26.893
6575,1566536592038416724,336.00,120.00,225,82849,10792,335.68,117.08,-148.63,0.4144,1,1.8321,0.6281,0.4824,10000,115,10,27.008,241.9,259.0,gicp_d6_i30,5242.6,0.3512,0.2655,53.167,171.021,25.034
6575,1566536592038416724,336.00,120.00,225,82849,10792,335.68,117.08,-148.63,0.4144,1,1.8321,0.6281,0.4824,10000,115,10,27.008,241.9,259.0,gicp_d4_i60,10424.0,0.4027,0.2461,34.457,1.259,25.362
6575,1566536592038416724,336.00,120.00,225,82849,10792,335.68,117.08,-148.63,0.4144,1,1.8321,0.6281,0.4824,10000,115,10,27.008,241.9,259.0,ndt_r4_i30,2048.0,0.4105,0.2543,33.220,1.908,26.534
6575,1566536592038416724,336.00,120.00,225,82849,10792,335.68,117.08,-148.63,0.4144,1,1.8321,0.6281,0.4824,10000,115,10,27.008,241.9,259.0,ndt_r3_i60,2393.2,0.4091,0.2527,33.406,2.089,27.494
6648,1566536599342259953,360.00,144.00,352,166300,12015,369.07,141.85,-134.76,0.8868,1,1.4530,0.7397,0.9696,10000,1045,10,0.598,430.9,325.0,icp_d6_i30,5095.7,0.9679,0.2521,1.269,1.296,1.269
6648,1566536599342259953,360.00,144.00,352,166300,12015,369.07,141.85,-134.76,0.8868,1,1.4530,0.7397,0.9696,10000,1045,10,0.598,430.9,325.0,icp_d4_i60,9133.1,0.9717,0.2545,1.303,0.818,1.284
6648,1566536599342259953,360.00,144.00,352,166300,12015,369.07,141.85,-134.76,0.8868,1,1.4530,0.7397,0.9696,10000,1045,10,0.598,430.9,325.0,gicp_d6_i30,4772.4,0.9694,0.2542,1.485,0.907,1.478
6648,1566536599342259953,360.00,144.00,352,166300,12015,369.07,141.85,-134.76,0.8868,1,1.4530,0.7397,0.9696,10000,1045,10,0.598,430.9,325.0,gicp_d4_i60,8498.6,0.9697,0.2561,1.465,0.716,1.458
6648,1566536599342259953,360.00,144.00,352,166300,12015,369.07,141.85,-134.76,0.8868,1,1.4530,0.7397,0.9696,10000,1045,10,0.598,430.9,325.0,ndt_r4_i30,2322.9,0.9705,0.2540,1.342,0.836,1.341
6648,1566536599342259953,360.00,144.00,352,166300,12015,369.07,141.85,-134.76,0.8868,1,1.4530,0.7397,0.9696,10000,1045,10,0.598,430.9,325.0,ndt_r3_i60,3011.6,0.9710,0.2563,1.334,0.671,1.325
6721,1566536606640053797,384.00,168.00,410,217597,9763,379.32,173.90,-68.73,0.8806,1,1.4052,0.6242,0.9692,10000,2756,10,1.223,474.1,298.6,icp_d6_i30,4631.4,0.9656,0.2509,1.054,1.222,1.054
6721,1566536606640053797,384.00,168.00,410,217597,9763,379.32,173.90,-68.73,0.8806,1,1.4052,0.6242,0.9692,10000,2756,10,1.223,474.1,298.6,icp_d4_i60,6122.9,0.9691,0.2551,1.413,0.627,1.413
6721,1566536606640053797,384.00,168.00,410,217597,9763,379.32,173.90,-68.73,0.8806,1,1.4052,0.6242,0.9692,10000,2756,10,1.223,474.1,298.6,gicp_d6_i30,5380.0,0.9688,0.2558,1.408,0.606,1.408
6721,1566536606640053797,384.00,168.00,410,217597,9763,379.32,173.90,-68.73,0.8806,1,1.4052,0.6242,0.9692,10000,2756,10,1.223,474.1,298.6,gicp_d4_i60,9847.6,0.9693,0.2560,1.413,0.617,1.413
6721,1566536606640053797,384.00,168.00,410,217597,9763,379.32,173.90,-68.73,0.8806,1,1.4052,0.6242,0.9692,10000,2756,10,1.223,474.1,298.6,ndt_r4_i30,1871.2,0.9688,0.2542,1.484,0.811,1.484
6721,1566536606640053797,384.00,168.00,410,217597,9763,379.32,173.90,-68.73,0.8806,1,1.4052,0.6242,0.9692,10000,2756,10,1.223,474.1,298.6,ndt_r3_i60,2923.3,0.9688,0.2559,1.437,0.787,1.437
6794,1566536613936211960,360.00,216.00,433,196600,9375,348.01,225.22,-58.03,0.8839,1,1.9489,1.1649,0.9435,10000,4789,10,1.457,364.5,291.7,icp_d6_i30,3968.1,0.9173,0.2451,1.776,2.568,1.776
6794,1566536613936211960,360.00,216.00,433,196600,9375,348.01,225.22,-58.03,0.8839,1,1.9489,1.1649,0.9435,10000,4789,10,1.457,364.5,291.7,icp_d4_i60,7788.2,0.9283,0.2489,2.547,2.844,2.165
6794,1566536613936211960,360.00,216.00,433,196600,9375,348.01,225.22,-58.03,0.8839,1,1.9489,1.1649,0.9435,10000,4789,10,1.457,364.5,291.7,gicp_d6_i30,4952.0,0.9360,0.2506,2.406,2.571,2.406
6794,1566536613936211960,360.00,216.00,433,196600,9375,348.01,225.22,-58.03,0.8839,1,1.9489,1.1649,0.9435,10000,4789,10,1.457,364.5,291.7,gicp_d4_i60,8309.8,0.9361,0.2504,2.385,2.516,2.385
6794,1566536613936211960,360.00,216.00,433,196600,9375,348.01,225.22,-58.03,0.8839,1,1.9489,1.1649,0.9435,10000,4789,10,1.457,364.5,291.7,ndt_r4_i30,2042.7,0.9170,0.2493,3.348,2.176,1.495
6794,1566536613936211960,360.00,216.00,433,196600,9375,348.01,225.22,-58.03,0.8839,1,1.9489,1.1649,0.9435,10000,4789,10,1.457,364.5,291.7,ndt_r3_i60,3106.0,0.9418,0.2489,1.949,0.642,1.868
6867,1566536621239184436,312.00,288.00,350,158664,11428,312.85,279.69,-55.38,0.7409,1,2.0863,1.0103,0.9863,10000,2399,10,1.839,369.1,320.6,icp_d6_i30,4586.5,0.9866,0.2512,2.032,1.041,1.813
6867,1566536621239184436,312.00,288.00,350,158664,11428,312.85,279.69,-55.38,0.7409,1,2.0863,1.0103,0.9863,10000,2399,10,1.839,369.1,320.6,icp_d4_i60,7800.2,0.9870,0.2513,2.047,1.110,2.009
6867,1566536621239184436,312.00,288.00,350,158664,11428,312.85,279.69,-55.38,0.7409,1,2.0863,1.0103,0.9863,10000,2399,10,1.839,369.1,320.6,gicp_d6_i30,5103.2,0.9860,0.2492,2.087,0.992,2.087
6867,1566536621239184436,312.00,288.00,350,158664,11428,312.85,279.69,-55.38,0.7409,1,2.0863,1.0103,0.9863,10000,2399,10,1.839,369.1,320.6,gicp_d4_i60,6617.8,0.9863,0.2493,2.088,1.014,2.088
6867,1566536621239184436,312.00,288.00,350,158664,11428,312.85,279.69,-55.38,0.7409,1,2.0863,1.0103,0.9863,10000,2399,10,1.839,369.1,320.6,ndt_r4_i30,1954.4,0.9856,0.2495,2.047,0.796,1.774
6867,1566536621239184436,312.00,288.00,350,158664,11428,312.85,279.69,-55.38,0.7409,1,2.0863,1.0103,0.9863,10000,2399,10,1.839,369.1,320.6,ndt_r3_i60,2943.0,0.9863,0.2502,2.029,0.892,2.014
6940,1566536628543626403,288.00,288.00,368,157590,10110,276.08,296.01,14.62,0.9498,1,0.8973,0.8784,0.9777,10000,1935,10,3.160,344.3,295.2,icp_d6_i30,4401.8,0.9797,0.2534,1.221,1.143,1.091
6940,1566536628543626403,288.00,288.00,368,157590,10110,276.08,296.01,14.62,0.9498,1,0.8973,0.8784,0.9777,10000,1935,10,3.160,344.3,295.2,icp_d4_i60,7416.1,0.9800,0.2533,1.248,1.117,0.413
6940,1566536628543626403,288.00,288.00,368,157590,10110,276.08,296.01,14.62,0.9498,1,0.8973,0.8784,0.9777,10000,1935,10,3.160,344.3,295.2,gicp_d6_i30,3742.0,0.9779,0.2563,0.894,0.876,0.894
6940,1566536628543626403,288.00,288.00,368,157590,10110,276.08,296.01,14.62,0.9498,1,0.8973,0.8784,0.9777,10000,1935,10,3.160,344.3,295.2,gicp_d4_i60,4962.0,0.9777,0.2562,0.897,0.877,0.897
6940,1566536628543626403,288.00,288.00,368,157590,10110,276.08,296.01,14.62,0.9498,1,0.8973,0.8784,0.9777,10000,1935,10,3.160,344.3,295.2,ndt_r4_i30,2272.4,0.9795,0.2557,1.160,1.125,0.623
6940,1566536628543626403,288.00,288.00,368,157590,10110,276.08,296.01,14.62,0.9498,1,0.8973,0.8784,0.9777,10000,1935,10,3.160,344.3,295.2,ndt_r3_i60,3117.9,0.9796,0.2563,1.146,1.181,0.400
7013,1566536635840259050,216.00,264.00,327,176882,12479,222.09,267.18,28.69,0.9331,1,1.1449,0.5493,0.9873,10000,529,10,1.386,452.7,362.5,icp_d6_i30,5003.9,0.9875,0.2428,1.081,1.034,0.495
7013,1566536635840259050,216.00,264.00,327,176882,12479,222.09,267.18,28.69,0.9331,1,1.1449,0.5493,0.9873,10000,529,10,1.386,452.7,362.5,icp_d4_i60,8582.7,0.9877,0.2420,1.237,0.721,1.161
7013,1566536635840259050,216.00,264.00,327,176882,12479,222.09,267.18,28.69,0.9331,1,1.1449,0.5493,0.9873,10000,529,10,1.386,452.7,362.5,gicp_d6_i30,3435.8,0.9873,0.2430,1.147,0.548,1.145
7013,1566536635840259050,216.00,264.00,327,176882,12479,222.09,267.18,28.69,0.9331,1,1.1449,0.5493,0.9873,10000,529,10,1.386,452.7,362.5,gicp_d4_i60,4114.6,0.9873,0.2429,1.147,0.549,1.144
7013,1566536635840259050,216.00,264.00,327,176882,12479,222.09,267.18,28.69,0.9331,1,1.1449,0.5493,0.9873,10000,529,10,1.386,452.7,362.5,ndt_r4_i30,2314.0,0.9871,0.2424,1.165,0.465,1.122
7013,1566536635840259050,216.00,264.00,327,176882,12479,222.09,267.18,28.69,0.9331,1,1.1449,0.5493,0.9873,10000,529,10,1.386,452.7,362.5,ndt_r3_i60,3183.2,0.9873,0.2429,1.151,0.647,1.151
7086,1566536643137371832,168.00,240.00,591,282939,14527,162.73,249.53,5.64,0.9215,1,1.0966,0.5127,0.9467,10000,839,10,3.626,627.3,485.1,icp_d6_i30,6570.8,0.9424,0.2520,1.317,1.584,0.439
7086,1566536643137371832,168.00,240.00,591,282939,14527,162.73,249.53,5.64,0.9215,1,1.0966,0.5127,0.9467,10000,839,10,3.626,627.3,485.1,icp_d4_i60,12131.7,0.9494,0.2454,0.876,0.802,0.876
7086,1566536643137371832,168.00,240.00,591,282939,14527,162.73,249.53,5.64,0.9215,1,1.0966,0.5127,0.9467,10000,839,10,3.626,627.3,485.1,gicp_d6_i30,4804.6,0.9471,0.2431,1.085,0.519,1.085
7086,1566536643137371832,168.00,240.00,591,282939,14527,162.73,249.53,5.64,0.9215,1,1.0966,0.5127,0.9467,10000,839,10,3.626,627.3,485.1,gicp_d4_i60,7309.0,0.9469,0.2429,1.082,0.508,1.082
7086,1566536643137371832,168.00,240.00,591,282939,14527,162.73,249.53,5.64,0.9215,1,1.0966,0.5127,0.9467,10000,839,10,3.626,627.3,485.1,ndt_r4_i30,2318.2,0.8753,0.2421,0.972,1.610,0.972
7086,1566536643137371832,168.00,240.00,591,282939,14527,162.73,249.53,5.64,0.9215,1,1.0966,0.5127,0.9467,10000,839,10,3.626,627.3,485.1,ndt_r3_i60,4339.7,0.9491,0.2429,0.972,0.658,0.972
7159,1566536650434671547,120.00,240.00,667,302018,13887,120.38,250.86,-1.11,0.9785,1,0.4657,1.1155,0.9860,10000,3230,10,1.649,752.1,496.6,icp_d6_i30,5738.9,0.9878,0.2441,0.530,1.249,0.530
7159,1566536650434671547,120.00,240.00,667,302018,13887,120.38,250.86,-1.11,0.9785,1,0.4657,1.1155,0.9860,10000,3230,10,1.649,752.1,496.6,icp_d4_i60,10311.9,0.9881,0.2445,0.452,1.220,0.452
7159,1566536650434671547,120.00,240.00,667,302018,13887,120.38,250.86,-1.11,0.9785,1,0.4657,1.1155,0.9860,10000,3230,10,1.649,752.1,496.6,gicp_d6_i30,5164.4,0.9863,0.2441,0.481,0.880,0.481
7159,1566536650434671547,120.00,240.00,667,302018,13887,120.38,250.86,-1.11,0.9785,1,0.4657,1.1155,0.9860,10000,3230,10,1.649,752.1,496.6,gicp_d4_i60,7637.8,0.9875,0.2444,0.490,0.879,0.462
7159,1566536650434671547,120.00,240.00,667,302018,13887,120.38,250.86,-1.11,0.9785,1,0.4657,1.1155,0.9860,10000,3230,10,1.649,752.1,496.6,ndt_r4_i30,2440.9,0.9863,0.2456,0.459,0.853,0.381
7159,1566536650434671547,120.00,240.00,667,302018,13887,120.38,250.86,-1.11,0.9785,1,0.4657,1.1155,0.9860,10000,3230,10,1.649,752.1,496.6,ndt_r3_i60,3780.8,0.9860,0.2443,0.357,0.954,0.355
7232,1566536657735356346,120.00,240.00,667,302018,11101,110.94,241.00,80.93,0.9667,0,0.7757,1.1770,0.9723,10000,1899,10,13.578,506.2,364.9,icp_d6_i30,5511.7,0.6382,0.2483,22.030,102.152,13.306
7232,1566536657735356346,120.00,240.00,667,302018,11101,110.94,241.00,80.93,0.9667,0,0.7757,1.1770,0.9723,10000,1899,10,13.578,506.2,364.9,icp_d4_i60,9710.4,0.6388,0.2480,22.252,103.639,13.344
7232,1566536657735356346,120.00,240.00,667,302018,11101,110.94,241.00,80.93,0.9667,0,0.7757,1.1770,0.9723,10000,1899,10,13.578,506.2,364.9,gicp_d6_i30,5667.6,0.6351,0.2516,20.689,99.883,13.663
7232,1566536657735356346,120.00,240.00,667,302018,11101,110.94,241.00,80.93,0.9667,0,0.7757,1.1770,0.9723,10000,1899,10,13.578,506.2,364.9,gicp_d4_i60,10114.2,0.6350,0.2522,20.279,99.011,13.608
7232,1566536657735356346,120.00,240.00,667,302018,11101,110.94,241.00,80.93,0.9667,0,0.7757,1.1770,0.9723,10000,1899,10,13.578,506.2,364.9,ndt_r4_i30,2074.5,0.6597,0.2472,20.401,102.390,16.055
7232,1566536657735356346,120.00,240.00,667,302018,11101,110.94,241.00,80.93,0.9667,0,0.7757,1.1770,0.9723,10000,1899,10,13.578,506.2,364.9,ndt_r3_i60,3201.3,0.6591,0.2497,20.586,102.346,15.964
7305,1566536665042761007,120.00,192.00,561,191865,10829,115.69,203.18,110.23,0.9041,1,1.1094,0.6882,0.9536,10000,625,10,1.213,444.1,344.9,icp_d6_i30,4625.5,0.9544,0.2437,1.151,0.852,0.694
7305,1566536665042761007,120.00,192.00,561,191865,10829,115.69,203.18,110.23,0.9041,1,1.1094,0.6882,0.9536,10000,625,10,1.213,444.1,344.9,icp_d4_i60,8037.3,0.9542,0.2463,1.290,0.768,1.121
7305,1566536665042761007,120.00,192.00,561,191865,10829,115.69,203.18,110.23,0.9041,1,1.1094,0.6882,0.9536,10000,625,10,1.213,444.1,344.9,gicp_d6_i30,4119.2,0.9528,0.2469,1.110,0.662,1.088
7305,1566536665042761007,120.00,192.00,561,191865,10829,115.69,203.18,110.23,0.9041,1,1.1094,0.6882,0.9536,10000,625,10,1.213,444.1,344.9,gicp_d4_i60,6733.9,0.9536,0.2461,1.111,0.689,1.109
7305,1566536665042761007,120.00,192.00,561,191865,10829,115.69,203.18,110.23,0.9041,1,1.1094,0.6882,0.9536,10000,625,10,1.213,444.1,344.9,ndt_r4_i30,2105.9,0.9540,0.2452,1.089,0.719,0.866
7305,1566536665042761007,120.00,192.00,561,191865,10829,115.69,203.18,110.23,0.9041,1,1.1094,0.6882,0.9536,10000,625,10,1.213,444.1,344.9,ndt_r3_i60,3350.0,0.9538,0.2463,1.088,0.748,1.012
7378,1566536672338040372,144.00,144.00,195,139617,10282,145.34,155.88,125.90,0.8667,1,1.3592,0.3797,0.9592,10000,948,10,1.667,331.8,299.2,icp_d6_i30,3853.7,0.9628,0.2528,1.304,0.572,0.896
7378,1566536672338040372,144.00,144.00,195,139617,10282,145.34,155.88,125.90,0.8667,1,1.3592,0.3797,0.9592,10000,948,10,1.667,331.8,299.2,icp_d4_i60,5511.3,0.9625,0.2535,1.395,0.506,0.743
7378,1566536672338040372,144.00,144.00,195,139617,10282,145.34,155.88,125.90,0.8667,1,1.3592,0.3797,0.9592,10000,948,10,1.667,331.8,299.2,gicp_d6_i30,2663.9,0.9594,0.2486,1.356,0.383,1.356
7378,1566536672338040372,144.00,144.00,195,139617,10282,145.34,155.88,125.90,0.8667,1,1.3592,0.3797,0.9592,10000,948,10,1.667,331.8,299.2,gicp_d4_i60,2692.4,0.9592,0.2486,1.358,0.380,1.358
7378,1566536672338040372,144.00,144.00,195,139617,10282,145.34,155.88,125.90,0.8667,1,1.3592,0.3797,0.9592,10000,948,10,1.667,331.8,299.2,ndt_r4_i30,1896.0,0.9593,0.2488,1.300,0.519,1.284
7378,1566536672338040372,144.00,144.00,195,139617,10282,145.34,155.88,125.90,0.8667,1,1.3592,0.3797,0.9592,10000,948,10,1.667,331.8,299.2,ndt_r3_i60,3068.3,0.9600,0.2493,1.345,0.458,0.946
7451,1566536679636538508,168.00,120.00,202,139777,10628,171.97,113.89,121.10,0.8452,1,1.5801,0.3336,0.9853,10000,1681,10,1.980,321.1,301.8,icp_d6_i30,4674.1,0.9865,0.2520,1.638,0.362,1.500
7451,1566536679636538508,168.00,120.00,202,139777,10628,171.97,113.89,121.10,0.8452,1,1.5801,0.3336,0.9853,10000,1681,10,1.980,321.1,301.8,icp_d4_i60,7285.1,0.9868,0.2521,1.585,0.378,1.585
7451,1566536679636538508,168.00,120.00,202,139777,10628,171.97,113.89,121.10,0.8452,1,1.5801,0.3336,0.9853,10000,1681,10,1.980,321.1,301.8,gicp_d6_i30,4357.2,0.9853,0.2514,1.581,0.335,1.581
7451,1566536679636538508,168.00,120.00,202,139777,10628,171.97,113.89,121.10,0.8452,1,1.5801,0.3336,0.9853,10000,1681,10,1.980,321.1,301.8,gicp_d4_i60,7974.0,0.9853,0.2514,1.581,0.331,1.580
7451,1566536679636538508,168.00,120.00,202,139777,10628,171.97,113.89,121.10,0.8452,1,1.5801,0.3336,0.9853,10000,1681,10,1.980,321.1,301.8,ndt_r4_i30,1999.8,0.9874,0.2560,1.604,0.427,1.463
7451,1566536679636538508,168.00,120.00,202,139777,10628,171.97,113.89,121.10,0.8452,1,1.5801,0.3336,0.9853,10000,1681,10,1.980,321.1,301.8,ndt_r3_i60,3069.1,0.9873,0.2554,1.588,0.374,1.586
7524,1566536686937965479,192.00,72.00,321,220686,10898,200.12,80.51,155.30,0.9248,1,1.3874,0.7766,0.9488,10000,2134,10,3.440,414.1,345.7,icp_d6_i30,4841.5,0.9496,0.2416,1.962,0.986,1.962
7524,1566536686937965479,192.00,72.00,321,220686,10898,200.12,80.51,155.30,0.9248,1,1.3874,0.7766,0.9488,10000,2134,10,3.440,414.1,345.7,icp_d4_i60,8230.4,0.9505,0.2442,1.608,0.784,1.565
7524,1566536686937965479,192.00,72.00,321,220686,10898,200.12,80.51,155.30,0.9248,1,1.3874,0.7766,0.9488,10000,2134,10,3.440,414.1,345.7,gicp_d6_i30,3700.9,0.9490,0.2533,1.398,0.755,1.388
7524,1566536686937965479,192.00,72.00,321,220686,10898,200.12,80.51,155.30,0.9248,1,1.3874,0.7766,0.9488,10000,2134,10,3.440,414.1,345.7,gicp_d4_i60,8541.0,0.9488,0.2534,1.377,0.768,1.377
7524,1566536686937965479,192.00,72.00,321,220686,10898,200.12,80.51,155.30,0.9248,1,1.3874,0.7766,0.9488,10000,2134,10,3.440,414.1,345.7,ndt_r4_i30,2146.6,0.9494,0.2520,1.429,0.816,1.429
7524,1566536686937965479,192.00,72.00,321,220686,10898,200.12,80.51,155.30,0.9248,1,1.3874,0.7766,0.9488,10000,2134,10,3.440,414.1,345.7,ndt_r3_i60,2763.7,0.9490,0.2538,1.399,0.803,1.195
7597,1566536694241993207,240.00,72.00,281,177986,11712,241.26,69.21,165.79,0.8952,1,1.0614,1.0928,0.9820,10000,2401,10,1.929,382.2,348.8,icp_d6_i30,4231.4,0.9826,0.2535,1.245,0.956,1.035
7597,1566536694241993207,240.00,72.00,281,177986,11712,241.26,69.21,165.79,0.8952,1,1.0614,1.0928,0.9820,10000,2401,10,1.929,382.2,348.8,icp_d4_i60,6411.4,0.9825,0.2538,1.189,1.018,1.014
7597,1566536694241993207,240.00,72.00,281,177986,11712,241.26,69.21,165.79,0.8952,1,1.0614,1.0928,0.9820,10000,2401,10,1.929,382.2,348.8,gicp_d6_i30,4497.2,0.9820,0.2525,1.047,1.091,1.047
7597,1566536694241993207,240.00,72.00,281,177986,11712,241.26,69.21,165.79,0.8952,1,1.0614,1.0928,0.9820,10000,2401,10,1.929,382.2,348.8,gicp_d4_i60,6191.9,0.9820,0.2526,1.062,1.093,1.062
7597,1566536694241993207,240.00,72.00,281,177986,11712,241.26,69.21,165.79,0.8952,1,1.0614,1.0928,0.9820,10000,2401,10,1.929,382.2,348.8,ndt_r4_i30,2237.1,0.9826,0.2457,1.180,0.809,1.056
7597,1566536694241993207,240.00,72.00,281,177986,11712,241.26,69.21,165.79,0.8952,1,1.0614,1.0928,0.9820,10000,2401,10,1.929,382.2,348.8,ndt_r3_i60,3367.5,0.9825,0.2476,1.107,0.891,1.055
7670,1566536701536309114,240.00,48.00,299,201374,12135,236.15,49.07,31.66,0.9633,1,1.0196,0.3052,0.9841,10000,3240,10,0.896,443.7,383.4,icp_d6_i30,4663.3,0.9830,0.2545,0.851,0.619,0.709
7670,1566536701536309114,240.00,48.00,299,201374,12135,236.15,49.07,31.66,0.9633,1,1.0196,0.3052,0.9841,10000,3240,10,0.896,443.7,383.4,icp_d4_i60,8654.5,0.9843,0.2542,1.044,0.246,0.668
7670,1566536701536309114,240.00,48.00,299,201374,12135,236.15,49.07,31.66,0.9633,1,1.0196,0.3052,0.9841,10000,3240,10,0.896,443.7,383.4,gicp_d6_i30,4761.1,0.9840,0.2533,1.015,0.308,1.015
7670,1566536701536309114,240.00,48.00,299,201374,12135,236.15,49.07,31.66,0.9633,1,1.0196,0.3052,0.9841,10000,3240,10,0.896,443.7,383.4,gicp_d4_i60,6545.2,0.9840,0.2534,1.019,0.297,1.019
7670,1566536701536309114,240.00,48.00,299,201374,12135,236.15,49.07,31.66,0.9633,1,1.0196,0.3052,0.9841,10000,3240,10,0.896,443.7,383.4,ndt_r4_i30,2260.1,0.9806,0.2414,0.950,0.776,0.836
7670,1566536701536309114,240.00,48.00,299,201374,12135,236.15,49.07,31.66,0.9633,1,1.0196,0.3052,0.9841,10000,3240,10,0.896,443.7,383.4,ndt_r3_i60,3060.4,0.9824,0.2451,0.882,0.427,0.833
7743,1566536708839097846,192.00,24.00,312,187696,12337,201.17,21.86,64.86,0.9183,0,1.4808,1.6410,0.9775,10000,3675,10,2.740,448.0,390.7,icp_d6_i30,4803.5,0.9777,0.2567,1.476,1.264,0.872
7743,1566536708839097846,192.00,24.00,312,187696,12337,201.17,21.86,64.86,0.9183,0,1.4808,1.6410,0.9775,10000,3675,10,2.740,448.0,390.7,icp_d4_i60,6746.1,0.9775,0.2573,1.502,1.468,1.137
7743,1566536708839097846,192.00,24.00,312,187696,12337,201.17,21.86,64.86,0.9183,0,1.4808,1.6410,0.9775,10000,3675,10,2.740,448.0,390.7,gicp_d6_i30,4393.6,0.9772,0.2564,1.486,1.656,1.485
7743,1566536708839097846,192.00,24.00,312,187696,12337,201.17,21.86,64.86,0.9183,0,1.4808,1.6410,0.9775,10000,3675,10,2.740,448.0,390.7,gicp_d4_i60,10942.1,0.9774,0.2566,1.484,1.648,1.479
7743,1566536708839097846,192.00,24.00,312,187696,12337,201.17,21.86,64.86,0.9183,0,1.4808,1.6410,0.9775,10000,3675,10,2.740,448.0,390.7,ndt_r4_i30,2210.9,0.9765,0.2549,1.452,1.460,0.801
7743,1566536708839097846,192.00,24.00,312,187696,12337,201.17,21.86,64.86,0.9183,0,1.4808,1.6410,0.9775,10000,3675,10,2.740,448.0,390.7,ndt_r3_i60,3089.0,0.9772,0.2574,1.434,1.513,1.388
7816,1566536716141263593,216.00,-24.00,204,138728,10107,218.93,-20.37,122.26,0.8644,1,2.0780,0.5028,0.9594,10000,3133,10,4.113,333.3,298.6,icp_d6_i30,4084.6,0.9598,0.2552,2.379,0.484,2.379
7816,1566536716141263593,216.00,-24.00,204,138728,10107,218.93,-20.37,122.26,0.8644,1,2.0780,0.5028,0.9594,10000,3133,10,4.113,333.3,298.6,icp_d4_i60,5889.7,0.9597,0.2554,2.241,0.489,2.241
7816,1566536716141263593,216.00,-24.00,204,138728,10107,218.93,-20.37,122.26,0.8644,1,2.0780,0.5028,0.9594,10000,3133,10,4.113,333.3,298.6,gicp_d6_i30,4636.4,0.9594,0.2564,2.104,0.504,2.104
7816,1566536716141263593,216.00,-24.00,204,138728,10107,218.93,-20.37,122.26,0.8644,1,2.0780,0.5028,0.9594,10000,3133,10,4.113,333.3,298.6,gicp_d4_i60,7477.7,0.9593,0.2565,2.091,0.499,2.091
7816,1566536716141263593,216.00,-24.00,204,138728,10107,218.93,-20.37,122.26,0.8644,1,2.0780,0.5028,0.9594,10000,3133,10,4.113,333.3,298.6,ndt_r4_i30,1925.6,0.9596,0.2570,2.130,0.430,2.130
7816,1566536716141263593,216.00,-24.00,204,138728,10107,218.93,-20.37,122.26,0.8644,1,2.0780,0.5028,0.9594,10000,3133,10,4.113,333.3,298.6,ndt_r3_i60,3132.7,0.9593,0.2569,2.126,0.503,2.126
7889,1566536723433023728,264.00,-72.00,156,133306,11630,252.77,-74.44,122.15,0.6788,1,2.5345,0.2439,0.9657,10000,928,10,0.738,292.9,325.7,icp_d6_i30,4220.3,0.9676,0.2549,2.435,0.319,1.080
7889,1566536723433023728,264.00,-72.00,156,133306,11630,252.77,-74.44,122.15,0.6788,1,2.5345,0.2439,0.9657,10000,928,10,0.738,292.9,325.7,icp_d4_i60,6555.2,0.9675,0.2550,2.432,0.315,2.376
7889,1566536723433023728,264.00,-72.00,156,133306,11630,252.77,-74.44,122.15,0.6788,1,2.5345,0.2439,0.9657,10000,928,10,0.738,292.9,325.7,gicp_d6_i30,2127.0,0.9657,0.2565,2.536,0.247,2.535
7889,1566536723433023728,264.00,-72.00,156,133306,11630,252.77,-74.44,122.15,0.6788,1,2.5345,0.2439,0.9657,10000,928,10,0.738,292.9,325.7,gicp_d4_i60,2515.4,0.9657,0.2564,2.535,0.243,2.535
7889,1566536723433023728,264.00,-72.00,156,133306,11630,252.77,-74.44,122.15,0.6788,1,2.5345,0.2439,0.9657,10000,928,10,0.738,292.9,325.7,ndt_r4_i30,2072.2,0.9663,0.2570,2.542,0.230,0.729
7889,1566536723433023728,264.00,-72.00,156,133306,11630,252.77,-74.44,122.15,0.6788,1,2.5345,0.2439,0.9657,10000,928,10,0.738,292.9,325.7,ndt_r3_i60,3026.6,0.9664,0.2581,2.453,0.088,1.173
7962,1566536730737671963,288.00,-120.00,367,198628,10179,286.54,-128.35,121.92,0.8259,1,2.2390,0.6429,0.9603,10000,2590,10,0.697,446.8,322.9,icp_d6_i30,4384.4,0.9573,0.2597,1.896,0.723,1.704
7962,1566536730737671963,288.00,-120.00,367,198628,10179,286.54,-128.35,121.92,0.8259,1,2.2390,0.6429,0.9603,10000,2590,10,0.697,446.8,322.9,icp_d4_i60,7160.3,0.9602,0.2603,2.269,0.437,2.269
7962,1566536730737671963,288.00,-120.00,367,198628,10179,286.54,-128.35,121.92,0.8259,1,2.2390,0.6429,0.9603,10000,2590,10,0.697,446.8,322.9,gicp_d6_i30,5091.8,0.9601,0.2609,2.245,0.650,2.245
7962,1566536730737671963,288.00,-120.00,367,198628,10179,286.54,-128.35,121.92,0.8259,1,2.2390,0.6429,0.9603,10000,2590,10,0.697,446.8,322.9,gicp_d4_i60,7939.6,0.9601,0.2611,2.242,0.657,2.242
7962,1566536730737671963,288.00,-120.00,367,198628,10179,286.54,-128.35,121.92,0.8259,1,2.2390,0.6429,0.9603,10000,2590,10,0.697,446.8,322.9,ndt_r4_i30,2172.6,0.9603,0.2568,2.151,0.709,1.274
7962,1566536730737671963,288.00,-120.00,367,198628,10179,286.54,-128.35,121.92,0.8259,1,2.2390,0.6429,0.9603,10000,2590,10,0.697,446.8,322.9,ndt_r3_i60,2627.6,0.9597,0.2593,2.101,0.626,2.101
8035,1566536738038961296,312.00,-168.00,421,272319,13422,311.55,-168.11,121.98,0.8785,1,1.6226,1.2679,0.9604,10000,2426,10,5.486,713.7,479.8,icp_d6_i30,6104.9,0.7558,0.2484,3.949,8.383,3.949
8035,1566536738038961296,312.00,-168.00,421,272319,13422,311.55,-168.11,121.98,0.8785,1,1.6226,1.2679,0.9604,10000,2426,10,5.486,713.7,479.8,icp_d4_i60,11273.0,0.9337,0.2468,2.804,3.192,2.493
8035,1566536738038961296,312.00,-168.00,421,272319,13422,311.55,-168.11,121.98,0.8785,1,1.6226,1.2679,0.9604,10000,2426,10,5.486,713.7,479.8,gicp_d6_i30,5271.6,0.9613,0.2377,2.225,1.621,1.659
8035,1566536738038961296,312.00,-168.00,421,272319,13422,311.55,-168.11,121.98,0.8785,1,1.6226,1.2679,0.9604,10000,2426,10,5.486,713.7,479.8,gicp_d4_i60,10062.6,0.9609,0.2384,1.835,1.228,1.436
8035,1566536738038961296,312.00,-168.00,421,272319,13422,311.55,-168.11,121.98,0.8785,1,1.6226,1.2679,0.9604,10000,2426,10,5.486,713.7,479.8,ndt_r4_i30,2173.9,0.7228,0.2430,8.054,1.356,4.258
8035,1566536738038961296,312.00,-168.00,421,272319,13422,311.55,-168.11,121.98,0.8785,1,1.6226,1.2679,0.9604,10000,2426,10,5.486,713.7,479.8,ndt_r3_i60,3576.8,0.9566,0.2416,2.321,2.341,2.183
8108,1566536745332561482,312.00,-192.00,391,263867,12851,300.37,-188.84,32.31,0.9276,1,1.0669,0.4799,0.9529,10000,2844,10,4.706,759.3,437.1,icp_d6_i30,5665.6,0.8325,0.2489,3.589,3.682,3.589
8108,1566536745332561482,312.00,-192.00,391,263867,12851,300.37,-188.84,32.31,0.9276,1,1.0669,0.4799,0.9529,10000,2844,10,4.706,759.3,437.1,icp_d4_i60,10600.1,0.9513,0.2409,1.767,1.156,1.767
8108,1566536745332561482,312.00,-192.00,391,263867,12851,300.37,-188.84,32.31,0.9276,1,1.0669,0.4799,0.9529,10000,2844,10,4.706,759.3,437.1,gicp_d6_i30,5323.1,0.9525,0.2447,1.031,0.468,1.031
8108,1566536745332561482,312.00,-192.00,391,263867,12851,300.37,-188.84,32.31,0.9276,1,1.0669,0.4799,0.9529,10000,2844,10,4.706,759.3,437.1,gicp_d4_i60,9384.0,0.9529,0.2448,1.064,0.475,1.064
8108,1566536745332561482,312.00,-192.00,391,263867,12851,300.37,-188.84,32.31,0.9276,1,1.0669,0.4799,0.9529,10000,2844,10,4.706,759.3,437.1,ndt_r4_i30,2331.8,0.7656,0.2426,4.148,5.655,4.005
8108,1566536745332561482,312.00,-192.00,391,263867,12851,300.37,-188.84,32.31,0.9276,1,1.0669,0.4799,0.9529,10000,2844,10,4.706,759.3,437.1,ndt_r3_i60,3653.7,0.9523,0.2404,1.648,0.982,1.648
8181,1566536752635490723,264.00,-216.00,274,233953,13849,261.77,-213.72,32.19,0.9688,1,0.9444,0.6106,0.9960,10000,3024,10,3.254,617.1,478.5,icp_d6_i30,5636.3,0.9957,0.2427,1.104,0.840,1.104
8181,1566536752635490723,264.00,-216.00,274,233953,13849,261.77,-213.72,32.19,0.9688,1,0.9444,0.6106,0.9960,10000,3024,10,3.254,617.1,478.5,icp_d4_i60,10291.2,0.9962,0.2432,0.936,0.623,0.932
8181,1566536752635490723,264.00,-216.00,274,233953,13849,261.77,-213.72,32.19,0.9688,1,0.9444,0.6106,0.9960,10000,3024,10,3.254,617.1,478.5,gicp_d6_i30,3664.7,0.9962,0.2433,0.942,0.600,0.942
8181,1566536752635490723,264.00,-216.00,274,233953,13849,261.77,-213.72,32.19,0.9688,1,0.9444,0.6106,0.9960,10000,3024,10,3.254,617.1,478.5,gicp_d4_i60,8062.6,0.9961,0.2433,0.944,0.607,0.944
8181,1566536752635490723,264.00,-216.00,274,233953,13849,261.77,-213.72,32.19,0.9688,1,0.9444,0.6106,0.9960,10000,3024,10,3.254,617.1,478.5,ndt_r4_i30,2294.7,0.9962,0.2427,1.084,0.863,1.084
8181,1566536752635490723,264.00,-216.00,274,233953,13849,261.77,-213.72,32.19,0.9688,1,0.9444,0.6106,0.9960,10000,3024,10,3.254,617.1,478.5,ndt_r3_i60,4389.6,0.9965,0.2431,1.025,0.721,1.022
8254,1566536759935652380,216.00,-240.00,211,181339,12682,208.39,-229.45,2.71,0.9813,1,0.3995,0.4804,0.9808,10000,3546,10,0.536,492.4,417.6,icp_d6_i30,4543.4,0.9812,0.2404,0.245,0.430,0.219
8254,1566536759935652380,216.00,-240.00,211,181339,12682,208.39,-229.45,2.71,0.9813,1,0.3995,0.4804,0.9808,10000,3546,10,0.536,492.4,417.6,icp_d4_i60,7228.9,0.9812,0.2405,0.243,0.427,0.243
8254,1566536759935652380,216.00,-240.00,211,181339,12682,208.39,-229.45,2.71,0.9813,1,0.3995,0.4804,0.9808,10000,3546,10,0.536,492.4,417.6,gicp_d6_i30,4337.1,0.9808,0.2442,0.400,0.480,0.392
8254,1566536759935652380,216.00,-240.00,211,181339,12682,208.39,-229.45,2.71,0.9813,1,0.3995,0.4804,0.9808,10000,3546,10,0.536,492.4,417.6,gicp_d4_i60,6474.3,0.9809,0.2442,0.400,0.484,0.387
8254,1566536759935652380,216.00,-240.00,211,181339,12682,208.39,-229.45,2.71,0.9813,1,0.3995,0.4804,0.9808,10000,3546,10,0.536,492.4,417.6,ndt_r4_i30,2176.2,0.9809,0.2442,0.275,0.234,0.275
8254,1566536759935652380,216.00,-240.00,211,181339,12682,208.39,-229.45,2.71,0.9813,1,0.3995,0.4804,0.9808,10000,3546,10,0.536,492.4,417.6,ndt_r3_i60,2914.5,0.9808,0.2431,0.326,0.453,0.294
8327,1566536767237702900,144.00,-240.00,463,253964,11185,155.79,-238.25,23.67,0.9852,1,0.1264,0.4871,0.9855,10000,2401,10,3.216,573.4,370.2,icp_d6_i30,4958.8,0.9793,0.2452,0.850,0.339,0.239
8327,1566536767237702900,144.00,-240.00,463,253964,11185,155.79,-238.25,23.67,0.9852,1,0.1264,0.4871,0.9855,10000,2401,10,3.216,573.4,370.2,icp_d4_i60,9008.4,0.9856,0.2474,0.144,0.386,0.144
8327,1566536767237702900,144.00,-240.00,463,253964,11185,155.79,-238.25,23.67,0.9852,1,0.1264,0.4871,0.9855,10000,2401,10,3.216,573.4,370.2,gicp_d6_i30,4827.1,0.9857,0.2469,0.143,0.442,0.128
8327,1566536767237702900,144.00,-240.00,463,253964,11185,155.79,-238.25,23.67,0.9852,1,0.1264,0.4871,0.9855,10000,2401,10,3.216,573.4,370.2,gicp_d4_i60,7880.4,0.9855,0.2470,0.126,0.481,0.126
8327,1566536767237702900,144.00,-240.00,463,253964,11185,155.79,-238.25,23.67,0.9852,1,0.1264,0.4871,0.9855,10000,2401,10,3.216,573.4,370.2,ndt_r4_i30,2328.5,0.9529,0.2454,0.477,1.726,0.477
8327,1566536767237702900,144.00,-240.00,463,253964,11185,155.79,-238.25,23.67,0.9852,1,0.1264,0.4871,0.9855,10000,2401,10,3.216,573.4,370.2,ndt_r3_i60,3696.3,0.9857,0.2482,0.145,0.490,0.141
8400,1566536774534648188,144.00,-240.00,463,253964,11957,132.16,-240.75,-39.63,0.9586,0,0.2481,0.4549,0.9589,10000,2413,10,12.801,601.0,412.0,icp_d6_i30,5840.4,0.4652,0.2471,27.678,91.661,13.373
8400,1566536774534648188,144.00,-240.00,463,253964,11957,132.16,-240.75,-39.63,0.9586,0,0.2481,0.4549,0.9589,10000,2413,10,12.801,601.0,412.0,icp_d4_i60,11067.6,0.5559,0.2596,28.761,89.543,13.947
8400,1566536774534648188,144.00,-240.00,463,253964,11957,132.16,-240.75,-39.63,0.9586,0,0.2481,0.4549,0.9589,10000,2413,10,12.801,601.0,412.0,gicp_d6_i30,5173.4,0.6308,0.2380,30.134,88.641,19.568
8400,1566536774534648188,144.00,-240.00,463,253964,11957,132.16,-240.75,-39.63,0.9586,0,0.2481,0.4549,0.9589,10000,2413,10,12.801,601.0,412.0,gicp_d4_i60,10952.9,0.6428,0.2397,29.606,91.601,17.024
8400,1566536774534648188,144.00,-240.00,463,253964,11957,132.16,-240.75,-39.63,0.9586,0,0.2481,0.4549,0.9589,10000,2413,10,12.801,601.0,412.0,ndt_r4_i30,1812.6,0.6295,0.2391,28.147,88.582,13.244
8400,1566536774534648188,144.00,-240.00,463,253964,11957,132.16,-240.75,-39.63,0.9586,0,0.2481,0.4549,0.9589,10000,2413,10,12.801,601.0,412.0,ndt_r3_i60,2932.0,0.6298,0.2391,27.618,86.572,13.292
8473,1566536781833143632,96.00,-192.00,636,273980,11495,107.47,-202.73,-58.08,0.9708,1,0.1960,0.3732,0.9711,10000,3532,10,1.867,573.0,409.2,icp_d6_i30,4887.6,0.9596,0.2559,0.999,0.662,0.999
8473,1566536781833143632,96.00,-192.00,636,273980,11495,107.47,-202.73,-58.08,0.9708,1,0.1960,0.3732,0.9711,10000,3532,10,1.867,573.0,409.2,icp_d4_i60,8165.9,0.9711,0.2559,0.261,0.179,0.261
8473,1566536781833143632,96.00,-192.00,636,273980,11495,107.47,-202.73,-58.08,0.9708,1,0.1960,0.3732,0.9711,10000,3532,10,1.867,573.0,409.2,gicp_d6_i30,4670.3,0.9698,0.2565,0.235,0.939,0.235
8473,1566536781833143632,96.00,-192.00,636,273980,11495,107.47,-202.73,-58.08,0.9708,1,0.1960,0.3732,0.9711,10000,3532,10,1.867,573.0,409.2,gicp_d4_i60,11013.4,0.9711,0.2556,0.225,0.429,0.174
8473,1566536781833143632,96.00,-192.00,636,273980,11495,107.47,-202.73,-58.08,0.9708,1,0.1960,0.3732,0.9711,10000,3532,10,1.867,573.0,409.2,ndt_r4_i30,2196.4,0.9711,0.2568,0.397,0.464,0.397
8473,1566536781833143632,96.00,-192.00,636,273980,11495,107.47,-202.73,-58.08,0.9708,1,0.1960,0.3732,0.9711,10000,3532,10,1.867,573.0,409.2,ndt_r3_i60,3503.5,0.9711,0.2553,0.267,0.450,0.267
8546,1566536789137248433,72.00,-168.00,559,256598,12176,78.60,-156.69,-57.61,0.9593,1,0.1760,0.3372,0.9601,10000,3736,10,6.495,678.0,430.8,icp_d6_i30,5390.7,0.6580,0.2552,10.006,7.735,4.334
8546,1566536789137248433,72.00,-168.00,559,256598,12176,78.60,-156.69,-57.61,0.9593,1,0.1760,0.3372,0.9601,10000,3736,10,6.495,678.0,430.8,icp_d4_i60,10635.4,0.7493,0.2549,2.652,4.831,2.652
8546,1566536789137248433,72.00,-168.00,559,256598,12176,78.60,-156.69,-57.61,0.9593,1,0.1760,0.3372,0.9601,10000,3736,10,6.495,678.0,430.8,gicp_d6_i30,5523.9,0.9601,0.2482,0.170,0.338,0.170
8546,1566536789137248433,72.00,-168.00,559,256598,12176,78.60,-156.69,-57.61,0.9593,1,0.1760,0.3372,0.9601,10000,3736,10,6.495,678.0,430.8,gicp_d4_i60,10339.0,0.9601,0.2482,0.176,0.339,0.176
8546,1566536789137248433,72.00,-168.00,559,256598,12176,78.60,-156.69,-57.61,0.9593,1,0.1760,0.3372,0.9601,10000,3736,10,6.495,678.0,430.8,ndt_r4_i30,2133.5,0.7331,0.2427,9.330,6.193,4.005
8546,1566536789137248433,72.00,-168.00,559,256598,12176,78.60,-156.69,-57.61,0.9593,1,0.1760,0.3372,0.9601,10000,3736,10,6.495,678.0,430.8,ndt_r3_i60,3568.4,0.8761,0.2427,1.060,2.984,1.060
8619,1566536796434238591,48.00,-120.00,528,219318,10039,55.93,-117.93,-62.92,0.9701,1,0.2264,0.2062,0.9705,10000,3563,10,0.959,442.8,331.4,icp_d6_i30,4075.3,0.9697,0.2451,0.485,0.977,0.485
8619,1566536796434238591,48.00,-120.00,528,219318,10039,55.93,-117.93,-62.92,0.9701,1,0.2264,0.2062,0.9705,10000,3563,10,0.959,442.8,331.4,icp_d4_i60,5686.0,0.9701,0.2443,0.392,0.948,0.392
8619,1566536796434238591,48.00,-120.00,528,219318,10039,55.93,-117.93,-62.92,0.9701,1,0.2264,0.2062,0.9705,10000,3563,10,0.959,442.8,331.4,gicp_d6_i30,5250.4,0.9706,0.2458,1.082,0.595,0.187
8619,1566536796434238591,48.00,-120.00,528,219318,10039,55.93,-117.93,-62.92,0.9701,1,0.2264,0.2062,0.9705,10000,3563,10,0.959,442.8,331.4,gicp_d4_i60,8433.0,0.9706,0.2457,0.918,0.587,0.119
8619,1566536796434238591,48.00,-120.00,528,219318,10039,55.93,-117.93,-62.92,0.9701,1,0.2264,0.2062,0.9705,10000,3563,10,0.959,442.8,331.4,ndt_r4_i30,1960.4,0.9705,0.2424,0.396,0.511,0.396
8619,1566536796434238591,48.00,-120.00,528,219318,10039,55.93,-117.93,-62.92,0.9701,1,0.2264,0.2062,0.9705,10000,3563,10,0.959,442.8,331.4,ndt_r3_i60,2611.2,0.9703,0.2458,0.182,0.445,0.182
8692,1566536803735211805,24.00,-72.00,522,225257,9516,31.24,-66.36,-64.21,0.9790,1,0.1718,0.3521,0.9790,10000,1459,10,2.046,511.1,306.2,icp_d6_i30,3815.2,0.9787,0.2521,0.445,0.339,0.280
8692,1566536803735211805,24.00,-72.00,522,225257,9516,31.24,-66.36,-64.21,0.9790,1,0.1718,0.3521,0.9790,10000,1459,10,2.046,511.1,306.2,icp_d4_i60,6275.2,0.9792,0.2525,0.400,0.242,0.301
8692,1566536803735211805,24.00,-72.00,522,225257,9516,31.24,-66.36,-64.21,0.9790,1,0.1718,0.3521,0.9790,10000,1459,10,2.046,511.1,306.2,gicp_d6_i30,4826.6,0.9793,0.2510,0.211,0.331,0.146
8692,1566536803735211805,24.00,-72.00,522,225257,9516,31.24,-66.36,-64.21,0.9790,1,0.1718,0.3521,0.9790,10000,1459,10,2.046,511.1,306.2,gicp_d4_i60,6516.4,0.9794,0.2510,0.212,0.331,0.182
8692,1566536803735211805,24.00,-72.00,522,225257,9516,31.24,-66.36,-64.21,0.9790,1,0.1718,0.3521,0.9790,10000,1459,10,2.046,511.1,306.2,ndt_r4_i30,2157.3,0.9171,0.2488,1.071,1.128,1.071
8692,1566536803735211805,24.00,-72.00,522,225257,9516,31.24,-66.36,-64.21,0.9790,1,0.1718,0.3521,0.9790,10000,1459,10,2.046,511.1,306.2,ndt_r3_i60,3786.0,0.9789,0.2452,0.182,0.534,0.087
8765,1566536811031422073,0.00,-24.00,617,257232,12726,9.01,-18.94,-64.97,0.9877,1,0.1878,0.5498,0.9875,10000,4012,10,3.405,594.6,431.8,icp_d6_i30,4399.9,0.9853,0.2415,1.118,1.049,1.118
8765,1566536811031422073,0.00,-24.00,617,257232,12726,9.01,-18.94,-64.97,0.9877,1,0.1878,0.5498,0.9875,10000,4012,10,3.405,594.6,431.8,icp_d4_i60,8044.6,0.9854,0.2416,1.122,1.055,0.939
8765,1566536811031422073,0.00,-24.00,617,257232,12726,9.01,-18.94,-64.97,0.9877,1,0.1878,0.5498,0.9875,10000,4012,10,3.405,594.6,431.8,gicp_d6_i30,4808.4,0.9876,0.2461,0.184,0.540,0.183
8765,1566536811031422073,0.00,-24.00,617,257232,12726,9.01,-18.94,-64.97,0.9877,1,0.1878,0.5498,0.9875,10000,4012,10,3.405,594.6,431.8,gicp_d4_i60,5972.2,0.9876,0.2461,0.183,0.542,0.183
8765,1566536811031422073,0.00,-24.00,617,257232,12726,9.01,-18.94,-64.97,0.9877,1,0.1878,0.5498,0.9875,10000,4012,10,3.405,594.6,431.8,ndt_r4_i30,2241.8,0.9875,0.2429,0.567,0.827,0.567
8765,1566536811031422073,0.00,-24.00,617,257232,12726,9.01,-18.94,-64.97,0.9877,1,0.1878,0.5498,0.9875,10000,4012,10,3.405,594.6,431.8,ndt_r3_i60,4205.0,0.9877,0.2425,0.306,0.813,0.306
8838,1566536818336536959,0.00,24.00,671,282715,13823,-6.15,13.25,-64.24,0.9763,1,0.3499,0.4553,0.9765,10000,3132,10,1.964,588.9,442.9,icp_d6_i30,5763.9,0.9742,0.2484,0.171,1.438,0.171
8838,1566536818336536959,0.00,24.00,671,282715,13823,-6.15,13.25,-64.24,0.9763,1,0.3499,0.4553,0.9765,10000,3132,10,1.964,588.9,442.9,icp_d4_i60,8741.8,0.9735,0.2459,1.339,0.853,0.141
8838,1566536818336536959,0.00,24.00,671,282715,13823,-6.15,13.25,-64.24,0.9763,1,0.3499,0.4553,0.9765,10000,3132,10,1.964,588.9,442.9,gicp_d6_i30,4690.6,0.9769,0.2484,0.288,0.434,0.288
8838,1566536818336536959,0.00,24.00,671,282715,13823,-6.15,13.25,-64.24,0.9763,1,0.3499,0.4553,0.9765,10000,3132,10,1.964,588.9,442.9,gicp_d4_i60,6426.6,0.9767,0.2474,0.732,0.544,0.321
8838,1566536818336536959,0.00,24.00,671,282715,13823,-6.15,13.25,-64.24,0.9763,1,0.3499,0.4553,0.9765,10000,3132,10,1.964,588.9,442.9,ndt_r4_i30,2357.2,0.9772,0.2458,0.218,0.720,0.218
8838,1566536818336536959,0.00,24.00,671,282715,13823,-6.15,13.25,-64.24,0.9763,1,0.3499,0.4553,0.9765,10000,3132,10,1.964,588.9,442.9,ndt_r3_i60,4235.5,0.9775,0.2458,0.511,0.853,0.160
8911,1566536825634958594,-24.00,24.00,693,281568,13195,-12.78,27.12,-64.43,0.9009,1,0.6714,0.4218,0.9018,10000,2182,10,3.291,605.0,424.7,icp_d6_i30,5845.9,0.8846,0.2524,1.278,1.452,1.278
8911,1566536825634958594,-24.00,24.00,693,281568,13195,-12.78,27.12,-64.43,0.9009,1,0.6714,0.4218,0.9018,10000,2182,10,3.291,605.0,424.7,icp_d4_i60,10333.0,0.9019,0.2499,0.775,0.657,0.775
8911,1566536825634958594,-24.00,24.00,693,281568,13195,-12.78,27.12,-64.43,0.9009,1,0.6714,0.4218,0.9018,10000,2182,10,3.291,605.0,424.7,gicp_d6_i30,5165.0,0.9021,0.2492,0.558,0.422,0.388
8911,1566536825634958594,-24.00,24.00,693,281568,13195,-12.78,27.12,-64.43,0.9009,1,0.6714,0.4218,0.9018,10000,2182,10,3.291,605.0,424.7,gicp_d4_i60,8963.2,0.9021,0.2493,0.319,0.427,0.319
8911,1566536825634958594,-24.00,24.00,693,281568,13195,-12.78,27.12,-64.43,0.9009,1,0.6714,0.4218,0.9018,10000,2182,10,3.291,605.0,424.7,ndt_r4_i30,2288.1,0.8993,0.2463,0.881,1.078,0.881
8911,1566536825634958594,-24.00,24.00,693,281568,13195,-12.78,27.12,-64.43,0.9009,1,0.6714,0.4218,0.9018,10000,2182,10,3.291,605.0,424.7,ndt_r3_i60,4036.6,0.9025,0.2462,0.343,0.654,0.250
