frame,timestamp_ns,tile_x,tile_y,tile_frames,tile_points,query_points,gt_x,gt_y,gt_yaw_deg,gt_inlier,gt_probe_ok,gt_probe_dt,gt_probe_dr,gt_probe_inlier,evaluated,passed,distinct,oracle_dt,feature_ms,ransac_ms,config,polish_ms,best_inlier,best_error,err_trans,err_rot_deg,oracle_polished_dt
78,1566535942355928325,72.00,-144.00,539,230090,10849,71.41,-144.77,-57.89,0.9737,0,0.7028,2.7835,0.9440,10000,4517,10,3.590,733.4,439.3,none,5.8,0.6998,0.2551,3.590,2.304,3.590
78,1566535942355928325,72.00,-144.00,539,230090,10849,71.41,-144.77,-57.89,0.9737,0,0.7028,2.7835,0.9440,10000,4517,10,3.590,733.4,439.3,icp_d1_i30,3076.8,0.8345,0.2393,2.951,2.184,2.951
78,1566535942355928325,72.00,-144.00,539,230090,10849,71.41,-144.77,-57.89,0.9737,0,0.7028,2.7835,0.9440,10000,4517,10,3.590,733.4,439.3,icp_d2_i30,3695.3,0.9383,0.2428,1.444,1.359,1.444
78,1566535942355928325,72.00,-144.00,539,230090,10849,71.41,-144.77,-57.89,0.9737,0,0.7028,2.7835,0.9440,10000,4517,10,3.590,733.4,439.3,icp_d4_i30,4558.9,0.9711,0.2449,1.155,0.983,1.155
78,1566535942355928325,72.00,-144.00,539,230090,10849,71.41,-144.77,-57.89,0.9737,0,0.7028,2.7835,0.9440,10000,4517,10,3.590,733.4,439.3,gicp_d1_i30,5130.1,0.9760,0.2491,0.700,1.058,0.700
78,1566535942355928325,72.00,-144.00,539,230090,10849,71.41,-144.77,-57.89,0.9737,0,0.7028,2.7835,0.9440,10000,4517,10,3.590,733.4,439.3,gicp_d2_i30,5552.8,0.9758,0.2503,0.401,1.011,0.401
78,1566535942355928325,72.00,-144.00,539,230090,10849,71.41,-144.77,-57.89,0.9737,0,0.7028,2.7835,0.9440,10000,4517,10,3.590,733.4,439.3,gicp_d4_i30,5324.8,0.9444,0.2466,0.695,2.846,0.695
78,1566535942355928325,72.00,-144.00,539,230090,10849,71.41,-144.77,-57.89,0.9737,0,0.7028,2.7835,0.9440,10000,4517,10,3.590,733.4,439.3,ndt_r1_i30,1814.1,0.8837,0.2532,1.746,2.600,1.746
78,1566535942355928325,72.00,-144.00,539,230090,10849,71.41,-144.77,-57.89,0.9737,0,0.7028,2.7835,0.9440,10000,4517,10,3.590,733.4,439.3,ndt_r2_i30,2264.2,0.9754,0.2488,0.754,0.930,0.754
78,1566535942355928325,72.00,-144.00,539,230090,10849,71.41,-144.77,-57.89,0.9737,0,0.7028,2.7835,0.9440,10000,4517,10,3.590,733.4,439.3,ndt_r3_i30,2109.6,0.9749,0.2469,0.721,0.877,0.721
151,1566535949647802761,48.00,-120.00,528,219318,9689,52.05,-110.55,-63.56,0.9645,1,0.2383,0.4196,0.9638,10000,3326,10,2.889,497.1,382.3,none,5.9,0.6631,0.2520,2.889,6.965,2.889
151,1566535949647802761,48.00,-120.00,528,219318,9689,52.05,-110.55,-63.56,0.9645,1,0.2383,0.4196,0.9638,10000,3326,10,2.889,497.1,382.3,icp_d1_i30,2744.1,0.8454,0.2393,1.758,4.042,1.758
151,1566535949647802761,48.00,-120.00,528,219318,9689,52.05,-110.55,-63.56,0.9645,1,0.2383,0.4196,0.9638,10000,3326,10,2.889,497.1,382.3,icp_d2_i30,3520.5,0.9463,0.2447,0.724,1.788,0.724
151,1566535949647802761,48.00,-120.00,528,219318,9689,52.05,-110.55,-63.56,0.9645,1,0.2383,0.4196,0.9638,10000,3326,10,2.889,497.1,382.3,icp_d4_i30,4367.5,0.9570,0.2453,0.702,1.292,0.702
151,1566535949647802761,48.00,-120.00,528,219318,9689,52.05,-110.55,-63.56,0.9645,1,0.2383,0.4196,0.9638,10000,3326,10,2.889,497.1,382.3,gicp_d1_i30,5104.9,0.9637,0.2482,0.317,0.366,0.317
151,1566535949647802761,48.00,-120.00,528,219318,9689,52.05,-110.55,-63.56,0.9645,1,0.2383,0.4196,0.9638,10000,3326,10,2.889,497.1,382.3,gicp_d2_i30,5378.7,0.9638,0.2488,0.253,0.385,0.253
151,1566535949647802761,48.00,-120.00,528,219318,9689,52.05,-110.55,-63.56,0.9645,1,0.2383,0.4196,0.9638,10000,3326,10,2.889,497.1,382.3,gicp_d4_i30,5209.3,0.9637,0.2488,0.226,0.416,0.226
151,1566535949647802761,48.00,-120.00,528,219318,9689,52.05,-110.55,-63.56,0.9645,1,0.2383,0.4196,0.9638,10000,3326,10,2.889,497.1,382.3,ndt_r1_i30,1723.4,0.9621,0.2518,0.282,1.011,0.282
151,1566535949647802761,48.00,-120.00,528,219318,9689,52.05,-110.55,-63.56,0.9645,1,0.2383,0.4196,0.9638,10000,3326,10,2.889,497.1,382.3,ndt_r2_i30,2208.5,0.9645,0.2460,0.186,0.507,0.186
151,1566535949647802761,48.00,-120.00,528,219318,9689,52.05,-110.55,-63.56,0.9645,1,0.2383,0.4196,0.9638,10000,3326,10,2.889,497.1,382.3,ndt_r3_i30,1789.5,0.9644,0.2452,0.220,0.514,0.220
224,1566535956948012557,24.00,-72.00,522,225257,9723,30.73,-65.20,-63.89,0.9816,1,0.1625,0.3693,0.9817,10000,1704,10,1.402,463.0,360.2,none,6.3,0.7562,0.2526,1.402,3.162,1.402
224,1566535956948012557,24.00,-72.00,522,225257,9723,30.73,-65.20,-63.89,0.9816,1,0.1625,0.3693,0.9817,10000,1704,10,1.402,463.0,360.2,icp_d1_i30,2629.1,0.9814,0.2488,0.761,0.336,0.761
224,1566535956948012557,24.00,-72.00,522,225257,9723,30.73,-65.20,-63.89,0.9816,1,0.1625,0.3693,0.9817,10000,1704,10,1.402,463.0,360.2,icp_d2_i30,3357.7,0.9816,0.2489,0.752,0.368,0.346
224,1566535956948012557,24.00,-72.00,522,225257,9723,30.73,-65.20,-63.89,0.9816,1,0.1625,0.3693,0.9817,10000,1704,10,1.402,463.0,360.2,icp_d4_i30,3495.3,0.9819,0.2470,0.223,0.638,0.223
224,1566535956948012557,24.00,-72.00,522,225257,9723,30.73,-65.20,-63.89,0.9816,1,0.1625,0.3693,0.9817,10000,1704,10,1.402,463.0,360.2,gicp_d1_i30,5563.1,0.9819,0.2501,0.335,0.335,0.152
224,1566535956948012557,24.00,-72.00,522,225257,9723,30.73,-65.20,-63.89,0.9816,1,0.1625,0.3693,0.9817,10000,1704,10,1.402,463.0,360.2,gicp_d2_i30,5313.1,0.9817,0.2491,0.155,0.328,0.155
224,1566535956948012557,24.00,-72.00,522,225257,9723,30.73,-65.20,-63.89,0.9816,1,0.1625,0.3693,0.9817,10000,1704,10,1.402,463.0,360.2,gicp_d4_i30,4976.0,0.9817,0.2491,0.163,0.368,0.163
224,1566535956948012557,24.00,-72.00,522,225257,9723,30.73,-65.20,-63.89,0.9816,1,0.1625,0.3693,0.9817,10000,1704,10,1.402,463.0,360.2,ndt_r1_i30,2002.9,0.9818,0.2499,0.147,0.394,0.147
224,1566535956948012557,24.00,-72.00,522,225257,9723,30.73,-65.20,-63.89,0.9816,1,0.1625,0.3693,0.9817,10000,1704,10,1.402,463.0,360.2,ndt_r2_i30,2262.7,0.9819,0.2479,0.187,0.427,0.187
224,1566535956948012557,24.00,-72.00,522,225257,9723,30.73,-65.20,-63.89,0.9816,1,0.1625,0.3693,0.9817,10000,1704,10,1.402,463.0,360.2,ndt_r3_i30,2188.6,0.9821,0.2466,0.210,0.483,0.210
297,1566535964247888327,0.00,-24.00,617,257232,12943,7.04,-18.22,-60.75,0.9826,1,0.1913,0.7415,0.9834,10000,4085,10,0.380,577.6,531.5,none,7.2,0.9490,0.2444,0.380,2.773,0.380
297,1566535964247888327,0.00,-24.00,617,257232,12943,7.04,-18.22,-60.75,0.9826,1,0.1913,0.7415,0.9834,10000,4085,10,0.380,577.6,531.5,icp_d1_i30,2800.3,0.9516,0.2438,0.376,2.673,0.376
297,1566535964247888327,0.00,-24.00,617,257232,12943,7.04,-18.22,-60.75,0.9826,1,0.1913,0.7415,0.9834,10000,4085,10,0.380,577.6,531.5,icp_d2_i30,3861.9,0.9679,0.2420,0.366,2.037,0.366
297,1566535964247888327,0.00,-24.00,617,257232,12943,7.04,-18.22,-60.75,0.9826,1,0.1913,0.7415,0.9834,10000,4085,10,0.380,577.6,531.5,icp_d4_i30,4621.7,0.9807,0.2433,0.304,1.260,0.304
297,1566535964247888327,0.00,-24.00,617,257232,12943,7.04,-18.22,-60.75,0.9826,1,0.1913,0.7415,0.9834,10000,4085,10,0.380,577.6,531.5,gicp_d1_i30,4982.7,0.9835,0.2457,0.190,0.748,0.184
297,1566535964247888327,0.00,-24.00,617,257232,12943,7.04,-18.22,-60.75,0.9826,1,0.1913,0.7415,0.9834,10000,4085,10,0.380,577.6,531.5,gicp_d2_i30,4802.4,0.9835,0.2419,0.251,0.730,0.187
297,1566535964247888327,0.00,-24.00,617,257232,12943,7.04,-18.22,-60.75,0.9826,1,0.1913,0.7415,0.9834,10000,4085,10,0.380,577.6,531.5,gicp_d4_i30,4857.2,0.9836,0.2441,0.161,0.752,0.161
297,1566535964247888327,0.00,-24.00,617,257232,12943,7.04,-18.22,-60.75,0.9826,1,0.1913,0.7415,0.9834,10000,4085,10,0.380,577.6,531.5,ndt_r1_i30,2245.2,0.9835,0.2467,0.274,0.722,0.274
297,1566535964247888327,0.00,-24.00,617,257232,12943,7.04,-18.22,-60.75,0.9826,1,0.1913,0.7415,0.9834,10000,4085,10,0.380,577.6,531.5,ndt_r2_i30,2356.4,0.9835,0.2421,0.298,0.736,0.298
297,1566535964247888327,0.00,-24.00,617,257232,12943,7.04,-18.22,-60.75,0.9826,1,0.1913,0.7415,0.9834,10000,4085,10,0.380,577.6,531.5,ndt_r3_i30,2253.2,0.9836,0.2398,0.333,0.928,0.333
370,1566535971554327557,-24.00,24.00,693,281568,11115,-19.73,33.13,-62.45,0.8885,1,0.0813,0.0642,0.8889,10000,2889,10,1.962,443.7,356.1,none,6.2,0.7716,0.2527,2.442,3.084,1.962
370,1566535971554327557,-24.00,24.00,693,281568,11115,-19.73,33.13,-62.45,0.8885,1,0.0813,0.0642,0.8889,10000,2889,10,1.962,443.7,356.1,icp_d1_i30,2729.7,0.8780,0.2413,1.894,0.665,1.894
370,1566535971554327557,-24.00,24.00,693,281568,11115,-19.73,33.13,-62.45,0.8885,1,0.0813,0.0642,0.8889,10000,2889,10,1.962,443.7,356.1,icp_d2_i30,3470.1,0.8818,0.2425,1.714,0.529,1.714
370,1566535971554327557,-24.00,24.00,693,281568,11115,-19.73,33.13,-62.45,0.8885,1,0.0813,0.0642,0.8889,10000,2889,10,1.962,443.7,356.1,icp_d4_i30,3439.4,0.8821,0.2430,1.722,0.496,1.026
370,1566535971554327557,-24.00,24.00,693,281568,11115,-19.73,33.13,-62.45,0.8885,1,0.0813,0.0642,0.8889,10000,2889,10,1.962,443.7,356.1,gicp_d1_i30,4580.6,0.8889,0.2435,0.083,0.056,0.080
370,1566535971554327557,-24.00,24.00,693,281568,11115,-19.73,33.13,-62.45,0.8885,1,0.0813,0.0642,0.8889,10000,2889,10,1.962,443.7,356.1,gicp_d2_i30,5463.4,0.8889,0.2434,0.080,0.045,0.075
370,1566535971554327557,-24.00,24.00,693,281568,11115,-19.73,33.13,-62.45,0.8885,1,0.0813,0.0642,0.8889,10000,2889,10,1.962,443.7,356.1,gicp_d4_i30,5428.6,0.8895,0.2437,0.577,0.227,0.077
370,1566535971554327557,-24.00,24.00,693,281568,11115,-19.73,33.13,-62.45,0.8885,1,0.0813,0.0642,0.8889,10000,2889,10,1.962,443.7,356.1,ndt_r1_i30,1906.9,0.8896,0.2444,0.486,0.134,0.486
370,1566535971554327557,-24.00,24.00,693,281568,11115,-19.73,33.13,-62.45,0.8885,1,0.0813,0.0642,0.8889,10000,2889,10,1.962,443.7,356.1,ndt_r2_i30,2168.4,0.8893,0.2431,0.242,0.174,0.242
370,1566535971554327557,-24.00,24.00,693,281568,11115,-19.73,33.13,-62.45,0.8885,1,0.0813,0.0642,0.8889,10000,2889,10,1.962,443.7,356.1,ndt_r3_i30,2215.5,0.8895,0.2428,0.505,0.313,0.365
443,1566535978854089230,-48.00,72.00,751,277294,10901,-48.60,83.87,-57.34,0.9557,1,0.1392,0.3105,0.9558,10000,3495,10,3.733,475.9,355.1,none,12.4,0.6743,0.2494,3.733,7.865,3.733
443,1566535978854089230,-48.00,72.00,751,277294,10901,-48.60,83.87,-57.34,0.9557,1,0.1392,0.3105,0.9558,10000,3495,10,3.733,475.9,355.1,icp_d1_i30,3527.4,0.8610,0.2508,3.621,4.643,3.621
443,1566535978854089230,-48.00,72.00,751,277294,10901,-48.60,83.87,-57.34,0.9557,1,0.1392,0.3105,0.9558,10000,3495,10,3.733,475.9,355.1,icp_d2_i30,4433.3,0.9017,0.2404,3.456,2.843,3.456
443,1566535978854089230,-48.00,72.00,751,277294,10901,-48.60,83.87,-57.34,0.9557,1,0.1392,0.3105,0.9558,10000,3495,10,3.733,475.9,355.1,icp_d4_i30,5004.2,0.9078,0.2441,3.366,2.093,3.366
443,1566535978854089230,-48.00,72.00,751,277294,10901,-48.60,83.87,-57.34,0.9557,1,0.1392,0.3105,0.9558,10000,3495,10,3.733,475.9,355.1,gicp_d1_i30,5288.2,0.9563,0.2420,1.265,0.442,1.265
443,1566535978854089230,-48.00,72.00,751,277294,10901,-48.60,83.87,-57.34,0.9557,1,0.1392,0.3105,0.9558,10000,3495,10,3.733,475.9,355.1,gicp_d2_i30,5413.8,0.9567,0.2427,1.213,0.355,1.213
443,1566535978854089230,-48.00,72.00,751,277294,10901,-48.60,83.87,-57.34,0.9557,1,0.1392,0.3105,0.9558,10000,3495,10,3.733,475.9,355.1,gicp_d4_i30,5277.2,0.9566,0.2417,1.319,0.335,1.319
443,1566535978854089230,-48.00,72.00,751,277294,10901,-48.60,83.87,-57.34,0.9557,1,0.1392,0.3105,0.9558,10000,3495,10,3.733,475.9,355.1,ndt_r1_i30,1877.8,0.9254,0.2485,2.335,2.169,2.335
443,1566535978854089230,-48.00,72.00,751,277294,10901,-48.60,83.87,-57.34,0.9557,1,0.1392,0.3105,0.9558,10000,3495,10,3.733,475.9,355.1,ndt_r2_i30,2123.9,0.9527,0.2424,1.559,0.922,1.559
443,1566535978854089230,-48.00,72.00,751,277294,10901,-48.60,83.87,-57.34,0.9557,1,0.1392,0.3105,0.9558,10000,3495,10,3.733,475.9,355.1,ndt_r3_i30,2245.2,0.9556,0.2391,1.418,0.760,1.418
516,1566535986154197362,-72.00,144.00,758,314109,11233,-83.75,137.53,-55.35,0.9753,1,0.1087,0.2581,0.9755,10000,2295,10,1.499,620.7,377.4,none,11.8,0.6627,0.2569,21.335,12.676,1.499
516,1566535986154197362,-72.00,144.00,758,314109,11233,-83.75,137.53,-55.35,0.9753,1,0.1087,0.2581,0.9755,10000,2295,10,1.499,620.7,377.4,icp_d1_i30,4461.3,0.9090,0.2437,1.496,2.692,0.435
516,1566535986154197362,-72.00,144.00,758,314109,11233,-83.75,137.53,-55.35,0.9753,1,0.1087,0.2581,0.9755,10000,2295,10,1.499,620.7,377.4,icp_d2_i30,4433.5,0.9707,0.2487,1.127,0.984,1.127
516,1566535986154197362,-72.00,144.00,758,314109,11233,-83.75,137.53,-55.35,0.9753,1,0.1087,0.2581,0.9755,10000,2295,10,1.499,620.7,377.4,icp_d4_i30,4229.4,0.9734,0.2489,1.097,0.755,1.097
516,1566535986154197362,-72.00,144.00,758,314109,11233,-83.75,137.53,-55.35,0.9753,1,0.1087,0.2581,0.9755,10000,2295,10,1.499,620.7,377.4,gicp_d1_i30,5337.2,0.9755,0.2492,0.223,0.269,0.223
516,1566535986154197362,-72.00,144.00,758,314109,11233,-83.75,137.53,-55.35,0.9753,1,0.1087,0.2581,0.9755,10000,2295,10,1.499,620.7,377.4,gicp_d2_i30,5571.8,0.9755,0.2489,0.124,0.245,0.109
516,1566535986154197362,-72.00,144.00,758,314109,11233,-83.75,137.53,-55.35,0.9753,1,0.1087,0.2581,0.9755,10000,2295,10,1.499,620.7,377.4,gicp_d4_i30,5396.2,0.9755,0.2484,0.114,0.203,0.114
516,1566535986154197362,-72.00,144.00,758,314109,11233,-83.75,137.53,-55.35,0.9753,1,0.1087,0.2581,0.9755,10000,2295,10,1.499,620.7,377.4,ndt_r1_i30,1946.7,0.9754,0.2489,0.480,0.297,0.480
516,1566535986154197362,-72.00,144.00,758,314109,11233,-83.75,137.53,-55.35,0.9753,1,0.1087,0.2581,0.9755,10000,2295,10,1.499,620.7,377.4,ndt_r2_i30,2298.0,0.9756,0.2471,0.518,0.311,0.518
516,1566535986154197362,-72.00,144.00,758,314109,11233,-83.75,137.53,-55.35,0.9753,1,0.1087,0.2581,0.9755,10000,2295,10,1.499,620.7,377.4,ndt_r3_i30,2172.7,0.9756,0.2465,0.449,0.276,0.449
589,1566535993448103142,-120.00,192.00,936,292436,11216,-120.17,184.36,-50.83,0.9796,0,0.1738,0.1839,0.9796,10000,2463,10,1.832,630.0,357.4,none,8.0,0.7135,0.2538,1.832,7.058,1.832
589,1566535993448103142,-120.00,192.00,936,292436,11216,-120.17,184.36,-50.83,0.9796,0,0.1738,0.1839,0.9796,10000,2463,10,1.832,630.0,357.4,icp_d1_i30,3391.3,0.8425,0.2386,1.203,4.607,1.203
589,1566535993448103142,-120.00,192.00,936,292436,11216,-120.17,184.36,-50.83,0.9796,0,0.1738,0.1839,0.9796,10000,2463,10,1.832,630.0,357.4,icp_d2_i30,5013.9,0.9542,0.2416,0.401,1.981,0.401
589,1566535993448103142,-120.00,192.00,936,292436,11216,-120.17,184.36,-50.83,0.9796,0,0.1738,0.1839,0.9796,10000,2463,10,1.832,630.0,357.4,icp_d4_i30,5285.3,0.9728,0.2442,0.147,1.350,0.147
589,1566535993448103142,-120.00,192.00,936,292436,11216,-120.17,184.36,-50.83,0.9796,0,0.1738,0.1839,0.9796,10000,2463,10,1.832,630.0,357.4,gicp_d1_i30,5599.8,0.9796,0.2467,0.179,0.197,0.179
589,1566535993448103142,-120.00,192.00,936,292436,11216,-120.17,184.36,-50.83,0.9796,0,0.1738,0.1839,0.9796,10000,2463,10,1.832,630.0,357.4,gicp_d2_i30,5464.9,0.9795,0.2465,0.217,0.182,0.217
589,1566535993448103142,-120.00,192.00,936,292436,11216,-120.17,184.36,-50.83,0.9796,0,0.1738,0.1839,0.9796,10000,2463,10,1.832,630.0,357.4,gicp_d4_i30,5096.0,0.9794,0.2465,0.150,0.179,0.150
589,1566535993448103142,-120.00,192.00,936,292436,11216,-120.17,184.36,-50.83,0.9796,0,0.1738,0.1839,0.9796,10000,2463,10,1.832,630.0,357.4,ndt_r1_i30,1713.7,0.9633,0.2492,0.331,1.483,0.331
589,1566535993448103142,-120.00,192.00,936,292436,11216,-120.17,184.36,-50.83,0.9796,0,0.1738,0.1839,0.9796,10000,2463,10,1.832,630.0,357.4,ndt_r2_i30,2115.3,0.9788,0.2483,0.414,0.136,0.414
589,1566535993448103142,-120.00,192.00,936,292436,11216,-120.17,184.36,-50.83,0.9796,0,0.1738,0.1839,0.9796,10000,2463,10,1.832,630.0,357.4,ndt_r3_i30,2136.0,0.9793,0.2442,0.436,0.189,0.436
662,1566536000753276080,-168.00,240.00,1172,352767,11513,-160.86,229.68,-42.68,0.9891,0,0.0983,0.3960,0.9896,10000,2606,10,13.987,768.3,373.4,none,6.5,0.6127,0.2500,35.293,80.019,13.987
662,1566536000753276080,-168.00,240.00,1172,352767,11513,-160.86,229.68,-42.68,0.9891,0,0.0983,0.3960,0.9896,10000,2606,10,13.987,768.3,373.4,icp_d1_i30,5046.0,0.6910,0.2627,16.237,41.951,13.986
662,1566536000753276080,-168.00,240.00,1172,352767,11513,-160.86,229.68,-42.68,0.9891,0,0.0983,0.3960,0.9896,10000,2606,10,13.987,768.3,373.4,icp_d2_i30,5057.8,0.7219,0.2381,16.625,41.248,13.730
662,1566536000753276080,-168.00,240.00,1172,352767,11513,-160.86,229.68,-42.68,0.9891,0,0.0983,0.3960,0.9896,10000,2606,10,13.987,768.3,373.4,icp_d4_i30,5624.4,0.7220,0.2580,16.470,41.041,13.591
662,1566536000753276080,-168.00,240.00,1172,352767,11513,-160.86,229.68,-42.68,0.9891,0,0.0983,0.3960,0.9896,10000,2606,10,13.987,768.3,373.4,gicp_d1_i30,5272.1,0.7037,0.2564,16.659,41.640,14.856
662,1566536000753276080,-168.00,240.00,1172,352767,11513,-160.86,229.68,-42.68,0.9891,0,0.0983,0.3960,0.9896,10000,2606,10,13.987,768.3,373.4,gicp_d2_i30,5695.1,0.7102,0.2586,18.555,41.767,13.300
662,1566536000753276080,-168.00,240.00,1172,352767,11513,-160.86,229.68,-42.68,0.9891,0,0.0983,0.3960,0.9896,10000,2606,10,13.987,768.3,373.4,gicp_d4_i30,5497.0,0.7117,0.2606,16.400,40.589,11.429
662,1566536000753276080,-168.00,240.00,1172,352767,11513,-160.86,229.68,-42.68,0.9891,0,0.0983,0.3960,0.9896,10000,2606,10,13.987,768.3,373.4,ndt_r1_i30,1720.2,0.6573,0.2526,16.169,41.952,13.909
662,1566536000753276080,-168.00,240.00,1172,352767,11513,-160.86,229.68,-42.68,0.9891,0,0.0983,0.3960,0.9896,10000,2606,10,13.987,768.3,373.4,ndt_r2_i30,2310.8,0.7124,0.2623,17.694,41.364,14.468
662,1566536000753276080,-168.00,240.00,1172,352767,11513,-160.86,229.68,-42.68,0.9891,0,0.0983,0.3960,0.9896,10000,2606,10,13.987,768.3,373.4,ndt_r3_i30,2332.9,0.7137,0.2613,17.753,41.226,13.642
735,1566536008046224830,-192.00,264.00,958,326376,12004,-188.30,259.72,-89.70,0.9948,0,0.1347,0.6300,0.9943,10000,2791,10,7.024,623.0,391.6,none,7.0,0.6587,0.2365,7.473,7.124,7.024
735,1566536008046224830,-192.00,264.00,958,326376,12004,-188.30,259.72,-89.70,0.9948,0,0.1347,0.6300,0.9943,10000,2791,10,7.024,623.0,391.6,icp_d1_i30,4674.4,0.7792,0.2480,6.147,2.685,6.147
735,1566536008046224830,-192.00,264.00,958,326376,12004,-188.30,259.72,-89.70,0.9948,0,0.1347,0.6300,0.9943,10000,2791,10,7.024,623.0,391.6,icp_d2_i30,5206.0,0.8088,0.2530,5.497,2.778,5.497
735,1566536008046224830,-192.00,264.00,958,326376,12004,-188.30,259.72,-89.70,0.9948,0,0.1347,0.6300,0.9943,10000,2791,10,7.024,623.0,391.6,icp_d4_i30,5445.1,0.8267,0.2457,3.919,4.494,3.919
735,1566536008046224830,-192.00,264.00,958,326376,12004,-188.30,259.72,-89.70,0.9948,0,0.1347,0.6300,0.9943,10000,2791,10,7.024,623.0,391.6,gicp_d1_i30,5411.5,0.8426,0.2388,3.723,2.113,3.723
735,1566536008046224830,-192.00,264.00,958,326376,12004,-188.30,259.72,-89.70,0.9948,0,0.1347,0.6300,0.9943,10000,2791,10,7.024,623.0,391.6,gicp_d2_i30,5343.9,0.9942,0.2453,0.112,0.653,0.112
735,1566536008046224830,-192.00,264.00,958,326376,12004,-188.30,259.72,-89.70,0.9948,0,0.1347,0.6300,0.9943,10000,2791,10,7.024,623.0,391.6,gicp_d4_i30,5461.6,0.9943,0.2466,0.092,0.625,0.092
735,1566536008046224830,-192.00,264.00,958,326376,12004,-188.30,259.72,-89.70,0.9948,0,0.1347,0.6300,0.9943,10000,2791,10,7.024,623.0,391.6,ndt_r1_i30,1980.6,0.7887,0.2512,5.244,1.809,5.244
735,1566536008046224830,-192.00,264.00,958,326376,12004,-188.30,259.72,-89.70,0.9948,0,0.1347,0.6300,0.9943,10000,2791,10,7.024,623.0,391.6,ndt_r2_i30,2205.0,0.8339,0.2396,4.314,2.576,4.314
735,1566536008046224830,-192.00,264.00,958,326376,12004,-188.30,259.72,-89.70,0.9948,0,0.1347,0.6300,0.9943,10000,2791,10,7.024,623.0,391.6,ndt_r3_i30,2148.7,0.8362,0.2443,4.358,2.200,4.282
808,1566536015345953842,-144.00,288.00,1349,356654,12024,-152.34,285.97,-146.96,0.9885,0,0.0465,0.1044,0.9885,10000,5545,10,1.832,920.1,433.7,none,11.9,0.8965,0.2423,1.832,0.859,1.832
808,1566536015345953842,-144.00,288.00,1349,356654,12024,-152.34,285.97,-146.96,0.9885,0,0.0465,0.1044,0.9885,10000,5545,10,1.832,920.1,433.7,icp_d1_i30,4928.8,0.9884,0.2500,0.972,0.509,0.972
808,1566536015345953842,-144.00,288.00,1349,356654,12024,-152.34,285.97,-146.96,0.9885,0,0.0465,0.1044,0.9885,10000,5545,10,1.832,920.1,433.7,icp_d2_i30,4664.2,0.9883,0.2498,0.983,0.497,0.619
808,1566536015345953842,-144.00,288.00,1349,356654,12024,-152.34,285.97,-146.96,0.9885,0,0.0465,0.1044,0.9885,10000,5545,10,1.832,920.1,433.7,icp_d4_i30,5004.5,0.9883,0.2493,0.958,0.443,0.618
808,1566536015345953842,-144.00,288.00,1349,356654,12024,-152.34,285.97,-146.96,0.9885,0,0.0465,0.1044,0.9885,10000,5545,10,1.832,920.1,433.7,gicp_d1_i30,5476.9,0.9885,0.2475,0.208,0.280,0.051
808,1566536015345953842,-144.00,288.00,1349,356654,12024,-152.34,285.97,-146.96,0.9885,0,0.0465,0.1044,0.9885,10000,5545,10,1.832,920.1,433.7,gicp_d2_i30,5425.2,0.9885,0.2480,0.052,0.110,0.052
808,1566536015345953842,-144.00,288.00,1349,356654,12024,-152.34,285.97,-146.96,0.9885,0,0.0465,0.1044,0.9885,10000,5545,10,1.832,920.1,433.7,gicp_d4_i30,5430.9,0.9885,0.2478,0.049,0.104,0.049
808,1566536015345953842,-144.00,288.00,1349,356654,12024,-152.34,285.97,-146.96,0.9885,0,0.0465,0.1044,0.9885,10000,5545,10,1.832,920.1,433.7,ndt_r1_i30,2089.7,0.9884,0.2481,0.325,0.394,0.325
808,1566536015345953842,-144.00,288.00,1349,356654,12024,-152.34,285.97,-146.96,0.9885,0,0.0465,0.1044,0.9885,10000,5545,10,1.832,920.1,433.7,ndt_r2_i30,2216.9,0.9889,0.2429,0.380,0.328,0.380
808,1566536015345953842,-144.00,288.00,1349,356654,12024,-152.34,285.97,-146.96,0.9885,0,0.0465,0.1044,0.9885,10000,5545,10,1.832,920.1,433.7,ndt_r3_i30,2466.3,0.9893,0.2419,0.550,0.715,0.550
881,1566536022645760706,-96.00,312.00,1104,321922,12698,-107.76,314.25,-147.43,0.9264,0,0.9256,0.3022,0.9202,10000,3613,10,0.821,704.1,435.2,none,7.7,0.8746,0.2463,0.821,3.851,0.821
881,1566536022645760706,-96.00,312.00,1104,321922,12698,-107.76,314.25,-147.43,0.9264,0,0.9256,0.3022,0.9202,10000,3613,10,0.821,704.1,435.2,icp_d1_i30,5451.7,0.9269,0.2419,0.766,0.734,0.766
881,1566536022645760706,-96.00,312.00,1104,321922,12698,-107.76,314.25,-147.43,0.9264,0,0.9256,0.3022,0.9202,10000,3613,10,0.821,704.1,435.2,icp_d2_i30,5451.4,0.9279,0.2412,0.717,0.751,0.508
881,1566536022645760706,-96.00,312.00,1104,321922,12698,-107.76,314.25,-147.43,0.9264,0,0.9256,0.3022,0.9202,10000,3613,10,0.821,704.1,435.2,icp_d4_i30,5544.4,0.9295,0.2458,0.699,0.647,0.430
881,1566536022645760706,-96.00,312.00,1104,321922,12698,-107.76,314.25,-147.43,0.9264,0,0.9256,0.3022,0.9202,10000,3613,10,0.821,704.1,435.2,gicp_d1_i30,5248.6,0.9299,0.2435,0.379,0.331,0.379
881,1566536022645760706,-96.00,312.00,1104,321922,12698,-107.76,314.25,-147.43,0.9264,0,0.9256,0.3022,0.9202,10000,3613,10,0.821,704.1,435.2,gicp_d2_i30,5436.1,0.9290,0.2433,0.544,0.440,0.483
881,1566536022645760706,-96.00,312.00,1104,321922,12698,-107.76,314.25,-147.43,0.9264,0,0.9256,0.3022,0.9202,10000,3613,10,0.821,704.1,435.2,gicp_d4_i30,5271.9,0.8942,0.2424,1.266,0.449,1.266
881,1566536022645760706,-96.00,312.00,1104,321922,12698,-107.76,314.25,-147.43,0.9264,0,0.9256,0.3022,0.9202,10000,3613,10,0.821,704.1,435.2,ndt_r1_i30,2190.9,0.9264,0.2470,0.260,0.532,0.260
881,1566536022645760706,-96.00,312.00,1104,321922,12698,-107.76,314.25,-147.43,0.9264,0,0.9256,0.3022,0.9202,10000,3613,10,0.821,704.1,435.2,ndt_r2_i30,2300.4,0.9257,0.2468,0.365,0.413,0.365
881,1566536022645760706,-96.00,312.00,1104,321922,12698,-107.76,314.25,-147.43,0.9264,0,0.9256,0.3022,0.9202,10000,3613,10,0.821,704.1,435.2,ndt_r3_i30,2304.7,0.9258,0.2479,0.480,0.293,0.480
954,1566536029953325705,-72.00,336.00,984,308239,10805,-67.86,338.66,-152.09,0.9784,0,0.0990,0.3077,0.9786,10000,3210,10,2.955,573.9,349.0,none,6.1,0.6885,0.2537,3.904,4.103,2.955
954,1566536029953325705,-72.00,336.00,984,308239,10805,-67.86,338.66,-152.09,0.9784,0,0.0990,0.3077,0.9786,10000,3210,10,2.955,573.9,349.0,icp_d1_i30,4647.2,0.8429,0.2454,3.155,2.033,2.626
954,1566536029953325705,-72.00,336.00,984,308239,10805,-67.86,338.66,-152.09,0.9784,0,0.0990,0.3077,0.9786,10000,3210,10,2.955,573.9,349.0,icp_d2_i30,4935.0,0.9733,0.2434,1.327,1.545,1.327
954,1566536029953325705,-72.00,336.00,984,308239,10805,-67.86,338.66,-152.09,0.9784,0,0.0990,0.3077,0.9786,10000,3210,10,2.955,573.9,349.0,icp_d4_i30,4749.2,0.9775,0.2455,1.163,1.361,1.023
954,1566536029953325705,-72.00,336.00,984,308239,10805,-67.86,338.66,-152.09,0.9784,0,0.0990,0.3077,0.9786,10000,3210,10,2.955,573.9,349.0,gicp_d1_i30,5560.2,0.9784,0.2462,0.137,0.334,0.137
954,1566536029953325705,-72.00,336.00,984,308239,10805,-67.86,338.66,-152.09,0.9784,0,0.0990,0.3077,0.9786,10000,3210,10,2.955,573.9,349.0,gicp_d2_i30,5467.0,0.9785,0.2470,0.102,0.297,0.102
954,1566536029953325705,-72.00,336.00,984,308239,10805,-67.86,338.66,-152.09,0.9784,0,0.0990,0.3077,0.9786,10000,3210,10,2.955,573.9,349.0,gicp_d4_i30,5216.9,0.9787,0.2467,0.158,0.323,0.102
954,1566536029953325705,-72.00,336.00,984,308239,10805,-67.86,338.66,-152.09,0.9784,0,0.0990,0.3077,0.9786,10000,3210,10,2.955,573.9,349.0,ndt_r1_i30,2004.0,0.9776,0.2468,1.041,1.138,1.041
954,1566536029953325705,-72.00,336.00,984,308239,10805,-67.86,338.66,-152.09,0.9784,0,0.0990,0.3077,0.9786,10000,3210,10,2.955,573.9,349.0,ndt_r2_i30,2140.8,0.9782,0.2453,0.938,1.095,0.868
954,1566536029953325705,-72.00,336.00,984,308239,10805,-67.86,338.66,-152.09,0.9784,0,0.0990,0.3077,0.9786,10000,3210,10,2.955,573.9,349.0,ndt_r3_i30,2087.1,0.9784,0.2458,0.940,1.089,0.772
1027,1566536037247571899,-24.00,312.00,918,262121,10204,-25.76,323.82,137.57,0.9579,1,0.2117,0.3504,0.9578,10000,1719,10,2.343,462.9,320.7,none,8.3,0.7677,0.2603,2.952,2.436,2.343
1027,1566536037247571899,-24.00,312.00,918,262121,10204,-25.76,323.82,137.57,0.9579,1,0.2117,0.3504,0.9578,10000,1719,10,2.343,462.9,320.7,icp_d1_i30,4186.3,0.9577,0.2421,0.976,0.459,0.976
1027,1566536037247571899,-24.00,312.00,918,262121,10204,-25.76,323.82,137.57,0.9579,1,0.2117,0.3504,0.9578,10000,1719,10,2.343,462.9,320.7,icp_d2_i30,4568.2,0.9577,0.2431,0.932,0.849,0.932
1027,1566536037247571899,-24.00,312.00,918,262121,10204,-25.76,323.82,137.57,0.9579,1,0.2117,0.3504,0.9578,10000,1719,10,2.343,462.9,320.7,icp_d4_i30,4621.2,0.9581,0.2424,0.978,0.543,0.729
1027,1566536037247571899,-24.00,312.00,918,262121,10204,-25.76,323.82,137.57,0.9579,1,0.2117,0.3504,0.9578,10000,1719,10,2.343,462.9,320.7,gicp_d1_i30,5085.9,0.9578,0.2415,0.183,0.350,0.183
1027,1566536037247571899,-24.00,312.00,918,262121,10204,-25.76,323.82,137.57,0.9579,1,0.2117,0.3504,0.9578,10000,1719,10,2.343,462.9,320.7,gicp_d2_i30,5138.9,0.9578,0.2418,0.206,0.354,0.206
1027,1566536037247571899,-24.00,312.00,918,262121,10204,-25.76,323.82,137.57,0.9579,1,0.2117,0.3504,0.9578,10000,1719,10,2.343,462.9,320.7,gicp_d4_i30,5246.9,0.9578,0.2418,0.200,0.348,0.200
1027,1566536037247571899,-24.00,312.00,918,262121,10204,-25.76,323.82,137.57,0.9579,1,0.2117,0.3504,0.9578,10000,1719,10,2.343,462.9,320.7,ndt_r1_i30,2122.9,0.9566,0.2429,0.385,0.519,0.385
1027,1566536037247571899,-24.00,312.00,918,262121,10204,-25.76,323.82,137.57,0.9579,1,0.2117,0.3504,0.9578,10000,1719,10,2.343,462.9,320.7,ndt_r2_i30,2234.2,0.9579,0.2417,0.334,0.483,0.334
1027,1566536037247571899,-24.00,312.00,918,262121,10204,-25.76,323.82,137.57,0.9579,1,0.2117,0.3504,0.9578,10000,1719,10,2.343,462.9,320.7,ndt_r3_i30,2207.2,0.9583,0.2412,0.330,0.530,0.330
1100,1566536044548126397,24.00,288.00,582,211151,10131,25.65,280.95,146.14,0.9859,1,0.1571,0.2143,0.9864,10000,1236,10,0.312,377.8,268.6,none,8.0,0.9755,0.2413,0.312,1.171,0.312
1100,1566536044548126397,24.00,288.00,582,211151,10131,25.65,280.95,146.14,0.9859,1,0.1571,0.2143,0.9864,10000,1236,10,0.312,377.8,268.6,icp_d1_i30,3906.8,0.9863,0.2472,0.122,0.153,0.122
1100,1566536044548126397,24.00,288.00,582,211151,10131,25.65,280.95,146.14,0.9859,1,0.1571,0.2143,0.9864,10000,1236,10,0.312,377.8,268.6,icp_d2_i30,4184.8,0.9876,0.2469,0.326,0.319,0.144
1100,1566536044548126397,24.00,288.00,582,211151,10131,25.65,280.95,146.14,0.9859,1,0.1571,0.2143,0.9864,10000,1236,10,0.312,377.8,268.6,icp_d4_i30,3961.1,0.9877,0.2473,0.287,0.312,0.105
1100,1566536044548126397,24.00,288.00,582,211151,10131,25.65,280.95,146.14,0.9859,1,0.1571,0.2143,0.9864,10000,1236,10,0.312,377.8,268.6,gicp_d1_i30,3426.1,0.9872,0.2486,0.339,0.424,0.157
1100,1566536044548126397,24.00,288.00,582,211151,10131,25.65,280.95,146.14,0.9859,1,0.1571,0.2143,0.9864,10000,1236,10,0.312,377.8,268.6,gicp_d2_i30,3547.2,0.9864,0.2481,0.158,0.205,0.158
1100,1566536044548126397,24.00,288.00,582,211151,10131,25.65,280.95,146.14,0.9859,1,0.1571,0.2143,0.9864,10000,1236,10,0.312,377.8,268.6,gicp_d4_i30,3064.4,0.9864,0.2481,0.158,0.215,0.158
1100,1566536044548126397,24.00,288.00,582,211151,10131,25.65,280.95,146.14,0.9859,1,0.1571,0.2143,0.9864,10000,1236,10,0.312,377.8,268.6,ndt_r1_i30,1874.8,0.9857,0.2482,0.042,0.137,0.042
1100,1566536044548126397,24.00,288.00,582,211151,10131,25.65,280.95,146.14,0.9859,1,0.1571,0.2143,0.9864,10000,1236,10,0.312,377.8,268.6,ndt_r2_i30,2154.9,0.9862,0.2452,0.488,0.507,0.015
1100,1566536044548126397,24.00,288.00,582,211151,10131,25.65,280.95,146.14,0.9859,1,0.1571,0.2143,0.9864,10000,1236,10,0.312,377.8,268.6,ndt_r3_i30,2269.9,0.9867,0.2433,0.473,0.714,0.080
1173,1566536051851512454,72.00,264.00,696,273520,11346,75.28,258.12,163.06,0.9730,1,0.2416,0.6756,0.9750,10000,3999,10,0.876,539.7,381.9,none,8.6,0.8980,0.2522,0.876,3.802,0.876
1173,1566536051851512454,72.00,264.00,696,273520,11346,75.28,258.12,163.06,0.9730,1,0.2416,0.6756,0.9750,10000,3999,10,0.876,539.7,381.9,icp_d1_i30,5543.1,0.9749,0.2470,0.279,1.075,0.279
1173,1566536051851512454,72.00,264.00,696,273520,11346,75.28,258.12,163.06,0.9730,1,0.2416,0.6756,0.9750,10000,3999,10,0.876,539.7,381.9,icp_d2_i30,5499.4,0.9750,0.2478,0.245,0.847,0.245
1173,1566536051851512454,72.00,264.00,696,273520,11346,75.28,258.12,163.06,0.9730,1,0.2416,0.6756,0.9750,10000,3999,10,0.876,539.7,381.9,icp_d4_i30,5624.9,0.9751,0.2480,0.219,0.808,0.219
1173,1566536051851512454,72.00,264.00,696,273520,11346,75.28,258.12,163.06,0.9730,1,0.2416,0.6756,0.9750,10000,3999,10,0.876,539.7,381.9,gicp_d1_i30,5404.8,0.9750,0.2475,0.243,0.673,0.243
1173,1566536051851512454,72.00,264.00,696,273520,11346,75.28,258.12,163.06,0.9730,1,0.2416,0.6756,0.9750,10000,3999,10,0.876,539.7,381.9,gicp_d2_i30,5053.6,0.9751,0.2474,0.242,0.676,0.234
1173,1566536051851512454,72.00,264.00,696,273520,11346,75.28,258.12,163.06,0.9730,1,0.2416,0.6756,0.9750,10000,3999,10,0.876,539.7,381.9,gicp_d4_i30,5020.2,0.9751,0.2474,0.241,0.677,0.241
1173,1566536051851512454,72.00,264.00,696,273520,11346,75.28,258.12,163.06,0.9730,1,0.2416,0.6756,0.9750,10000,3999,10,0.876,539.7,381.9,ndt_r1_i30,2154.7,0.9745,0.2500,0.226,0.893,0.226
1173,1566536051851512454,72.00,264.00,696,273520,11346,75.28,258.12,163.06,0.9730,1,0.2416,0.6756,0.9750,10000,3999,10,0.876,539.7,381.9,ndt_r2_i30,2325.6,0.9747,0.2469,0.204,0.666,0.199
1173,1566536051851512454,72.00,264.00,696,273520,11346,75.28,258.12,163.06,0.9730,1,0.2416,0.6756,0.9750,10000,3999,10,0.876,539.7,381.9,ndt_r3_i30,2055.7,0.9748,0.2467,0.213,0.650,0.213
1246,1566536059146865601,120.00,240.00,667,302018,13848,125.34,250.81,178.77,0.8804,1,1.1645,1.9184,0.9467,10000,2691,10,2.194,605.8,448.7,none,11.1,0.7711,0.2486,2.194,6.042,2.194
1246,1566536059146865601,120.00,240.00,667,302018,13848,125.34,250.81,178.77,0.8804,1,1.1645,1.9184,0.9467,10000,2691,10,2.194,605.8,448.7,icp_d1_i30,5568.7,0.9216,0.2504,1.306,3.536,1.306
1246,1566536059146865601,120.00,240.00,667,302018,13848,125.34,250.81,178.77,0.8804,1,1.1645,1.9184,0.9467,10000,2691,10,2.194,605.8,448.7,icp_d2_i30,6451.9,0.9510,0.2413,1.328,1.738,1.182
1246,1566536059146865601,120.00,240.00,667,302018,13848,125.34,250.81,178.77,0.8804,1,1.1645,1.9184,0.9467,10000,2691,10,2.194,605.8,448.7,icp_d4_i30,5656.3,0.9510,0.2421,1.332,1.680,1.323
1246,1566536059146865601,120.00,240.00,667,302018,13848,125.34,250.81,178.77,0.8804,1,1.1645,1.9184,0.9467,10000,2691,10,2.194,605.8,448.7,gicp_d1_i30,5466.8,0.9508,0.2437,1.398,1.450,1.398
1246,1566536059146865601,120.00,240.00,667,302018,13848,125.34,250.81,178.77,0.8804,1,1.1645,1.9184,0.9467,10000,2691,10,2.194,605.8,448.7,gicp_d2_i30,5413.5,0.9508,0.2434,1.403,1.442,1.227
1246,1566536059146865601,120.00,240.00,667,302018,13848,125.34,250.81,178.77,0.8804,1,1.1645,1.9184,0.9467,10000,2691,10,2.194,605.8,448.7,gicp_d4_i30,5374.3,0.9508,0.2434,1.403,1.443,1.247
1246,1566536059146865601,120.00,240.00,667,302018,13848,125.34,250.81,178.77,0.8804,1,1.1645,1.9184,0.9467,10000,2691,10,2.194,605.8,448.7,ndt_r1_i30,2239.0,0.9502,0.2447,1.340,1.454,1.339
1246,1566536059146865601,120.00,240.00,667,302018,13848,125.34,250.81,178.77,0.8804,1,1.1645,1.9184,0.9467,10000,2691,10,2.194,605.8,448.7,ndt_r2_i30,2219.2,0.9506,0.2446,1.343,1.365,1.343
1246,1566536059146865601,120.00,240.00,667,302018,13848,125.34,250.81,178.77,0.8804,1,1.1645,1.9184,0.9467,10000,2691,10,2.194,605.8,448.7,ndt_r3_i30,2590.9,0.9500,0.2441,1.327,1.315,1.327
1319,1566536066447122403,192.00,264.00,329,188020,14809,194.16,256.76,-166.90,0.7994,0,2.0232,0.7532,0.9949,10000,727,10,1.061,501.8,415.6,none,6.9,0.9818,0.2522,1.806,1.216,1.061
1319,1566536066447122403,192.00,264.00,329,188020,14809,194.16,256.76,-166.90,0.7994,0,2.0232,0.7532,0.9949,10000,727,10,1.061,501.8,415.6,icp_d1_i30,5203.9,0.9936,0.2469,2.048,0.937,1.379
1319,1566536066447122403,192.00,264.00,329,188020,14809,194.16,256.76,-166.90,0.7994,0,2.0232,0.7532,0.9949,10000,727,10,1.061,501.8,415.6,icp_d2_i30,5455.5,0.9949,0.2452,2.056,0.783,1.436
1319,1566536066447122403,192.00,264.00,329,188020,14809,194.16,256.76,-166.90,0.7994,0,2.0232,0.7532,0.9949,10000,727,10,1.061,501.8,415.6,icp_d4_i30,5236.9,0.9950,0.2467,2.060,0.834,1.645
1319,1566536066447122403,192.00,264.00,329,188020,14809,194.16,256.76,-166.90,0.7994,0,2.0232,0.7532,0.9949,10000,727,10,1.061,501.8,415.6,gicp_d1_i30,4424.5,0.9950,0.2463,2.018,0.744,2.016
1319,1566536066447122403,192.00,264.00,329,188020,14809,194.16,256.76,-166.90,0.7994,0,2.0232,0.7532,0.9949,10000,727,10,1.061,501.8,415.6,gicp_d2_i30,4195.0,0.9951,0.2464,2.005,0.714,2.005
1319,1566536066447122403,192.00,264.00,329,188020,14809,194.16,256.76,-166.90,0.7994,0,2.0232,0.7532,0.9949,10000,727,10,1.061,501.8,415.6,gicp_d4_i30,4124.6,0.9949,0.2463,2.019,0.747,2.015
1319,1566536066447122403,192.00,264.00,329,188020,14809,194.16,256.76,-166.90,0.7994,0,2.0232,0.7532,0.9949,10000,727,10,1.061,501.8,415.6,ndt_r1_i30,1994.3,0.9949,0.2464,2.066,0.782,1.738
1319,1566536066447122403,192.00,264.00,329,188020,14809,194.16,256.76,-166.90,0.7994,0,2.0232,0.7532,0.9949,10000,727,10,1.061,501.8,415.6,ndt_r2_i30,2565.2,0.9951,0.2465,2.044,0.770,1.436
1319,1566536066447122403,192.00,264.00,329,188020,14809,194.16,256.76,-166.90,0.7994,0,2.0232,0.7532,0.9949,10000,727,10,1.061,501.8,415.6,ndt_r3_i30,2336.7,0.9951,0.2464,2.057,0.790,1.029
1392,1566536073745553974,264.00,288.00,374,146698,10059,262.05,286.96,-154.19,0.9760,1,0.6077,0.7605,0.9842,10000,2593,10,1.040,315.0,277.1,none,6.1,0.9801,0.2407,1.040,0.987,1.040
1392,1566536073745553974,264.00,288.00,374,146698,10059,262.05,286.96,-154.19,0.9760,1,0.6077,0.7605,0.9842,10000,2593,10,1.040,315.0,277.1,icp_d1_i30,3770.7,0.9845,0.2503,0.595,0.624,0.595
1392,1566536073745553974,264.00,288.00,374,146698,10059,262.05,286.96,-154.19,0.9760,1,0.6077,0.7605,0.9842,10000,2593,10,1.040,315.0,277.1,icp_d2_i30,3865.7,0.9848,0.2493,0.592,0.940,0.396
1392,1566536073745553974,264.00,288.00,374,146698,10059,262.05,286.96,-154.19,0.9760,1,0.6077,0.7605,0.9842,10000,2593,10,1.040,315.0,277.1,icp_d4_i30,3781.9,0.9846,0.2494,0.573,0.743,0.363
1392,1566536073745553974,264.00,288.00,374,146698,10059,262.05,286.96,-154.19,0.9760,1,0.6077,0.7605,0.9842,10000,2593,10,1.040,315.0,277.1,gicp_d1_i30,3987.4,0.9842,0.2521,0.603,0.771,0.603
1392,1566536073745553974,264.00,288.00,374,146698,10059,262.05,286.96,-154.19,0.9760,1,0.6077,0.7605,0.9842,10000,2593,10,1.040,315.0,277.1,gicp_d2_i30,3808.7,0.9842,0.2523,0.608,0.760,0.608
1392,1566536073745553974,264.00,288.00,374,146698,10059,262.05,286.96,-154.19,0.9760,1,0.6077,0.7605,0.9842,10000,2593,10,1.040,315.0,277.1,gicp_d4_i30,3579.3,0.9842,0.2523,0.608,0.761,0.608
1392,1566536073745553974,264.00,288.00,374,146698,10059,262.05,286.96,-154.19,0.9760,1,0.6077,0.7605,0.9842,10000,2593,10,1.040,315.0,277.1,ndt_r1_i30,2024.3,0.9842,0.2524,0.648,0.901,0.428
1392,1566536073745553974,264.00,288.00,374,146698,10059,262.05,286.96,-154.19,0.9760,1,0.6077,0.7605,0.9842,10000,2593,10,1.040,315.0,277.1,ndt_r2_i30,2101.0,0.9841,0.2529,0.661,0.803,0.629
1392,1566536073745553974,264.00,288.00,374,146698,10059,262.05,286.96,-154.19,0.9760,1,0.6077,0.7605,0.9842,10000,2593,10,1.040,315.0,277.1,ndt_r3_i30,2089.1,0.9839,0.2536,0.664,0.677,0.659
1465,1566536081049606321,312.00,288.00,350,158664,11114,307.15,282.23,129.23,0.9873,1,0.6249,0.7910,0.9950,10000,1891,10,1.377,365.9,306.3,none,10.7,0.6916,0.2478,1.377,6.248,1.377
1465,1566536081049606321,312.00,288.00,350,158664,11114,307.15,282.23,129.23,0.9873,1,0.6249,0.7910,0.9950,10000,1891,10,1.377,365.9,306.3,icp_d1_i30,4896.5,0.9943,0.2540,0.630,0.995,0.630
1465,1566536081049606321,312.00,288.00,350,158664,11114,307.15,282.23,129.23,0.9873,1,0.6249,0.7910,0.9950,10000,1891,10,1.377,365.9,306.3,icp_d2_i30,4925.5,0.9950,0.2523,0.597,0.778,0.202
1465,1566536081049606321,312.00,288.00,350,158664,11114,307.15,282.23,129.23,0.9873,1,0.6249,0.7910,0.9950,10000,1891,10,1.377,365.9,306.3,icp_d4_i30,4728.4,0.9950,0.2518,0.595,0.831,0.421
1465,1566536081049606321,312.00,288.00,350,158664,11114,307.15,282.23,129.23,0.9873,1,0.6249,0.7910,0.9950,10000,1891,10,1.377,365.9,306.3,gicp_d1_i30,5187.7,0.9951,0.2521,0.630,0.761,0.622
1465,1566536081049606321,312.00,288.00,350,158664,11114,307.15,282.23,129.23,0.9873,1,0.6249,0.7910,0.9950,10000,1891,10,1.377,365.9,306.3,gicp_d2_i30,4464.0,0.9950,0.2522,0.623,0.806,0.623
1465,1566536081049606321,312.00,288.00,350,158664,11114,307.15,282.23,129.23,0.9873,1,0.6249,0.7910,0.9950,10000,1891,10,1.377,365.9,306.3,gicp_d4_i30,4030.8,0.9950,0.2521,0.624,0.791,0.623
1465,1566536081049606321,312.00,288.00,350,158664,11114,307.15,282.23,129.23,0.9873,1,0.6249,0.7910,0.9950,10000,1891,10,1.377,365.9,306.3,ndt_r1_i30,1953.6,0.9950,0.2525,0.601,0.632,0.601
1465,1566536081049606321,312.00,288.00,350,158664,11114,307.15,282.23,129.23,0.9873,1,0.6249,0.7910,0.9950,10000,1891,10,1.377,365.9,306.3,ndt_r2_i30,1968.1,0.9950,0.2526,0.612,0.623,0.612
1465,1566536081049606321,312.00,288.00,350,158664,11114,307.15,282.23,129.23,0.9873,1,0.6249,0.7910,0.9950,10000,1891,10,1.377,365.9,306.3,ndt_r3_i30,2020.7,0.9950,0.2522,0.630,0.580,0.630
1538,1566536088345101704,336.00,240.00,383,178154,9311,337.62,236.57,122.36,0.9367,1,0.9922,0.2273,0.9665,10000,4149,10,1.667,368.6,296.2,none,5.5,0.8531,0.2443,1.906,2.476,1.667
1538,1566536088345101704,336.00,240.00,383,178154,9311,337.62,236.57,122.36,0.9367,1,0.9922,0.2273,0.9665,10000,4149,10,1.667,368.6,296.2,icp_d1_i30,3549.2,0.9661,0.2481,0.984,0.211,0.984
1538,1566536088345101704,336.00,240.00,383,178154,9311,337.62,236.57,122.36,0.9367,1,0.9922,0.2273,0.9665,10000,4149,10,1.667,368.6,296.2,icp_d2_i30,3603.4,0.9663,0.2489,1.093,0.142,0.652
1538,1566536088345101704,336.00,240.00,383,178154,9311,337.62,236.57,122.36,0.9367,1,0.9922,0.2273,0.9665,10000,4149,10,1.667,368.6,296.2,icp_d4_i30,3503.8,0.9661,0.2475,0.975,0.267,0.289
1538,1566536088345101704,336.00,240.00,383,178154,9311,337.62,236.57,122.36,0.9367,1,0.9922,0.2273,0.9665,10000,4149,10,1.667,368.6,296.2,gicp_d1_i30,4476.9,0.9665,0.2502,0.994,0.227,0.994
1538,1566536088345101704,336.00,240.00,383,178154,9311,337.62,236.57,122.36,0.9367,1,0.9922,0.2273,0.9665,10000,4149,10,1.667,368.6,296.2,gicp_d2_i30,4005.3,0.9665,0.2502,0.993,0.227,0.992
1538,1566536088345101704,336.00,240.00,383,178154,9311,337.62,236.57,122.36,0.9367,1,0.9922,0.2273,0.9665,10000,4149,10,1.667,368.6,296.2,gicp_d4_i30,3374.8,0.9665,0.2502,0.992,0.228,0.990
1538,1566536088345101704,336.00,240.00,383,178154,9311,337.62,236.57,122.36,0.9367,1,0.9922,0.2273,0.9665,10000,4149,10,1.667,368.6,296.2,ndt_r1_i30,2032.9,0.9656,0.2495,1.056,0.226,0.641
1538,1566536088345101704,336.00,240.00,383,178154,9311,337.62,236.57,122.36,0.9367,1,0.9922,0.2273,0.9665,10000,4149,10,1.667,368.6,296.2,ndt_r2_i30,1951.0,0.9660,0.2496,1.048,0.291,0.347
1538,1566536088345101704,336.00,240.00,383,178154,9311,337.62,236.57,122.36,0.9367,1,0.9922,0.2273,0.9665,10000,4149,10,1.667,368.6,296.2,ndt_r3_i30,2013.8,0.9664,0.2511,1.047,0.278,0.339
1611,1566536095644964355,360.00,192.00,418,212491,8630,369.62,185.75,122.54,0.9761,1,0.7621,0.4141,0.9815,10000,3085,10,5.058,425.5,268.6,none,7.7,0.6060,0.2497,13.939,18.713,5.058
1611,1566536095644964355,360.00,192.00,418,212491,8630,369.62,185.75,122.54,0.9761,1,0.7621,0.4141,0.9815,10000,3085,10,5.058,425.5,268.6,icp_d1_i30,3681.7,0.7571,0.2391,4.393,3.388,4.393
1611,1566536095644964355,360.00,192.00,418,212491,8630,369.62,185.75,122.54,0.9761,1,0.7621,0.4141,0.9815,10000,3085,10,5.058,425.5,268.6,icp_d2_i30,3579.9,0.8508,0.2476,3.143,2.127,3.143
1611,1566536095644964355,360.00,192.00,418,212491,8630,369.62,185.75,122.54,0.9761,1,0.7621,0.4141,0.9815,10000,3085,10,5.058,425.5,268.6,icp_d4_i30,3693.2,0.9611,0.2455,1.695,0.537,1.695
1611,1566536095644964355,360.00,192.00,418,212491,8630,369.62,185.75,122.54,0.9761,1,0.7621,0.4141,0.9815,10000,3085,10,5.058,425.5,268.6,gicp_d1_i30,5159.9,0.9812,0.2463,0.877,0.346,0.877
1611,1566536095644964355,360.00,192.00,418,212491,8630,369.62,185.75,122.54,0.9761,1,0.7621,0.4141,0.9815,10000,3085,10,5.058,425.5,268.6,gicp_d2_i30,5021.2,0.9815,0.2455,0.753,0.439,0.753
1611,1566536095644964355,360.00,192.00,418,212491,8630,369.62,185.75,122.54,0.9761,1,0.7621,0.4141,0.9815,10000,3085,10,5.058,425.5,268.6,gicp_d4_i30,5076.0,0.9815,0.2453,0.779,0.388,0.779
1611,1566536095644964355,360.00,192.00,418,212491,8630,369.62,185.75,122.54,0.9761,1,0.7621,0.4141,0.9815,10000,3085,10,5.058,425.5,268.6,ndt_r1_i30,1949.0,0.8287,0.2543,2.964,2.280,2.964
1611,1566536095644964355,360.00,192.00,418,212491,8630,369.62,185.75,122.54,0.9761,1,0.7621,0.4141,0.9815,10000,3085,10,5.058,425.5,268.6,ndt_r2_i30,2071.0,0.9141,0.2440,2.023,1.132,2.023
1611,1566536095644964355,360.00,192.00,418,212491,8630,369.62,185.75,122.54,0.9761,1,0.7621,0.4141,0.9815,10000,3085,10,5.058,425.5,268.6,ndt_r3_i30,1899.0,0.9322,0.2465,1.949,0.864,1.949
1684,1566536102952865725,408.00,168.00,411,210806,10699,400.15,162.44,-160.68,0.9865,1,0.6837,0.4354,0.9939,10000,5247,10,1.013,547.4,359.7,none,7.2,0.7854,0.2528,1.013,8.819,1.013
1684,1566536102952865725,408.00,168.00,411,210806,10699,400.15,162.44,-160.68,0.9865,1,0.6837,0.4354,0.9939,10000,5247,10,1.013,547.4,359.7,icp_d1_i30,4349.6,0.8760,0.2416,0.943,6.044,0.943
1684,1566536102952865725,408.00,168.00,411,210806,10699,400.15,162.44,-160.68,0.9865,1,0.6837,0.4354,0.9939,10000,5247,10,1.013,547.4,359.7,icp_d2_i30,4311.2,0.9490,0.2435,0.963,3.209,0.963
1684,1566536102952865725,408.00,168.00,411,210806,10699,400.15,162.44,-160.68,0.9865,1,0.6837,0.4354,0.9939,10000,5247,10,1.013,547.4,359.7,icp_d4_i30,4204.1,0.9771,0.2438,0.690,1.213,0.690
1684,1566536102952865725,408.00,168.00,411,210806,10699,400.15,162.44,-160.68,0.9865,1,0.6837,0.4354,0.9939,10000,5247,10,1.013,547.4,359.7,gicp_d1_i30,4928.5,0.9940,0.2441,1.359,0.509,0.758
1684,1566536102952865725,408.00,168.00,411,210806,10699,400.15,162.44,-160.68,0.9865,1,0.6837,0.4354,0.9939,10000,5247,10,1.013,547.4,359.7,gicp_d2_i30,5421.0,0.9941,0.2442,0.795,0.721,0.795
1684,1566536102952865725,408.00,168.00,411,210806,10699,400.15,162.44,-160.68,0.9865,1,0.6837,0.4354,0.9939,10000,5247,10,1.013,547.4,359.7,gicp_d4_i30,5326.0,0.9940,0.2440,1.368,0.551,0.684
1684,1566536102952865725,408.00,168.00,411,210806,10699,400.15,162.44,-160.68,0.9865,1,0.6837,0.4354,0.9939,10000,5247,10,1.013,547.4,359.7,ndt_r1_i30,2069.9,0.9917,0.2596,1.076,0.780,0.798
1684,1566536102952865725,408.00,168.00,411,210806,10699,400.15,162.44,-160.68,0.9865,1,0.6837,0.4354,0.9939,10000,5247,10,1.013,547.4,359.7,ndt_r2_i30,2164.1,0.9939,0.2576,1.103,0.387,0.561
1684,1566536102952865725,408.00,168.00,411,210806,10699,400.15,162.44,-160.68,0.9865,1,0.6837,0.4354,0.9939,10000,5247,10,1.013,547.4,359.7,ndt_r3_i30,2333.1,0.9942,0.2515,1.081,0.461,0.643
1757,1566536110248473293,432.00,168.00,389,202322,9627,427.87,179.82,-144.43,0.9816,1,0.6342,0.1902,0.9805,10000,5591,10,3.715,435.0,308.1,none,5.7,0.8376,0.2543,6.330,1.202,3.715
1757,1566536110248473293,432.00,168.00,389,202322,9627,427.87,179.82,-144.43,0.9816,1,0.6342,0.1902,0.9805,10000,5591,10,3.715,435.0,308.1,icp_d1_i30,4048.8,0.9284,0.2470,2.277,2.261,2.277
1757,1566536110248473293,432.00,168.00,389,202322,9627,427.87,179.82,-144.43,0.9816,1,0.6342,0.1902,0.9805,10000,5591,10,3.715,435.0,308.1,icp_d2_i30,3883.6,0.9691,0.2477,1.436,0.963,1.436
1757,1566536110248473293,432.00,168.00,389,202322,9627,427.87,179.82,-144.43,0.9816,1,0.6342,0.1902,0.9805,10000,5591,10,3.715,435.0,308.1,icp_d4_i30,3838.0,0.9722,0.2477,1.347,0.838,1.347
1757,1566536110248473293,432.00,168.00,389,202322,9627,427.87,179.82,-144.43,0.9816,1,0.6342,0.1902,0.9805,10000,5591,10,3.715,435.0,308.1,gicp_d1_i30,5393.4,0.9804,0.2485,0.658,0.211,0.658
1757,1566536110248473293,432.00,168.00,389,202322,9627,427.87,179.82,-144.43,0.9816,1,0.6342,0.1902,0.9805,10000,5591,10,3.715,435.0,308.1,gicp_d2_i30,5412.7,0.9804,0.2485,0.635,0.189,0.635
1757,1566536110248473293,432.00,168.00,389,202322,9627,427.87,179.82,-144.43,0.9816,1,0.6342,0.1902,0.9805,10000,5591,10,3.715,435.0,308.1,gicp_d4_i30,5419.0,0.9806,0.2485,0.608,0.193,0.608
1757,1566536110248473293,432.00,168.00,389,202322,9627,427.87,179.82,-144.43,0.9816,1,0.6342,0.1902,0.9805,10000,5591,10,3.715,435.0,308.1,ndt_r1_i30,2008.4,0.9788,0.2490,0.797,0.429,0.797
1757,1566536110248473293,432.00,168.00,389,202322,9627,427.87,179.82,-144.43,0.9816,1,0.6342,0.1902,0.9805,10000,5591,10,3.715,435.0,308.1,ndt_r2_i30,2145.1,0.9797,0.2486,0.865,0.388,0.865
1757,1566536110248473293,432.00,168.00,389,202322,9627,427.87,179.82,-144.43,0.9816,1,0.6342,0.1902,0.9805,10000,5591,10,3.715,435.0,308.1,ndt_r3_i30,2231.6,0.9790,0.2497,0.953,0.204,0.953
1830,1566536117544168777,456.00,192.00,283,167550,12207,462.40,201.80,-148.72,0.9602,1,0.4215,0.2302,0.9606,10000,4040,10,0.810,439.6,356.8,none,7.2,0.8915,0.2513,0.810,3.205,0.810
1830,1566536117544168777,456.00,192.00,283,167550,12207,462.40,201.80,-148.72,0.9602,1,0.4215,0.2302,0.9606,10000,4040,10,0.810,439.6,356.8,icp_d1_i30,4772.4,0.9606,0.2550,0.412,0.120,0.412
1830,1566536117544168777,456.00,192.00,283,167550,12207,462.40,201.80,-148.72,0.9602,1,0.4215,0.2302,0.9606,10000,4040,10,0.810,439.6,356.8,icp_d2_i30,4663.7,0.9606,0.2542,0.421,0.070,0.415
1830,1566536117544168777,456.00,192.00,283,167550,12207,462.40,201.80,-148.72,0.9602,1,0.4215,0.2302,0.9606,10000,4040,10,0.810,439.6,356.8,icp_d4_i30,4670.1,0.9608,0.2533,0.386,0.000,0.379
1830,1566536117544168777,456.00,192.00,283,167550,12207,462.40,201.80,-148.72,0.9602,1,0.4215,0.2302,0.9606,10000,4040,10,0.810,439.6,356.8,gicp_d1_i30,4830.7,0.9606,0.2562,0.423,0.237,0.419
1830,1566536117544168777,456.00,192.00,283,167550,12207,462.40,201.80,-148.72,0.9602,1,0.4215,0.2302,0.9606,10000,4040,10,0.810,439.6,356.8,gicp_d2_i30,4758.0,0.9606,0.2561,0.422,0.232,0.422
1830,1566536117544168777,456.00,192.00,283,167550,12207,462.40,201.80,-148.72,0.9602,1,0.4215,0.2302,0.9606,10000,4040,10,0.810,439.6,356.8,gicp_d4_i30,4743.4,0.9606,0.2559,0.423,0.209,0.423
1830,1566536117544168777,456.00,192.00,283,167550,12207,462.40,201.80,-148.72,0.9602,1,0.4215,0.2302,0.9606,10000,4040,10,0.810,439.6,356.8,ndt_r1_i30,2074.5,0.9606,0.2573,0.439,0.198,0.422
1830,1566536117544168777,456.00,192.00,283,167550,12207,462.40,201.80,-148.72,0.9602,1,0.4215,0.2302,0.9606,10000,4040,10,0.810,439.6,356.8,ndt_r2_i30,2225.2,0.9603,0.2561,0.451,0.147,0.451
1830,1566536117544168777,456.00,192.00,283,167550,12207,462.40,201.80,-148.72,0.9602,1,0.4215,0.2302,0.9606,10000,4040,10,0.810,439.6,356.8,ndt_r3_i30,2083.5,0.9600,0.2559,0.475,0.208,0.475
1903,1566536124844530056,504.00,240.00,197,175430,12208,515.87,235.72,-147.75,0.9839,1,0.2164,0.2147,0.9830,10000,1557,10,1.006,361.2,352.7,none,6.4,0.7111,0.2506,2.468,3.507,1.006
1903,1566536124844530056,504.00,240.00,197,175430,12208,515.87,235.72,-147.75,0.9839,1,0.2164,0.2147,0.9830,10000,1557,10,1.006,361.2,352.7,icp_d1_i30,5209.1,0.9817,0.2405,0.322,0.194,0.322
1903,1566536124844530056,504.00,240.00,197,175430,12208,515.87,235.72,-147.75,0.9839,1,0.2164,0.2147,0.9830,10000,1557,10,1.006,361.2,352.7,icp_d2_i30,5226.7,0.9835,0.2402,0.215,0.080,0.215
1903,1566536124844530056,504.00,240.00,197,175430,12208,515.87,235.72,-147.75,0.9839,1,0.2164,0.2147,0.9830,10000,1557,10,1.006,361.2,352.7,icp_d4_i30,5056.2,0.9835,0.2401,0.185,0.056,0.089
1903,1566536124844530056,504.00,240.00,197,175430,12208,515.87,235.72,-147.75,0.9839,1,0.2164,0.2147,0.9830,10000,1557,10,1.006,361.2,352.7,gicp_d1_i30,4803.4,0.9830,0.2405,0.222,0.213,0.222
1903,1566536124844530056,504.00,240.00,197,175430,12208,515.87,235.72,-147.75,0.9839,1,0.2164,0.2147,0.9830,10000,1557,10,1.006,361.2,352.7,gicp_d2_i30,4649.3,0.9830,0.2405,0.218,0.211,0.218
1903,1566536124844530056,504.00,240.00,197,175430,12208,515.87,235.72,-147.75,0.9839,1,0.2164,0.2147,0.9830,10000,1557,10,1.006,361.2,352.7,gicp_d4_i30,3953.9,0.9830,0.2405,0.214,0.216,0.214
1903,1566536124844530056,504.00,240.00,197,175430,12208,515.87,235.72,-147.75,0.9839,1,0.2164,0.2147,0.9830,10000,1557,10,1.006,361.2,352.7,ndt_r1_i30,2196.8,0.9821,0.2437,0.258,0.401,0.244
1903,1566536124844530056,504.00,240.00,197,175430,12208,515.87,235.72,-147.75,0.9839,1,0.2164,0.2147,0.9830,10000,1557,10,1.006,361.2,352.7,ndt_r2_i30,2196.7,0.9819,0.2416,0.214,0.398,0.203
1903,1566536124844530056,504.00,240.00,197,175430,12208,515.87,235.72,-147.75,0.9839,1,0.2164,0.2147,0.9830,10000,1557,10,1.006,361.2,352.7,ndt_r3_i30,2015.9,0.9822,0.2415,0.224,0.382,0.224
1976,1566536132144940710,552.00,240.00,199,208296,9897,558.23,238.78,142.48,0.9864,1,0.3447,0.6933,0.9922,10000,5782,10,0.566,510.1,325.7,none,5.2,0.9860,0.2451,0.566,1.193,0.566
1976,1566536132144940710,552.00,240.00,199,208296,9897,558.23,238.78,142.48,0.9864,1,0.3447,0.6933,0.9922,10000,5782,10,0.566,510.1,325.7,icp_d1_i30,3682.9,0.9919,0.2541,0.267,0.419,0.172
1976,1566536132144940710,552.00,240.00,199,208296,9897,558.23,238.78,142.48,0.9864,1,0.3447,0.6933,0.9922,10000,5782,10,0.566,510.1,325.7,icp_d2_i30,3871.8,0.9918,0.2532,0.373,0.430,0.224
1976,1566536132144940710,552.00,240.00,199,208296,9897,558.23,238.78,142.48,0.9864,1,0.3447,0.6933,0.9922,10000,5782,10,0.566,510.1,325.7,icp_d4_i30,3858.5,0.9919,0.2538,0.311,0.453,0.217
1976,1566536132144940710,552.00,240.00,199,208296,9897,558.23,238.78,142.48,0.9864,1,0.3447,0.6933,0.9922,10000,5782,10,0.566,510.1,325.7,gicp_d1_i30,5286.7,0.9921,0.2540,0.327,0.637,0.327
1976,1566536132144940710,552.00,240.00,199,208296,9897,558.23,238.78,142.48,0.9864,1,0.3447,0.6933,0.9922,10000,5782,10,0.566,510.1,325.7,gicp_d2_i30,4879.0,0.9922,0.2540,0.347,0.702,0.343
1976,1566536132144940710,552.00,240.00,199,208296,9897,558.23,238.78,142.48,0.9864,1,0.3447,0.6933,0.9922,10000,5782,10,0.566,510.1,325.7,gicp_d4_i30,5310.5,0.9922,0.2539,0.348,0.735,0.344
1976,1566536132144940710,552.00,240.00,199,208296,9897,558.23,238.78,142.48,0.9864,1,0.3447,0.6933,0.9922,10000,5782,10,0.566,510.1,325.7,ndt_r1_i30,2175.3,0.9913,0.2530,0.313,0.605,0.242
1976,1566536132144940710,552.00,240.00,199,208296,9897,558.23,238.78,142.48,0.9864,1,0.3447,0.6933,0.9922,10000,5782,10,0.566,510.1,325.7,ndt_r2_i30,2233.7,0.9923,0.2540,0.256,0.641,0.256
1976,1566536132144940710,552.00,240.00,199,208296,9897,558.23,238.78,142.48,0.9864,1,0.3447,0.6933,0.9922,10000,5782,10,0.566,510.1,325.7,ndt_r3_i30,2188.6,0.9914,0.2534,0.308,0.529,0.276
2049,1566536139444535963,600.00,192.00,175,170683,10030,607.87,197.76,141.57,0.9739,1,0.6706,0.2484,0.9816,10000,5776,10,0.945,453.4,319.4,none,6.3,0.8495,0.2514,0.945,2.601,0.945
2049,1566536139444535963,600.00,192.00,175,170683,10030,607.87,197.76,141.57,0.9739,1,0.6706,0.2484,0.9816,10000,5776,10,0.945,453.4,319.4,icp_d1_i30,3961.3,0.9814,0.2435,0.607,0.067,0.607
2049,1566536139444535963,600.00,192.00,175,170683,10030,607.87,197.76,141.57,0.9739,1,0.6706,0.2484,0.9816,10000,5776,10,0.945,453.4,319.4,icp_d2_i30,3927.9,0.9814,0.2447,0.761,0.406,0.638
2049,1566536139444535963,600.00,192.00,175,170683,10030,607.87,197.76,141.57,0.9739,1,0.6706,0.2484,0.9816,10000,5776,10,0.945,453.4,319.4,icp_d4_i30,3902.3,0.9814,0.2446,0.748,0.386,0.637
2049,1566536139444535963,600.00,192.00,175,170683,10030,607.87,197.76,141.57,0.9739,1,0.6706,0.2484,0.9816,10000,5776,10,0.945,453.4,319.4,gicp_d1_i30,4701.2,0.9816,0.2443,0.677,0.255,0.676
2049,1566536139444535963,600.00,192.00,175,170683,10030,607.87,197.76,141.57,0.9739,1,0.6706,0.2484,0.9816,10000,5776,10,0.945,453.4,319.4,gicp_d2_i30,4895.0,0.9816,0.2443,0.671,0.247,0.671
2049,1566536139444535963,600.00,192.00,175,170683,10030,607.87,197.76,141.57,0.9739,1,0.6706,0.2484,0.9816,10000,5776,10,0.945,453.4,319.4,gicp_d4_i30,4771.8,0.9816,0.2443,0.672,0.246,0.671
2049,1566536139444535963,600.00,192.00,175,170683,10030,607.87,197.76,141.57,0.9739,1,0.6706,0.2484,0.9816,10000,5776,10,0.945,453.4,319.4,ndt_r1_i30,1942.1,0.9815,0.2450,0.746,0.256,0.659
2049,1566536139444535963,600.00,192.00,175,170683,10030,607.87,197.76,141.57,0.9739,1,0.6706,0.2484,0.9816,10000,5776,10,0.945,453.4,319.4,ndt_r2_i30,2213.2,0.9817,0.2447,0.764,0.311,0.371
2049,1566536139444535963,600.00,192.00,175,170683,10030,607.87,197.76,141.57,0.9739,1,0.6706,0.2484,0.9816,10000,5776,10,0.945,453.4,319.4,ndt_r3_i30,2095.8,0.9823,0.2450,0.701,0.373,0.636
2122,1566536146743747960,648.00,144.00,175,136789,6344,654.50,145.21,122.80,0.9357,1,1.1382,0.3105,0.9830,10000,2871,10,1.197,201.0,184.7,none,3.9,0.9174,0.2559,1.197,0.825,1.197
2122,1566536146743747960,648.00,144.00,175,136789,6344,654.50,145.21,122.80,0.9357,1,1.1382,0.3105,0.9830,10000,2871,10,1.197,201.0,184.7,icp_d1_i30,2502.4,0.9836,0.2524,1.068,0.345,1.068
2122,1566536146743747960,648.00,144.00,175,136789,6344,654.50,145.21,122.80,0.9357,1,1.1382,0.3105,0.9830,10000,2871,10,1.197,201.0,184.7,icp_d2_i30,2430.3,0.9833,0.2518,1.097,0.379,1.072
2122,1566536146743747960,648.00,144.00,175,136789,6344,654.50,145.21,122.80,0.9357,1,1.1382,0.3105,0.9830,10000,2871,10,1.197,201.0,184.7,icp_d4_i30,2409.2,0.9834,0.2518,1.033,0.219,0.647
2122,1566536146743747960,648.00,144.00,175,136789,6344,654.50,145.21,122.80,0.9357,1,1.1382,0.3105,0.9830,10000,2871,10,1.197,201.0,184.7,gicp_d1_i30,4002.0,0.9831,0.2501,1.136,0.313,1.135
2122,1566536146743747960,648.00,144.00,175,136789,6344,654.50,145.21,122.80,0.9357,1,1.1382,0.3105,0.9830,10000,2871,10,1.197,201.0,184.7,gicp_d2_i30,4884.9,0.9830,0.2506,1.142,0.309,1.139
2122,1566536146743747960,648.00,144.00,175,136789,6344,654.50,145.21,122.80,0.9357,1,1.1382,0.3105,0.9830,10000,2871,10,1.197,201.0,184.7,gicp_d4_i30,3615.1,0.9828,0.2506,1.135,0.302,1.135
2122,1566536146743747960,648.00,144.00,175,136789,6344,654.50,145.21,122.80,0.9357,1,1.1382,0.3105,0.9830,10000,2871,10,1.197,201.0,184.7,ndt_r1_i30,1922.9,0.9834,0.2541,1.061,0.326,0.989
2122,1566536146743747960,648.00,144.00,175,136789,6344,654.50,145.21,122.80,0.9357,1,1.1382,0.3105,0.9830,10000,2871,10,1.197,201.0,184.7,ndt_r2_i30,1962.2,0.9836,0.2535,1.107,0.331,0.514
2122,1566536146743747960,648.00,144.00,175,136789,6344,654.50,145.21,122.80,0.9357,1,1.1382,0.3105,0.9830,10000,2871,10,1.197,201.0,184.7,ndt_r3_i30,2039.3,0.9834,0.2538,1.118,0.338,0.469
2195,1566536154043976865,672.00,96.00,182,111710,7324,672.10,86.64,83.20,0.8609,1,1.5352,0.1392,0.9925,10000,4664,10,0.389,173.3,220.4,none,5.0,0.9754,0.2347,2.002,0.825,0.389
2195,1566536154043976865,672.00,96.00,182,111710,7324,672.10,86.64,83.20,0.8609,1,1.5352,0.1392,0.9925,10000,4664,10,0.389,173.3,220.4,icp_d1_i30,2638.5,0.9926,0.2463,1.513,0.153,0.887
2195,1566536154043976865,672.00,96.00,182,111710,7324,672.10,86.64,83.20,0.8609,1,1.5352,0.1392,0.9925,10000,4664,10,0.389,173.3,220.4,icp_d2_i30,2695.6,0.9928,0.2459,1.524,0.121,0.755
2195,1566536154043976865,672.00,96.00,182,111710,7324,672.10,86.64,83.20,0.8609,1,1.5352,0.1392,0.9925,10000,4664,10,0.389,173.3,220.4,icp_d4_i30,2681.7,0.9928,0.2462,1.519,0.109,0.737
2195,1566536154043976865,672.00,96.00,182,111710,7324,672.10,86.64,83.20,0.8609,1,1.5352,0.1392,0.9925,10000,4664,10,0.389,173.3,220.4,gicp_d1_i30,2357.7,0.9925,0.2442,1.535,0.141,1.535
2195,1566536154043976865,672.00,96.00,182,111710,7324,672.10,86.64,83.20,0.8609,1,1.5352,0.1392,0.9925,10000,4664,10,0.389,173.3,220.4,gicp_d2_i30,2904.1,0.9925,0.2440,1.535,0.134,1.535
2195,1566536154043976865,672.00,96.00,182,111710,7324,672.10,86.64,83.20,0.8609,1,1.5352,0.1392,0.9925,10000,4664,10,0.389,173.3,220.4,gicp_d4_i30,3874.6,0.9925,0.2441,1.535,0.142,1.535
2195,1566536154043976865,672.00,96.00,182,111710,7324,672.10,86.64,83.20,0.8609,1,1.5352,0.1392,0.9925,10000,4664,10,0.389,173.3,220.4,ndt_r1_i30,2061.0,0.9930,0.2410,1.542,0.284,1.336
2195,1566536154043976865,672.00,96.00,182,111710,7324,672.10,86.64,83.20,0.8609,1,1.5352,0.1392,0.9925,10000,4664,10,0.389,173.3,220.4,ndt_r2_i30,2049.4,0.9926,0.2424,1.555,0.153,1.447
2195,1566536154043976865,672.00,96.00,182,111710,7324,672.10,86.64,83.20,0.8609,1,1.5352,0.1392,0.9925,10000,4664,10,0.389,173.3,220.4,ndt_r3_i30,1947.7,0.9928,0.2427,1.554,0.134,1.407
2268,1566536161345107335,648.00,48.00,206,136505,10543,647.59,39.78,46.38,0.8978,1,1.4828,0.5546,0.9685,10000,4081,10,1.016,331.9,304.4,none,5.6,0.7857,0.2538,12.404,2.075,1.016
2268,1566536161345107335,648.00,48.00,206,136505,10543,647.59,39.78,46.38,0.8978,1,1.4828,0.5546,0.9685,10000,4081,10,1.016,331.9,304.4,icp_d1_i30,4334.1,0.8048,0.2534,12.413,2.858,1.110
2268,1566536161345107335,648.00,48.00,206,136505,10543,647.59,39.78,46.38,0.8978,1,1.4828,0.5546,0.9685,10000,4081,10,1.016,331.9,304.4,icp_d2_i30,4168.6,0.8165,0.2497,12.378,3.531,1.289
2268,1566536161345107335,648.00,48.00,206,136505,10543,647.59,39.78,46.38,0.8978,1,1.4828,0.5546,0.9685,10000,4081,10,1.016,331.9,304.4,icp_d4_i30,4215.7,0.8215,0.2502,11.830,6.090,0.516
2268,1566536161345107335,648.00,48.00,206,136505,10543,647.59,39.78,46.38,0.8978,1,1.4828,0.5546,0.9685,10000,4081,10,1.016,331.9,304.4,gicp_d1_i30,5165.8,0.8246,0.2565,11.790,6.454,2.007
2268,1566536161345107335,648.00,48.00,206,136505,10543,647.59,39.78,46.38,0.8978,1,1.4828,0.5546,0.9685,10000,4081,10,1.016,331.9,304.4,gicp_d2_i30,5313.9,0.9166,0.2478,0.901,2.802,0.901
2268,1566536161345107335,648.00,48.00,206,136505,10543,647.59,39.78,46.38,0.8978,1,1.4828,0.5546,0.9685,10000,4081,10,1.016,331.9,304.4,gicp_d4_i30,5196.1,0.9409,0.2483,1.040,1.350,1.040
2268,1566536161345107335,648.00,48.00,206,136505,10543,647.59,39.78,46.38,0.8978,1,1.4828,0.5546,0.9685,10000,4081,10,1.016,331.9,304.4,ndt_r1_i30,2124.4,0.8225,0.2715,12.553,5.402,1.551
2268,1566536161345107335,648.00,48.00,206,136505,10543,647.59,39.78,46.38,0.8978,1,1.4828,0.5546,0.9685,10000,4081,10,1.016,331.9,304.4,ndt_r2_i30,2080.7,0.8253,0.2574,13.209,4.236,2.479
2268,1566536161345107335,648.00,48.00,206,136505,10543,647.59,39.78,46.38,0.8978,1,1.4828,0.5546,0.9685,10000,4081,10,1.016,331.9,304.4,ndt_r3_i30,2138.6,0.8251,0.2559,12.563,4.315,2.243
2341,1566536168646088078,600.00,24.00,214,142679,8878,607.80,16.52,16.47,0.9543,1,1.0619,0.6534,0.9876,10000,3415,10,2.043,274.5,239.0,none,4.8,0.6897,0.2502,2.043,6.539,2.043
2341,1566536168646088078,600.00,24.00,214,142679,8878,607.80,16.52,16.47,0.9543,1,1.0619,0.6534,0.9876,10000,3415,10,2.043,274.5,239.0,icp_d1_i30,3735.4,0.8620,0.2648,1.701,4.856,1.311
2341,1566536168646088078,600.00,24.00,214,142679,8878,607.80,16.52,16.47,0.9543,1,1.0619,0.6534,0.9876,10000,3415,10,2.043,274.5,239.0,icp_d2_i30,3825.6,0.9868,0.2568,1.242,1.262,0.426
2341,1566536168646088078,600.00,24.00,214,142679,8878,607.80,16.52,16.47,0.9543,1,1.0619,0.6534,0.9876,10000,3415,10,2.043,274.5,239.0,icp_d4_i30,3792.1,0.9877,0.2554,1.148,0.914,0.581
2341,1566536168646088078,600.00,24.00,214,142679,8878,607.80,16.52,16.47,0.9543,1,1.0619,0.6534,0.9876,10000,3415,10,2.043,274.5,239.0,gicp_d1_i30,4716.0,0.9877,0.2560,1.069,0.658,1.061
2341,1566536168646088078,600.00,24.00,214,142679,8878,607.80,16.52,16.47,0.9543,1,1.0619,0.6534,0.9876,10000,3415,10,2.043,274.5,239.0,gicp_d2_i30,4932.0,0.9876,0.2552,1.004,0.540,1.004
2341,1566536168646088078,600.00,24.00,214,142679,8878,607.80,16.52,16.47,0.9543,1,1.0619,0.6534,0.9876,10000,3415,10,2.043,274.5,239.0,gicp_d4_i30,4647.1,0.9876,0.2557,1.062,0.652,1.062
2341,1566536168646088078,600.00,24.00,214,142679,8878,607.80,16.52,16.47,0.9543,1,1.0619,0.6534,0.9876,10000,3415,10,2.043,274.5,239.0,ndt_r1_i30,1805.6,0.9873,0.2587,1.146,0.683,0.978
2341,1566536168646088078,600.00,24.00,214,142679,8878,607.80,16.52,16.47,0.9543,1,1.0619,0.6534,0.9876,10000,3415,10,2.043,274.5,239.0,ndt_r2_i30,2088.9,0.9866,0.2577,0.922,0.327,0.922
2341,1566536168646088078,600.00,24.00,214,142679,8878,607.80,16.52,16.47,0.9543,1,1.0619,0.6534,0.9876,10000,3415,10,2.043,274.5,239.0,ndt_r3_i30,2156.2,0.9473,0.2551,0.231,1.629,0.231
2414,1566536175949591826,552.00,24.00,354,179151,7234,559.23,24.33,-25.42,0.9513,1,0.6550,0.2372,0.9540,10000,3409,10,1.188,257.1,226.4,none,3.7,0.7141,0.2493,5.256,10.850,1.188
2414,1566536175949591826,552.00,24.00,354,179151,7234,559.23,24.33,-25.42,0.9513,1,0.6550,0.2372,0.9540,10000,3409,10,1.188,257.1,226.4,icp_d1_i30,2866.3,0.9251,0.2407,1.244,2.942,1.037
2414,1566536175949591826,552.00,24.00,354,179151,7234,559.23,24.33,-25.42,0.9513,1,0.6550,0.2372,0.9540,10000,3409,10,1.188,257.1,226.4,icp_d2_i30,3034.6,0.9482,0.2352,1.102,1.416,0.710
2414,1566536175949591826,552.00,24.00,354,179151,7234,559.23,24.33,-25.42,0.9513,1,0.6550,0.2372,0.9540,10000,3409,10,1.188,257.1,226.4,icp_d4_i30,3066.8,0.9506,0.2349,1.121,1.207,0.648
2414,1566536175949591826,552.00,24.00,354,179151,7234,559.23,24.33,-25.42,0.9513,1,0.6550,0.2372,0.9540,10000,3409,10,1.188,257.1,226.4,gicp_d1_i30,5186.5,0.9540,0.2376,0.653,0.240,0.643
2414,1566536175949591826,552.00,24.00,354,179151,7234,559.23,24.33,-25.42,0.9513,1,0.6550,0.2372,0.9540,10000,3409,10,1.188,257.1,226.4,gicp_d2_i30,4997.0,0.9540,0.2376,0.654,0.225,0.653
2414,1566536175949591826,552.00,24.00,354,179151,7234,559.23,24.33,-25.42,0.9513,1,0.6550,0.2372,0.9540,10000,3409,10,1.188,257.1,226.4,gicp_d4_i30,4956.0,0.9536,0.2380,0.661,0.326,0.631
2414,1566536175949591826,552.00,24.00,354,179151,7234,559.23,24.33,-25.42,0.9513,1,0.6550,0.2372,0.9540,10000,3409,10,1.188,257.1,226.4,ndt_r1_i30,1935.5,0.9549,0.2424,0.864,0.388,0.864
2414,1566536175949591826,552.00,24.00,354,179151,7234,559.23,24.33,-25.42,0.9513,1,0.6550,0.2372,0.9540,10000,3409,10,1.188,257.1,226.4,ndt_r2_i30,1943.3,0.9548,0.2388,0.843,0.233,0.801
2414,1566536175949591826,552.00,24.00,354,179151,7234,559.23,24.33,-25.42,0.9513,1,0.6550,0.2372,0.9540,10000,3409,10,1.188,257.1,226.4,ndt_r3_i30,2018.6,0.9551,0.2387,0.888,0.485,0.826
2487,1566536183242459408,528.00,72.00,366,125887,8611,528.65,62.41,-46.46,0.9224,1,0.4850,0.7736,0.9206,10000,2204,10,2.040,224.8,228.4,none,4.3,0.7319,0.2539,23.699,7.106,2.040
2487,1566536183242459408,528.00,72.00,366,125887,8611,528.65,62.41,-46.46,0.9224,1,0.4850,0.7736,0.9206,10000,2204,10,2.040,224.8,228.4,icp_d1_i30,3762.9,0.9218,0.2677,0.771,0.834,0.771
2487,1566536183242459408,528.00,72.00,366,125887,8611,528.65,62.41,-46.46,0.9224,1,0.4850,0.7736,0.9206,10000,2204,10,2.040,224.8,228.4,icp_d2_i30,3694.9,0.9236,0.2657,0.621,0.574,0.509
2487,1566536183242459408,528.00,72.00,366,125887,8611,528.65,62.41,-46.46,0.9224,1,0.4850,0.7736,0.9206,10000,2204,10,2.040,224.8,228.4,icp_d4_i30,3687.8,0.9231,0.2615,0.726,0.791,0.458
2487,1566536183242459408,528.00,72.00,366,125887,8611,528.65,62.41,-46.46,0.9224,1,0.4850,0.7736,0.9206,10000,2204,10,2.040,224.8,228.4,gicp_d1_i30,5335.4,0.9186,0.2720,0.445,0.618,0.445
2487,1566536183242459408,528.00,72.00,366,125887,8611,528.65,62.41,-46.46,0.9224,1,0.4850,0.7736,0.9206,10000,2204,10,2.040,224.8,228.4,gicp_d2_i30,5286.1,0.9199,0.2716,0.450,0.644,0.450
2487,1566536183242459408,528.00,72.00,366,125887,8611,528.65,62.41,-46.46,0.9224,1,0.4850,0.7736,0.9206,10000,2204,10,2.040,224.8,228.4,gicp_d4_i30,4871.9,0.9207,0.2709,0.484,0.778,0.482
2487,1566536183242459408,528.00,72.00,366,125887,8611,528.65,62.41,-46.46,0.9224,1,0.4850,0.7736,0.9206,10000,2204,10,2.040,224.8,228.4,ndt_r1_i30,2093.1,0.9163,0.2710,0.551,0.597,0.463
2487,1566536183242459408,528.00,72.00,366,125887,8611,528.65,62.41,-46.46,0.9224,1,0.4850,0.7736,0.9206,10000,2204,10,2.040,224.8,228.4,ndt_r2_i30,2082.9,0.9173,0.2717,0.515,0.529,0.515
2487,1566536183242459408,528.00,72.00,366,125887,8611,528.65,62.41,-46.46,0.9224,1,0.4850,0.7736,0.9206,10000,2204,10,2.040,224.8,228.4,ndt_r3_i30,2152.9,0.9178,0.2722,0.517,0.542,0.512
2560,1566536190548038879,480.00,48.00,469,181431,7663,489.06,50.56,33.35,0.8833,1,1.1086,1.7023,0.8873,10000,700,10,2.792,222.4,216.3,none,4.8,0.6571,0.2501,2.792,5.410,2.792
2560,1566536190548038879,480.00,48.00,469,181431,7663,489.06,50.56,33.35,0.8833,1,1.1086,1.7023,0.8873,10000,700,10,2.792,222.4,216.3,icp_d1_i30,4104.8,0.8655,0.2526,1.115,2.553,1.115
2560,1566536190548038879,480.00,48.00,469,181431,7663,489.06,50.56,33.35,0.8833,1,1.1086,1.7023,0.8873,10000,700,10,2.792,222.4,216.3,icp_d2_i30,4007.8,0.8887,0.2512,0.781,1.477,0.781
2560,1566536190548038879,480.00,48.00,469,181431,7663,489.06,50.56,33.35,0.8833,1,1.1086,1.7023,0.8873,10000,700,10,2.792,222.4,216.3,icp_d4_i30,3910.5,0.8893,0.2507,1.034,1.415,1.034
2560,1566536190548038879,480.00,48.00,469,181431,7663,489.06,50.56,33.35,0.8833,1,1.1086,1.7023,0.8873,10000,700,10,2.792,222.4,216.3,gicp_d1_i30,5552.2,0.8876,0.2573,0.977,1.636,0.977
2560,1566536190548038879,480.00,48.00,469,181431,7663,489.06,50.56,33.35,0.8833,1,1.1086,1.7023,0.8873,10000,700,10,2.792,222.4,216.3,gicp_d2_i30,5062.6,0.8865,0.2572,0.983,1.806,0.983
2560,1566536190548038879,480.00,48.00,469,181431,7663,489.06,50.56,33.35,0.8833,1,1.1086,1.7023,0.8873,10000,700,10,2.792,222.4,216.3,gicp_d4_i30,5232.9,0.8846,0.2570,1.168,1.708,1.168
2560,1566536190548038879,480.00,48.00,469,181431,7663,489.06,50.56,33.35,0.8833,1,1.1086,1.7023,0.8873,10000,700,10,2.792,222.4,216.3,ndt_r1_i30,1640.0,0.8798,0.2610,0.407,0.962,0.407
2560,1566536190548038879,480.00,48.00,469,181431,7663,489.06,50.56,33.35,0.8833,1,1.1086,1.7023,0.8873,10000,700,10,2.792,222.4,216.3,ndt_r2_i30,1854.0,0.8826,0.2578,0.382,0.771,0.382
2560,1566536190548038879,480.00,48.00,469,181431,7663,489.06,50.56,33.35,0.8833,1,1.1086,1.7023,0.8873,10000,700,10,2.792,222.4,216.3,ndt_r3_i30,1837.4,0.8826,0.2569,0.317,0.800,0.317
2633,1566536197848554647,480.00,24.00,511,211274,8781,471.35,26.54,96.09,0.9912,1,0.2228,0.4402,0.9918,10000,1718,10,2.271,387.0,250.4,none,7.1,0.7514,0.2475,2.271,4.947,2.271
2633,1566536197848554647,480.00,24.00,511,211274,8781,471.35,26.54,96.09,0.9912,1,0.2228,0.4402,0.9918,10000,1718,10,2.271,387.0,250.4,icp_d1_i30,4139.4,0.9773,0.2422,0.595,1.293,0.595
2633,1566536197848554647,480.00,24.00,511,211274,8781,471.35,26.54,96.09,0.9912,1,0.2228,0.4402,0.9918,10000,1718,10,2.271,387.0,250.4,icp_d2_i30,4279.0,0.9913,0.2458,0.082,0.506,0.082
2633,1566536197848554647,480.00,24.00,511,211274,8781,471.35,26.54,96.09,0.9912,1,0.2228,0.4402,0.9918,10000,1718,10,2.271,387.0,250.4,icp_d4_i30,4251.9,0.9915,0.2454,0.069,0.535,0.069
2633,1566536197848554647,480.00,24.00,511,211274,8781,471.35,26.54,96.09,0.9912,1,0.2228,0.4402,0.9918,10000,1718,10,2.271,387.0,250.4,gicp_d1_i30,5431.8,0.9919,0.2436,0.285,0.197,0.285
2633,1566536197848554647,480.00,24.00,511,211274,8781,471.35,26.54,96.09,0.9912,1,0.2228,0.4402,0.9918,10000,1718,10,2.271,387.0,250.4,gicp_d2_i30,5170.6,0.9919,0.2447,0.240,0.375,0.240
2633,1566536197848554647,480.00,24.00,511,211274,8781,471.35,26.54,96.09,0.9912,1,0.2228,0.4402,0.9918,10000,1718,10,2.271,387.0,250.4,gicp_d4_i30,5235.8,0.9919,0.2473,0.738,0.422,0.216
2633,1566536197848554647,480.00,24.00,511,211274,8781,471.35,26.54,96.09,0.9912,1,0.2228,0.4402,0.9918,10000,1718,10,2.271,387.0,250.4,ndt_r1_i30,2026.9,0.9913,0.2465,0.360,0.182,0.360
2633,1566536197848554647,480.00,24.00,511,211274,8781,471.35,26.54,96.09,0.9912,1,0.2228,0.4402,0.9918,10000,1718,10,2.271,387.0,250.4,ndt_r2_i30,1946.5,0.9919,0.2473,0.355,0.271,0.355
2633,1566536197848554647,480.00,24.00,511,211274,8781,471.35,26.54,96.09,0.9912,1,0.2228,0.4402,0.9918,10000,1718,10,2.271,387.0,250.4,ndt_r3_i30,2014.7,0.9920,0.2471,0.330,0.355,0.330
2706,1566536205143838698,480.00,-24.00,467,186229,9353,484.82,-19.91,91.09,0.9238,1,0.8358,1.1161,0.9813,10000,2352,10,1.100,313.2,272.9,none,4.6,0.9021,0.2517,1.100,4.718,1.100
2706,1566536205143838698,480.00,-24.00,467,186229,9353,484.82,-19.91,91.09,0.9238,1,0.8358,1.1161,0.9813,10000,2352,10,1.100,313.2,272.9,icp_d1_i30,3783.2,0.9810,0.2421,0.825,1.210,0.825
2706,1566536205143838698,480.00,-24.00,467,186229,9353,484.82,-19.91,91.09,0.9238,1,0.8358,1.1161,0.9813,10000,2352,10,1.100,313.2,272.9,icp_d2_i30,3752.9,0.9810,0.2418,0.829,1.226,0.532
2706,1566536205143838698,480.00,-24.00,467,186229,9353,484.82,-19.91,91.09,0.9238,1,0.8358,1.1161,0.9813,10000,2352,10,1.100,313.2,272.9,icp_d4_i30,3677.6,0.9810,0.2445,0.665,1.884,0.665
2706,1566536205143838698,480.00,-24.00,467,186229,9353,484.82,-19.91,91.09,0.9238,1,0.8358,1.1161,0.9813,10000,2352,10,1.100,313.2,272.9,gicp_d1_i30,3723.5,0.9813,0.2424,0.841,1.069,0.841
2706,1566536205143838698,480.00,-24.00,467,186229,9353,484.82,-19.91,91.09,0.9238,1,0.8358,1.1161,0.9813,10000,2352,10,1.100,313.2,272.9,gicp_d2_i30,3857.0,0.9813,0.2422,0.838,1.085,0.838
2706,1566536205143838698,480.00,-24.00,467,186229,9353,484.82,-19.91,91.09,0.9238,1,0.8358,1.1161,0.9813,10000,2352,10,1.100,313.2,272.9,gicp_d4_i30,4149.0,0.9810,0.2427,0.831,1.173,0.830
2706,1566536205143838698,480.00,-24.00,467,186229,9353,484.82,-19.91,91.09,0.9238,1,0.8358,1.1161,0.9813,10000,2352,10,1.100,313.2,272.9,ndt_r1_i30,1812.9,0.9809,0.2442,0.745,1.674,0.745
2706,1566536205143838698,480.00,-24.00,467,186229,9353,484.82,-19.91,91.09,0.9238,1,0.8358,1.1161,0.9813,10000,2352,10,1.100,313.2,272.9,ndt_r2_i30,2030.6,0.9815,0.2447,0.744,1.444,0.744
2706,1566536205143838698,480.00,-24.00,467,186229,9353,484.82,-19.91,91.09,0.9238,1,0.8358,1.1161,0.9813,10000,2352,10,1.100,313.2,272.9,ndt_r3_i30,1954.7,0.9815,0.2440,0.779,1.398,0.779
2779,1566536212448129702,456.00,-72.00,353,177485,12880,460.38,-83.30,47.47,0.9522,1,0.6400,1.7981,0.9911,10000,2830,10,1.092,484.7,395.0,none,8.6,0.7953,0.2512,1.528,5.336,1.092
2779,1566536212448129702,456.00,-72.00,353,177485,12880,460.38,-83.30,47.47,0.9522,1,0.6400,1.7981,0.9911,10000,2830,10,1.092,484.7,395.0,icp_d1_i30,5361.8,0.9911,0.2454,0.558,1.726,0.558
2779,1566536212448129702,456.00,-72.00,353,177485,12880,460.38,-83.30,47.47,0.9522,1,0.6400,1.7981,0.9911,10000,2830,10,1.092,484.7,395.0,icp_d2_i30,5281.6,0.9911,0.2442,0.589,1.748,0.589
2779,1566536212448129702,456.00,-72.00,353,177485,12880,460.38,-83.30,47.47,0.9522,1,0.6400,1.7981,0.9911,10000,2830,10,1.092,484.7,395.0,icp_d4_i30,5189.3,0.9911,0.2441,0.593,1.803,0.589
2779,1566536212448129702,456.00,-72.00,353,177485,12880,460.38,-83.30,47.47,0.9522,1,0.6400,1.7981,0.9911,10000,2830,10,1.092,484.7,395.0,gicp_d1_i30,4440.4,0.9911,0.2440,0.632,1.803,0.632
2779,1566536212448129702,456.00,-72.00,353,177485,12880,460.38,-83.30,47.47,0.9522,1,0.6400,1.7981,0.9911,10000,2830,10,1.092,484.7,395.0,gicp_d2_i30,4306.0,0.9911,0.2437,0.640,1.799,0.639
2779,1566536212448129702,456.00,-72.00,353,177485,12880,460.38,-83.30,47.47,0.9522,1,0.6400,1.7981,0.9911,10000,2830,10,1.092,484.7,395.0,gicp_d4_i30,4544.6,0.9911,0.2437,0.639,1.799,0.639
2779,1566536212448129702,456.00,-72.00,353,177485,12880,460.38,-83.30,47.47,0.9522,1,0.6400,1.7981,0.9911,10000,2830,10,1.092,484.7,395.0,ndt_r1_i30,1968.7,0.9911,0.2447,0.645,1.659,0.615
2779,1566536212448129702,456.00,-72.00,353,177485,12880,460.38,-83.30,47.47,0.9522,1,0.6400,1.7981,0.9911,10000,2830,10,1.092,484.7,395.0,ndt_r2_i30,2215.8,0.9912,0.2436,0.671,1.769,0.659
2779,1566536212448129702,456.00,-72.00,353,177485,12880,460.38,-83.30,47.47,0.9522,1,0.6400,1.7981,0.9911,10000,2830,10,1.092,484.7,395.0,ndt_r3_i30,2158.5,0.9914,0.2430,0.965,1.689,0.654
2852,1566536219746786431,384.00,-120.00,345,200326,10245,394.87,-129.50,32.34,0.9408,1,1.2281,0.3306,0.9916,10000,2911,10,1.148,573.9,326.7,none,7.2,0.8521,0.2464,2.009,3.516,1.148
2852,1566536219746786431,384.00,-120.00,345,200326,10245,394.87,-129.50,32.34,0.9408,1,1.2281,0.3306,0.9916,10000,2911,10,1.148,573.9,326.7,icp_d1_i30,4091.6,0.9918,0.2550,1.245,0.379,0.952
2852,1566536219746786431,384.00,-120.00,345,200326,10245,394.87,-129.50,32.34,0.9408,1,1.2281,0.3306,0.9916,10000,2911,10,1.148,573.9,326.7,icp_d2_i30,4001.2,0.9918,0.2544,1.213,0.311,1.213
2852,1566536219746786431,384.00,-120.00,345,200326,10245,394.87,-129.50,32.34,0.9408,1,1.2281,0.3306,0.9916,10000,2911,10,1.148,573.9,326.7,icp_d4_i30,3995.0,0.9917,0.2542,1.215,0.336,1.136
2852,1566536219746786431,384.00,-120.00,345,200326,10245,394.87,-129.50,32.34,0.9408,1,1.2281,0.3306,0.9916,10000,2911,10,1.148,573.9,326.7,gicp_d1_i30,4850.2,0.9914,0.2563,1.233,0.334,1.233
2852,1566536219746786431,384.00,-120.00,345,200326,10245,394.87,-129.50,32.34,0.9408,1,1.2281,0.3306,0.9916,10000,2911,10,1.148,573.9,326.7,gicp_d2_i30,4755.8,0.9917,0.2559,1.228,0.333,1.228
2852,1566536219746786431,384.00,-120.00,345,200326,10245,394.87,-129.50,32.34,0.9408,1,1.2281,0.3306,0.9916,10000,2911,10,1.148,573.9,326.7,gicp_d4_i30,4788.9,0.9916,0.2558,1.228,0.328,1.227
2852,1566536219746786431,384.00,-120.00,345,200326,10245,394.87,-129.50,32.34,0.9408,1,1.2281,0.3306,0.9916,10000,2911,10,1.148,573.9,326.7,ndt_r1_i30,2227.2,0.9916,0.2555,1.177,0.375,1.177
2852,1566536219746786431,384.00,-120.00,345,200326,10245,394.87,-129.50,32.34,0.9408,1,1.2281,0.3306,0.9916,10000,2911,10,1.148,573.9,326.7,ndt_r2_i30,2062.0,0.9919,0.2552,1.214,0.371,1.199
2852,1566536219746786431,384.00,-120.00,345,200326,10245,394.87,-129.50,32.34,0.9408,1,1.2281,0.3306,0.9916,10000,2911,10,1.148,573.9,326.7,ndt_r3_i30,2123.7,0.9918,0.2537,1.172,0.391,1.145
2925,1566536227041739012,336.00,-168.00,417,253797,12112,335.96,-166.65,32.19,0.9415,1,1.1637,0.5724,0.9764,10000,2296,10,1.819,646.0,402.1,none,7.3,0.7550,0.2508,1.931,6.673,1.819
2925,1566536227041739012,336.00,-168.00,417,253797,12112,335.96,-166.65,32.19,0.9415,1,1.1637,0.5724,0.9764,10000,2296,10,1.819,646.0,402.1,icp_d1_i30,5416.0,0.9764,0.2426,1.248,1.628,1.248
2925,1566536227041739012,336.00,-168.00,417,253797,12112,335.96,-166.65,32.19,0.9415,1,1.1637,0.5724,0.9764,10000,2296,10,1.819,646.0,402.1,icp_d2_i30,5279.6,0.9764,0.2434,1.260,1.318,1.260
2925,1566536227041739012,336.00,-168.00,417,253797,12112,335.96,-166.65,32.19,0.9415,1,1.1637,0.5724,0.9764,10000,2296,10,1.819,646.0,402.1,icp_d4_i30,5180.3,0.9764,0.2437,1.208,1.453,1.168
2925,1566536227041739012,336.00,-168.00,417,253797,12112,335.96,-166.65,32.19,0.9415,1,1.1637,0.5724,0.9764,10000,2296,10,1.819,646.0,402.1,gicp_d1_i30,4530.7,0.9769,0.2429,1.207,0.717,1.181
2925,1566536227041739012,336.00,-168.00,417,253797,12112,335.96,-166.65,32.19,0.9415,1,1.1637,0.5724,0.9764,10000,2296,10,1.819,646.0,402.1,gicp_d2_i30,4852.1,0.9768,0.2446,1.193,0.548,1.170
2925,1566536227041739012,336.00,-168.00,417,253797,12112,335.96,-166.65,32.19,0.9415,1,1.1637,0.5724,0.9764,10000,2296,10,1.819,646.0,402.1,gicp_d4_i30,5512.3,0.9765,0.2434,1.108,1.122,1.108
2925,1566536227041739012,336.00,-168.00,417,253797,12112,335.96,-166.65,32.19,0.9415,1,1.1637,0.5724,0.9764,10000,2296,10,1.819,646.0,402.1,ndt_r1_i30,2088.4,0.9769,0.2431,1.234,0.616,1.107
2925,1566536227041739012,336.00,-168.00,417,253797,12112,335.96,-166.65,32.19,0.9415,1,1.1637,0.5724,0.9764,10000,2296,10,1.819,646.0,402.1,ndt_r2_i30,2056.3,0.9770,0.2436,1.234,0.642,1.224
2925,1566536227041739012,336.00,-168.00,417,253797,12112,335.96,-166.65,32.19,0.9415,1,1.1637,0.5724,0.9764,10000,2296,10,1.819,646.0,402.1,ndt_r3_i30,2251.1,0.9770,0.2428,1.206,0.575,1.206
2998,1566536234344917813,288.00,-192.00,379,278215,12920,296.56,-191.81,32.59,0.9367,1,1.1663,0.4717,0.9926,10000,2772,10,2.765,759.6,435.9,none,7.4,0.6409,0.2517,37.260,2.703,2.765
2998,1566536234344917813,288.00,-192.00,379,278215,12920,296.56,-191.81,32.59,0.9367,1,1.1663,0.4717,0.9926,10000,2772,10,2.765,759.6,435.9,icp_d1_i30,5537.6,0.8796,0.2506,2.667,3.815,2.667
2998,1566536234344917813,288.00,-192.00,379,278215,12920,296.56,-191.81,32.59,0.9367,1,1.1663,0.4717,0.9926,10000,2772,10,2.765,759.6,435.9,icp_d2_i30,5381.6,0.9895,0.2447,2.010,1.000,1.989
2998,1566536234344917813,288.00,-192.00,379,278215,12920,296.56,-191.81,32.59,0.9367,1,1.1663,0.4717,0.9926,10000,2772,10,2.765,759.6,435.9,icp_d4_i30,5423.1,0.9905,0.2435,1.935,0.905,1.932
2998,1566536234344917813,288.00,-192.00,379,278215,12920,296.56,-191.81,32.59,0.9367,1,1.1663,0.4717,0.9926,10000,2772,10,2.765,759.6,435.9,gicp_d1_i30,5214.3,0.9926,0.2432,1.164,0.469,1.164
2998,1566536234344917813,288.00,-192.00,379,278215,12920,296.56,-191.81,32.59,0.9367,1,1.1663,0.4717,0.9926,10000,2772,10,2.765,759.6,435.9,gicp_d2_i30,5330.6,0.9926,0.2431,1.167,0.472,1.166
2998,1566536234344917813,288.00,-192.00,379,278215,12920,296.56,-191.81,32.59,0.9367,1,1.1663,0.4717,0.9926,10000,2772,10,2.765,759.6,435.9,gicp_d4_i30,5438.3,0.9926,0.2431,1.167,0.472,1.166
2998,1566536234344917813,288.00,-192.00,379,278215,12920,296.56,-191.81,32.59,0.9367,1,1.1663,0.4717,0.9926,10000,2772,10,2.765,759.6,435.9,ndt_r1_i30,2175.9,0.9926,0.2452,1.403,0.733,1.403
2998,1566536234344917813,288.00,-192.00,379,278215,12920,296.56,-191.81,32.59,0.9367,1,1.1663,0.4717,0.9926,10000,2772,10,2.765,759.6,435.9,ndt_r2_i30,2273.0,0.9933,0.2424,1.342,0.502,1.342
2998,1566536234344917813,288.00,-192.00,379,278215,12920,296.56,-191.81,32.59,0.9367,1,1.1663,0.4717,0.9926,10000,2772,10,2.765,759.6,435.9,ndt_r3_i30,2295.9,0.9936,0.2416,1.421,0.447,1.421
3071,1566536241644941396,264.00,-216.00,274,233953,11925,255.67,-217.08,30.81,0.9794,1,0.8703,0.5140,0.9928,10000,3849,10,0.965,649.8,401.1,none,6.6,0.8309,0.2527,0.988,4.276,0.965
3071,1566536241644941396,264.00,-216.00,274,233953,11925,255.67,-217.08,30.81,0.9794,1,0.8703,0.5140,0.9928,10000,3849,10,0.965,649.8,401.1,icp_d1_i30,4653.4,0.9927,0.2405,0.909,1.083,0.441
3071,1566536241644941396,264.00,-216.00,274,233953,11925,255.67,-217.08,30.81,0.9794,1,0.8703,0.5140,0.9928,10000,3849,10,0.965,649.8,401.1,icp_d2_i30,4564.5,0.9929,0.2427,0.903,0.566,0.800
3071,1566536241644941396,264.00,-216.00,274,233953,11925,255.67,-217.08,30.81,0.9794,1,0.8703,0.5140,0.9928,10000,3849,10,0.965,649.8,401.1,icp_d4_i30,4477.9,0.9930,0.2422,0.999,0.946,0.816
3071,1566536241644941396,264.00,-216.00,274,233953,11925,255.67,-217.08,30.81,0.9794,1,0.8703,0.5140,0.9928,10000,3849,10,0.965,649.8,401.1,gicp_d1_i30,4692.7,0.9928,0.2421,0.872,0.521,0.868
3071,1566536241644941396,264.00,-216.00,274,233953,11925,255.67,-217.08,30.81,0.9794,1,0.8703,0.5140,0.9928,10000,3849,10,0.965,649.8,401.1,gicp_d2_i30,4429.1,0.9928,0.2421,0.870,0.524,0.870
3071,1566536241644941396,264.00,-216.00,274,233953,11925,255.67,-217.08,30.81,0.9794,1,0.8703,0.5140,0.9928,10000,3849,10,0.965,649.8,401.1,gicp_d4_i30,4278.0,0.9928,0.2421,0.870,0.522,0.870
3071,1566536241644941396,264.00,-216.00,274,233953,11925,255.67,-217.08,30.81,0.9794,1,0.8703,0.5140,0.9928,10000,3849,10,0.965,649.8,401.1,ndt_r1_i30,2126.7,0.9925,0.2455,0.898,0.737,0.777
3071,1566536241644941396,264.00,-216.00,274,233953,11925,255.67,-217.08,30.81,0.9794,1,0.8703,0.5140,0.9928,10000,3849,10,0.965,649.8,401.1,ndt_r2_i30,2228.0,0.9928,0.2438,0.892,0.679,0.892
3071,1566536241644941396,264.00,-216.00,274,233953,11925,255.67,-217.08,30.81,0.9794,1,0.8703,0.5140,0.9928,10000,3849,10,0.965,649.8,401.1,ndt_r3_i30,2121.8,0.9929,0.2425,0.930,0.667,0.926
3144,1566536248944264443,192.00,-240.00,355,206082,12065,199.32,-229.54,2.98,0.9913,1,0.2563,0.3572,0.9909,10000,3694,10,1.617,598.5,382.1,none,6.5,0.7596,0.2493,2.266,4.117,1.617
3144,1566536248944264443,192.00,-240.00,355,206082,12065,199.32,-229.54,2.98,0.9913,1,0.2563,0.3572,0.9909,10000,3694,10,1.617,598.5,382.1,icp_d1_i30,5154.7,0.9910,0.2451,0.201,0.265,0.201
3144,1566536248944264443,192.00,-240.00,355,206082,12065,199.32,-229.54,2.98,0.9913,1,0.2563,0.3572,0.9909,10000,3694,10,1.617,598.5,382.1,icp_d2_i30,4811.9,0.9915,0.2447,0.113,0.282,0.113
3144,1566536248944264443,192.00,-240.00,355,206082,12065,199.32,-229.54,2.98,0.9913,1,0.2563,0.3572,0.9909,10000,3694,10,1.617,598.5,382.1,icp_d4_i30,4963.1,0.9916,0.2448,0.094,0.301,0.094
3144,1566536248944264443,192.00,-240.00,355,206082,12065,199.32,-229.54,2.98,0.9913,1,0.2563,0.3572,0.9909,10000,3694,10,1.617,598.5,382.1,gicp_d1_i30,5099.0,0.9909,0.2458,0.273,0.372,0.273
3144,1566536248944264443,192.00,-240.00,355,206082,12065,199.32,-229.54,2.98,0.9913,1,0.2563,0.3572,0.9909,10000,3694,10,1.617,598.5,382.1,gicp_d2_i30,5170.1,0.9911,0.2453,0.328,0.317,0.257
3144,1566536248944264443,192.00,-240.00,355,206082,12065,199.32,-229.54,2.98,0.9913,1,0.2563,0.3572,0.9909,10000,3694,10,1.617,598.5,382.1,gicp_d4_i30,4914.9,0.9909,0.2453,0.228,0.345,0.228
3144,1566536248944264443,192.00,-240.00,355,206082,12065,199.32,-229.54,2.98,0.9913,1,0.2563,0.3572,0.9909,10000,3694,10,1.617,598.5,382.1,ndt_r1_i30,2175.0,0.9902,0.2502,0.286,0.453,0.286
3144,1566536248944264443,192.00,-240.00,355,206082,12065,199.32,-229.54,2.98,0.9913,1,0.2563,0.3572,0.9909,10000,3694,10,1.617,598.5,382.1,ndt_r2_i30,2082.7,0.9910,0.2475,0.255,0.418,0.255
3144,1566536248944264443,192.00,-240.00,355,206082,12065,199.32,-229.54,2.98,0.9913,1,0.2563,0.3572,0.9909,10000,3694,10,1.617,598.5,382.1,ndt_r3_i30,2450.5,0.9908,0.2470,0.269,0.455,0.269
3217,1566536256241428148,144.00,-240.00,463,253964,11256,149.28,-241.95,26.01,0.9860,0,0.1415,0.3576,0.9866,10000,2575,10,1.089,585.1,382.4,none,7.7,0.6436,0.2461,3.260,6.210,1.089
3217,1566536256241428148,144.00,-240.00,463,253964,11256,149.28,-241.95,26.01,0.9860,0,0.1415,0.3576,0.9866,10000,2575,10,1.089,585.1,382.4,icp_d1_i30,5361.7,0.8730,0.2404,1.859,3.540,0.481
3217,1566536256241428148,144.00,-240.00,463,253964,11256,149.28,-241.95,26.01,0.9860,0,0.1415,0.3576,0.9866,10000,2575,10,1.089,585.1,382.4,icp_d2_i30,4915.2,0.9852,0.2410,0.522,1.615,0.503
3217,1566536256241428148,144.00,-240.00,463,253964,11256,149.28,-241.95,26.01,0.9860,0,0.1415,0.3576,0.9866,10000,2575,10,1.089,585.1,382.4,icp_d4_i30,5113.1,0.9859,0.2414,0.491,1.529,0.488
3217,1566536256241428148,144.00,-240.00,463,253964,11256,149.28,-241.95,26.01,0.9860,0,0.1415,0.3576,0.9866,10000,2575,10,1.089,585.1,382.4,gicp_d1_i30,5572.6,0.9870,0.2420,0.555,1.009,0.139
3217,1566536256241428148,144.00,-240.00,463,253964,11256,149.28,-241.95,26.01,0.9860,0,0.1415,0.3576,0.9866,10000,2575,10,1.089,585.1,382.4,gicp_d2_i30,5179.1,0.9868,0.2425,0.234,0.472,0.146
3217,1566536256241428148,144.00,-240.00,463,253964,11256,149.28,-241.95,26.01,0.9860,0,0.1415,0.3576,0.9866,10000,2575,10,1.089,585.1,382.4,gicp_d4_i30,5270.2,0.9870,0.2434,0.203,0.582,0.153
3217,1566536256241428148,144.00,-240.00,463,253964,11256,149.28,-241.95,26.01,0.9860,0,0.1415,0.3576,0.9866,10000,2575,10,1.089,585.1,382.4,ndt_r1_i30,1980.3,0.9863,0.2433,0.340,1.046,0.340
3217,1566536256241428148,144.00,-240.00,463,253964,11256,149.28,-241.95,26.01,0.9860,0,0.1415,0.3576,0.9866,10000,2575,10,1.089,585.1,382.4,ndt_r2_i30,2232.8,0.9864,0.2432,0.111,0.374,0.111
3217,1566536256241428148,144.00,-240.00,463,253964,11256,149.28,-241.95,26.01,0.9860,0,0.1415,0.3576,0.9866,10000,2575,10,1.089,585.1,382.4,ndt_r3_i30,2165.9,0.9866,0.2436,0.117,0.449,0.117
3290,1566536263544221053,120.00,-216.00,557,262133,10594,122.42,-226.46,-57.10,0.9851,1,0.1025,0.4583,0.9854,10000,2770,10,1.565,602.5,345.4,none,7.1,0.6883,0.2486,1.565,7.821,1.565
3290,1566536263544221053,120.00,-216.00,557,262133,10594,122.42,-226.46,-57.10,0.9851,1,0.1025,0.4583,0.9854,10000,2770,10,1.565,602.5,345.4,icp_d1_i30,3976.7,0.9791,0.2529,0.628,2.835,0.628
3290,1566536263544221053,120.00,-216.00,557,262133,10594,122.42,-226.46,-57.10,0.9851,1,0.1025,0.4583,0.9854,10000,2770,10,1.565,602.5,345.4,icp_d2_i30,4819.4,0.9813,0.2515,0.585,2.451,0.585
3290,1566536263544221053,120.00,-216.00,557,262133,10594,122.42,-226.46,-57.10,0.9851,1,0.1025,0.4583,0.9854,10000,2770,10,1.565,602.5,345.4,icp_d4_i30,4650.9,0.9817,0.2515,0.573,2.380,0.573
3290,1566536263544221053,120.00,-216.00,557,262133,10594,122.42,-226.46,-57.10,0.9851,1,0.1025,0.4583,0.9854,10000,2770,10,1.565,602.5,345.4,gicp_d1_i30,5600.2,0.9846,0.2512,0.367,1.665,0.367
3290,1566536263544221053,120.00,-216.00,557,262133,10594,122.42,-226.46,-57.10,0.9851,1,0.1025,0.4583,0.9854,10000,2770,10,1.565,602.5,345.4,gicp_d2_i30,5558.0,0.9845,0.2509,0.348,1.446,0.348
3290,1566536263544221053,120.00,-216.00,557,262133,10594,122.42,-226.46,-57.10,0.9851,1,0.1025,0.4583,0.9854,10000,2770,10,1.565,602.5,345.4,gicp_d4_i30,5161.9,0.9856,0.2517,1.120,0.647,0.345
3290,1566536263544221053,120.00,-216.00,557,262133,10594,122.42,-226.46,-57.10,0.9851,1,0.1025,0.4583,0.9854,10000,2770,10,1.565,602.5,345.4,ndt_r1_i30,2110.0,0.9855,0.2536,0.337,0.465,0.337
3290,1566536263544221053,120.00,-216.00,557,262133,10594,122.42,-226.46,-57.10,0.9851,1,0.1025,0.4583,0.9854,10000,2770,10,1.565,602.5,345.4,ndt_r2_i30,2215.9,0.9855,0.2529,0.311,0.506,0.311
3290,1566536263544221053,120.00,-216.00,557,262133,10594,122.42,-226.46,-57.10,0.9851,1,0.1025,0.4583,0.9854,10000,2770,10,1.565,602.5,345.4,ndt_r3_i30,2389.4,0.9855,0.2531,0.308,0.516,0.308
3363,1566536270847211078,96.00,-168.00,610,270040,11218,89.21,-173.98,-57.64,0.9817,1,0.0703,0.2663,0.9815,10000,2956,10,3.472,617.6,428.0,none,7.2,0.7295,0.2497,4.046,3.193,3.472
3363,1566536270847211078,96.00,-168.00,610,270040,11218,89.21,-173.98,-57.64,0.9817,1,0.0703,0.2663,0.9815,10000,2956,10,3.472,617.6,428.0,icp_d1_i30,3832.2,0.8626,0.2541,2.150,2.075,2.150
3363,1566536270847211078,96.00,-168.00,610,270040,11218,89.21,-173.98,-57.64,0.9817,1,0.0703,0.2663,0.9815,10000,2956,10,3.472,617.6,428.0,icp_d2_i30,4318.7,0.9806,0.2492,1.085,0.754,1.085
3363,1566536270847211078,96.00,-168.00,610,270040,11218,89.21,-173.98,-57.64,0.9817,1,0.0703,0.2663,0.9815,10000,2956,10,3.472,617.6,428.0,icp_d4_i30,3999.9,0.9809,0.2489,1.114,0.746,1.114
3363,1566536270847211078,96.00,-168.00,610,270040,11218,89.21,-173.98,-57.64,0.9817,1,0.0703,0.2663,0.9815,10000,2956,10,3.472,617.6,428.0,gicp_d1_i30,4897.4,0.9815,0.2524,0.949,0.471,0.949
3363,1566536270847211078,96.00,-168.00,610,270040,11218,89.21,-173.98,-57.64,0.9817,1,0.0703,0.2663,0.9815,10000,2956,10,3.472,617.6,428.0,gicp_d2_i30,5328.7,0.9817,0.2540,0.061,0.256,0.057
3363,1566536270847211078,96.00,-168.00,610,270040,11218,89.21,-173.98,-57.64,0.9817,1,0.0703,0.2663,0.9815,10000,2956,10,3.472,617.6,428.0,gicp_d4_i30,5428.6,0.9816,0.2533,0.069,0.276,0.060
3363,1566536270847211078,96.00,-168.00,610,270040,11218,89.21,-173.98,-57.64,0.9817,1,0.0703,0.2663,0.9815,10000,2956,10,3.472,617.6,428.0,ndt_r1_i30,1678.1,0.9657,0.2506,0.958,1.251,0.958
3363,1566536270847211078,96.00,-168.00,610,270040,11218,89.21,-173.98,-57.64,0.9817,1,0.0703,0.2663,0.9815,10000,2956,10,3.472,617.6,428.0,ndt_r2_i30,1978.1,0.9816,0.2520,0.809,0.631,0.809
3363,1566536270847211078,96.00,-168.00,610,270040,11218,89.21,-173.98,-57.64,0.9817,1,0.0703,0.2663,0.9815,10000,2956,10,3.472,617.6,428.0,ndt_r3_i30,2089.5,0.9817,0.2521,0.867,0.648,0.623
3436,1566536278145809030,48.00,-120.00,528,219318,10988,56.29,-118.80,-63.13,0.9839,1,0.0785,0.4941,0.9838,10000,3927,10,2.087,495.5,360.8,none,13.6,0.7982,0.2474,2.087,4.168,2.087
3436,1566536278145809030,48.00,-120.00,528,219318,10988,56.29,-118.80,-63.13,0.9839,1,0.0785,0.4941,0.9838,10000,3927,10,2.087,495.5,360.8,icp_d1_i30,3435.3,0.9726,0.2479,0.834,1.615,0.834
3436,1566536278145809030,48.00,-120.00,528,219318,10988,56.29,-118.80,-63.13,0.9839,1,0.0785,0.4941,0.9838,10000,3927,10,2.087,495.5,360.8,icp_d2_i30,4003.2,0.9836,0.2506,0.638,0.959,0.638
3436,1566536278145809030,48.00,-120.00,528,219318,10988,56.29,-118.80,-63.13,0.9839,1,0.0785,0.4941,0.9838,10000,3927,10,2.087,495.5,360.8,icp_d4_i30,3980.1,0.9843,0.2507,0.710,0.895,0.541
3436,1566536278145809030,48.00,-120.00,528,219318,10988,56.29,-118.80,-63.13,0.9839,1,0.0785,0.4941,0.9838,10000,3927,10,2.087,495.5,360.8,gicp_d1_i30,5170.2,0.9835,0.2492,0.104,0.477,0.100
3436,1566536278145809030,48.00,-120.00,528,219318,10988,56.29,-118.80,-63.13,0.9839,1,0.0785,0.4941,0.9838,10000,3927,10,2.087,495.5,360.8,gicp_d2_i30,4866.0,0.9849,0.2477,1.136,0.658,0.084
3436,1566536278145809030,48.00,-120.00,528,219318,10988,56.29,-118.80,-63.13,0.9839,1,0.0785,0.4941,0.9838,10000,3927,10,2.087,495.5,360.8,gicp_d4_i30,5349.1,0.9849,0.2479,1.134,0.631,0.077
3436,1566536278145809030,48.00,-120.00,528,219318,10988,56.29,-118.80,-63.13,0.9839,1,0.0785,0.4941,0.9838,10000,3927,10,2.087,495.5,360.8,ndt_r1_i30,1750.2,0.9842,0.2513,0.316,0.538,0.315
3436,1566536278145809030,48.00,-120.00,528,219318,10988,56.29,-118.80,-63.13,0.9839,1,0.0785,0.4941,0.9838,10000,3927,10,2.087,495.5,360.8,ndt_r2_i30,2030.0,0.9843,0.2484,0.420,0.571,0.387
3436,1566536278145809030,48.00,-120.00,528,219318,10988,56.29,-118.80,-63.13,0.9839,1,0.0785,0.4941,0.9838,10000,3927,10,2.087,495.5,360.8,ndt_r3_i30,2225.6,0.9843,0.2470,0.469,0.579,0.438
3509,1566536285443967335,24.00,-48.00,566,234705,11747,26.64,-57.06,-64.41,0.9877,1,0.1358,0.4419,0.9874,10000,2801,10,4.448,587.8,384.5,none,7.6,0.6630,0.2446,5.424,5.647,4.448
3509,1566536285443967335,24.00,-48.00,566,234705,11747,26.64,-57.06,-64.41,0.9877,1,0.1358,0.4419,0.9874,10000,2801,10,4.448,587.8,384.5,icp_d1_i30,3539.0,0.7080,0.2451,4.737,4.826,4.401
3509,1566536285443967335,24.00,-48.00,566,234705,11747,26.64,-57.06,-64.41,0.9877,1,0.1358,0.4419,0.9874,10000,2801,10,4.448,587.8,384.5,icp_d2_i30,4029.1,0.8753,0.2470,2.454,2.460,2.454
3509,1566536285443967335,24.00,-48.00,566,234705,11747,26.64,-57.06,-64.41,0.9877,1,0.1358,0.4419,0.9874,10000,2801,10,4.448,587.8,384.5,icp_d4_i30,4103.4,0.9665,0.2402,1.188,1.130,1.188
3509,1566536285443967335,24.00,-48.00,566,234705,11747,26.64,-57.06,-64.41,0.9877,1,0.1358,0.4419,0.9874,10000,2801,10,4.448,587.8,384.5,gicp_d1_i30,5512.6,0.9875,0.2461,0.219,0.514,0.135
3509,1566536285443967335,24.00,-48.00,566,234705,11747,26.64,-57.06,-64.41,0.9877,1,0.1358,0.4419,0.9874,10000,2801,10,4.448,587.8,384.5,gicp_d2_i30,5127.8,0.9874,0.2464,0.137,0.461,0.135
3509,1566536285443967335,24.00,-48.00,566,234705,11747,26.64,-57.06,-64.41,0.9877,1,0.1358,0.4419,0.9874,10000,2801,10,4.448,587.8,384.5,gicp_d4_i30,4994.2,0.9874,0.2464,0.136,0.451,0.136
3509,1566536285443967335,24.00,-48.00,566,234705,11747,26.64,-57.06,-64.41,0.9877,1,0.1358,0.4419,0.9874,10000,2801,10,4.448,587.8,384.5,ndt_r1_i30,1985.9,0.8997,0.2599,1.852,1.751,1.852
3509,1566536285443967335,24.00,-48.00,566,234705,11747,26.64,-57.06,-64.41,0.9877,1,0.1358,0.4419,0.9874,10000,2801,10,4.448,587.8,384.5,ndt_r2_i30,2213.8,0.8951,0.2651,1.965,1.769,1.965
3509,1566536285443967335,24.00,-48.00,566,234705,11747,26.64,-57.06,-64.41,0.9877,1,0.1358,0.4419,0.9874,10000,2801,10,4.448,587.8,384.5,ndt_r3_i30,2176.4,0.8799,0.2428,2.275,2.484,2.254
3582,1566536292747961898,0.00,0.00,655,283040,13440,-3.59,1.07,-62.69,0.9560,1,0.1908,0.3440,0.9560,10000,3926,10,1.892,587.7,458.5,none,6.7,0.7436,0.2480,3.816,9.228,1.892
3582,1566536292747961898,0.00,0.00,655,283040,13440,-3.59,1.07,-62.69,0.9560,1,0.1908,0.3440,0.9560,10000,3926,10,1.892,587.7,458.5,icp_d1_i30,2785.9,0.8558,0.2545,1.830,4.824,1.662
3582,1566536292747961898,0.00,0.00,655,283040,13440,-3.59,1.07,-62.69,0.9560,1,0.1908,0.3440,0.9560,10000,3926,10,1.892,587.7,458.5,icp_d2_i30,5255.1,0.9460,0.2447,1.075,1.646,1.075
3582,1566536292747961898,0.00,0.00,655,283040,13440,-3.59,1.07,-62.69,0.9560,1,0.1908,0.3440,0.9560,10000,3926,10,1.892,587.7,458.5,icp_d4_i30,5292.7,0.9533,0.2447,1.023,1.041,1.023
3582,1566536292747961898,0.00,0.00,655,283040,13440,-3.59,1.07,-62.69,0.9560,1,0.1908,0.3440,0.9560,10000,3926,10,1.892,587.7,458.5,gicp_d1_i30,5553.6,0.9576,0.2437,1.203,0.324,0.165
3582,1566536292747961898,0.00,0.00,655,283040,13440,-3.59,1.07,-62.69,0.9560,1,0.1908,0.3440,0.9560,10000,3926,10,1.892,587.7,458.5,gicp_d2_i30,4913.2,0.9576,0.2438,1.146,0.357,0.185
3582,1566536292747961898,0.00,0.00,655,283040,13440,-3.59,1.07,-62.69,0.9560,1,0.1908,0.3440,0.9560,10000,3926,10,1.892,587.7,458.5,gicp_d4_i30,4980.8,0.9576,0.2438,1.152,0.358,0.192
3582,1566536292747961898,0.00,0.00,655,283040,13440,-3.59,1.07,-62.69,0.9560,1,0.1908,0.3440,0.9560,10000,3926,10,1.892,587.7,458.5,ndt_r1_i30,2128.8,0.9562,0.2459,0.633,0.234,0.633
3582,1566536292747961898,0.00,0.00,655,283040,13440,-3.59,1.07,-62.69,0.9560,1,0.1908,0.3440,0.9560,10000,3926,10,1.892,587.7,458.5,ndt_r2_i30,2226.3,0.9567,0.2422,0.631,0.302,0.631
3582,1566536292747961898,0.00,0.00,655,283040,13440,-3.59,1.07,-62.69,0.9560,1,0.1908,0.3440,0.9560,10000,3926,10,1.892,587.7,458.5,ndt_r3_i30,2333.7,0.9569,0.2417,0.724,0.417,0.724
3655,1566536300042628620,-24.00,48.00,717,301272,11529,-33.41,57.95,-60.94,0.9270,1,0.0460,0.0758,0.9269,10000,3020,10,1.909,503.2,389.8,none,6.3,0.8481,0.2399,3.694,1.734,1.909
3655,1566536300042628620,-24.00,48.00,717,301272,11529,-33.41,57.95,-60.94,0.9270,1,0.0460,0.0758,0.9269,10000,3020,10,1.909,503.2,389.8,icp_d1_i30,3371.2,0.8978,0.2393,0.650,2.765,0.650
3655,1566536300042628620,-24.00,48.00,717,301272,11529,-33.41,57.95,-60.94,0.9270,1,0.0460,0.0758,0.9269,10000,3020,10,1.909,503.2,389.8,icp_d2_i30,4038.0,0.9266,0.2433,1.034,0.167,0.654
3655,1566536300042628620,-24.00,48.00,717,301272,11529,-33.41,57.95,-60.94,0.9270,1,0.0460,0.0758,0.9269,10000,3020,10,1.909,503.2,389.8,icp_d4_i30,4525.3,0.9265,0.2453,1.065,0.053,0.645
3655,1566536300042628620,-24.00,48.00,717,301272,11529,-33.41,57.95,-60.94,0.9270,1,0.0460,0.0758,0.9269,10000,3020,10,1.909,503.2,389.8,gicp_d1_i30,5540.0,0.9269,0.2406,0.083,0.235,0.048
3655,1566536300042628620,-24.00,48.00,717,301272,11529,-33.41,57.95,-60.94,0.9270,1,0.0460,0.0758,0.9269,10000,3020,10,1.909,503.2,389.8,gicp_d2_i30,4977.0,0.9268,0.2396,0.048,0.071,0.044
3655,1566536300042628620,-24.00,48.00,717,301272,11529,-33.41,57.95,-60.94,0.9270,1,0.0460,0.0758,0.9269,10000,3020,10,1.909,503.2,389.8,gicp_d4_i30,5191.0,0.9268,0.2396,0.046,0.078,0.044
3655,1566536300042628620,-24.00,48.00,717,301272,11529,-33.41,57.95,-60.94,0.9270,1,0.0460,0.0758,0.9269,10000,3020,10,1.909,503.2,389.8,ndt_r1_i30,2383.4,0.9271,0.2426,0.264,0.215,0.264
3655,1566536300042628620,-24.00,48.00,717,301272,11529,-33.41,57.95,-60.94,0.9270,1,0.0460,0.0758,0.9269,10000,3020,10,1.909,503.2,389.8,ndt_r2_i30,2275.6,0.9272,0.2408,0.449,0.159,0.445
3655,1566536300042628620,-24.00,48.00,717,301272,11529,-33.41,57.95,-60.94,0.9270,1,0.0460,0.0758,0.9269,10000,3020,10,1.909,503.2,389.8,ndt_r3_i30,2258.9,0.9275,0.2400,0.391,0.217,0.391
3728,1566536307340104117,-72.00,120.00,765,313168,12149,-69.09,115.36,-56.63,0.9340,1,0.0840,0.9470,0.9343,10000,3481,10,1.096,694.0,412.4,none,9.1,0.7149,0.2528,1.096,12.206,1.096
3728,1566536307340104117,-72.00,120.00,765,313168,12149,-69.09,115.36,-56.63,0.9340,1,0.0840,0.9470,0.9343,10000,3481,10,1.096,694.0,412.4,icp_d1_i30,4237.9,0.8201,0.2417,1.945,2.992,1.262
3728,1566536307340104117,-72.00,120.00,765,313168,12149,-69.09,115.36,-56.63,0.9340,1,0.0840,0.9470,0.9343,10000,3481,10,1.096,694.0,412.4,icp_d2_i30,5232.9,0.9168,0.2429,0.745,1.784,0.745
3728,1566536307340104117,-72.00,120.00,765,313168,12149,-69.09,115.36,-56.63,0.9340,1,0.0840,0.9470,0.9343,10000,3481,10,1.096,694.0,412.4,icp_d4_i30,4738.1,0.9276,0.2417,0.674,1.257,0.674
3728,1566536307340104117,-72.00,120.00,765,313168,12149,-69.09,115.36,-56.63,0.9340,1,0.0840,0.9470,0.9343,10000,3481,10,1.096,694.0,412.4,gicp_d1_i30,5490.4,0.9343,0.2449,0.015,0.965,0.015
3728,1566536307340104117,-72.00,120.00,765,313168,12149,-69.09,115.36,-56.63,0.9340,1,0.0840,0.9470,0.9343,10000,3481,10,1.096,694.0,412.4,gicp_d2_i30,5460.0,0.9342,0.2458,0.046,0.953,0.046
3728,1566536307340104117,-72.00,120.00,765,313168,12149,-69.09,115.36,-56.63,0.9340,1,0.0840,0.9470,0.9343,10000,3481,10,1.096,694.0,412.4,gicp_d4_i30,5167.1,0.9342,0.2457,0.055,0.970,0.038
3728,1566536307340104117,-72.00,120.00,765,313168,12149,-69.09,115.36,-56.63,0.9340,1,0.0840,0.9470,0.9343,10000,3481,10,1.096,694.0,412.4,ndt_r1_i30,1974.5,0.9288,0.2451,0.349,1.601,0.349
3728,1566536307340104117,-72.00,120.00,765,313168,12149,-69.09,115.36,-56.63,0.9340,1,0.0840,0.9470,0.9343,10000,3481,10,1.096,694.0,412.4,ndt_r2_i30,2120.6,0.9344,0.2463,0.164,0.939,0.164
3728,1566536307340104117,-72.00,120.00,765,313168,12149,-69.09,115.36,-56.63,0.9340,1,0.0840,0.9470,0.9343,10000,3481,10,1.096,694.0,412.4,ndt_r3_i30,2317.6,0.9345,0.2438,0.236,0.958,0.236
3801,1566536314641427288,-120.00,168.00,852,306784,11229,-108.51,170.49,-50.50,0.9812,0,0.0860,0.2934,0.9811,10000,2100,10,2.346,632.9,391.6,none,10.0,0.7412,0.2492,2.346,7.384,2.346
3801,1566536314641427288,-120.00,168.00,852,306784,11229,-108.51,170.49,-50.50,0.9812,0,0.0860,0.2934,0.9811,10000,2100,10,2.346,632.9,391.6,icp_d1_i30,4391.5,0.8159,0.2411,3.043,5.488,2.049
3801,1566536314641427288,-120.00,168.00,852,306784,11229,-108.51,170.49,-50.50,0.9812,0,0.0860,0.2934,0.9811,10000,2100,10,2.346,632.9,391.6,icp_d2_i30,4650.3,0.9664,0.2420,1.550,1.230,1.293
3801,1566536314641427288,-120.00,168.00,852,306784,11229,-108.51,170.49,-50.50,0.9812,0,0.0860,0.2934,0.9811,10000,2100,10,2.346,632.9,391.6,icp_d4_i30,4335.3,0.9796,0.2423,0.361,0.621,0.361
3801,1566536314641427288,-120.00,168.00,852,306784,11229,-108.51,170.49,-50.50,0.9812,0,0.0860,0.2934,0.9811,10000,2100,10,2.346,632.9,391.6,gicp_d1_i30,5449.7,0.9818,0.2446,0.284,0.429,0.284
3801,1566536314641427288,-120.00,168.00,852,306784,11229,-108.51,170.49,-50.50,0.9812,0,0.0860,0.2934,0.9811,10000,2100,10,2.346,632.9,391.6,gicp_d2_i30,5169.7,0.9818,0.2446,0.274,0.430,0.102
3801,1566536314641427288,-120.00,168.00,852,306784,11229,-108.51,170.49,-50.50,0.9812,0,0.0860,0.2934,0.9811,10000,2100,10,2.346,632.9,391.6,gicp_d4_i30,5458.1,0.9818,0.2481,0.867,0.678,0.098
3801,1566536314641427288,-120.00,168.00,852,306784,11229,-108.51,170.49,-50.50,0.9812,0,0.0860,0.2934,0.9811,10000,2100,10,2.346,632.9,391.6,ndt_r1_i30,1921.5,0.9808,0.2493,0.899,0.521,0.723
3801,1566536314641427288,-120.00,168.00,852,306784,11229,-108.51,170.49,-50.50,0.9812,0,0.0860,0.2934,0.9811,10000,2100,10,2.346,632.9,391.6,ndt_r2_i30,2070.3,0.9816,0.2483,0.377,0.247,0.377
3801,1566536314641427288,-120.00,168.00,852,306784,11229,-108.51,170.49,-50.50,0.9812,0,0.0860,0.2934,0.9811,10000,2100,10,2.346,632.9,391.6,ndt_r3_i30,2068.9,0.9815,0.2453,0.521,0.326,0.427
3874,1566536321942035386,-144.00,216.00,1276,337226,11237,-152.75,217.87,-43.86,0.9663,1,0.1103,0.1872,0.9665,10000,2435,10,7.583,609.1,386.6,none,8.1,0.6133,0.2398,29.716,62.042,7.583
3874,1566536321942035386,-144.00,216.00,1276,337226,11237,-152.75,217.87,-43.86,0.9663,1,0.1103,0.1872,0.9665,10000,2435,10,7.583,609.1,386.6,icp_d1_i30,4305.8,0.6553,0.2587,7.326,31.187,7.326
3874,1566536321942035386,-144.00,216.00,1276,337226,11237,-152.75,217.87,-43.86,0.9663,1,0.1103,0.1872,0.9665,10000,2435,10,7.583,609.1,386.6,icp_d2_i30,4392.3,0.6827,0.2404,7.149,31.529,7.149
3874,1566536321942035386,-144.00,216.00,1276,337226,11237,-152.75,217.87,-43.86,0.9663,1,0.1103,0.1872,0.9665,10000,2435,10,7.583,609.1,386.6,icp_d4_i30,5105.7,0.6794,0.2520,6.870,30.503,6.870
3874,1566536321942035386,-144.00,216.00,1276,337226,11237,-152.75,217.87,-43.86,0.9663,1,0.1103,0.1872,0.9665,10000,2435,10,7.583,609.1,386.6,gicp_d1_i30,5417.4,0.6347,0.2467,6.622,28.955,6.622
3874,1566536321942035386,-144.00,216.00,1276,337226,11237,-152.75,217.87,-43.86,0.9663,1,0.1103,0.1872,0.9665,10000,2435,10,7.583,609.1,386.6,gicp_d2_i30,5480.7,0.6555,0.2616,7.719,29.070,7.719
3874,1566536321942035386,-144.00,216.00,1276,337226,11237,-152.75,217.87,-43.86,0.9663,1,0.1103,0.1872,0.9665,10000,2435,10,7.583,609.1,386.6,gicp_d4_i30,5326.9,0.6610,0.2636,7.676,28.145,6.480
3874,1566536321942035386,-144.00,216.00,1276,337226,11237,-152.75,217.87,-43.86,0.9663,1,0.1103,0.1872,0.9665,10000,2435,10,7.583,609.1,386.6,ndt_r1_i30,2000.4,0.6281,0.2450,6.691,31.406,6.691
3874,1566536321942035386,-144.00,216.00,1276,337226,11237,-152.75,217.87,-43.86,0.9663,1,0.1103,0.1872,0.9665,10000,2435,10,7.583,609.1,386.6,ndt_r2_i30,1861.5,0.6583,0.2568,5.609,31.882,5.609
3874,1566536321942035386,-144.00,216.00,1276,337226,11237,-152.75,217.87,-43.86,0.9663,1,0.1103,0.1872,0.9665,10000,2435,10,7.583,609.1,386.6,ndt_r3_i30,2037.2,0.6666,0.2653,6.373,30.553,6.373
3947,1566536329244945631,-192.00,264.00,958,326376,12645,-186.45,252.33,-51.58,0.9838,0,0.1209,0.6814,0.9842,10000,2532,10,5.448,776.2,431.5,none,8.2,0.6760,0.2494,8.177,10.823,5.448
3947,1566536329244945631,-192.00,264.00,958,326376,12645,-186.45,252.33,-51.58,0.9838,0,0.1209,0.6814,0.9842,10000,2532,10,5.448,776.2,431.5,icp_d1_i30,4403.2,0.7704,0.2375,4.697,3.979,4.697
3947,1566536329244945631,-192.00,264.00,958,326376,12645,-186.45,252.33,-51.58,0.9838,0,0.1209,0.6814,0.9842,10000,2532,10,5.448,776.2,431.5,icp_d2_i30,5045.6,0.8512,0.2483,3.316,2.824,3.316
3947,1566536329244945631,-192.00,264.00,958,326376,12645,-186.45,252.33,-51.58,0.9838,0,0.1209,0.6814,0.9842,10000,2532,10,5.448,776.2,431.5,icp_d4_i30,5375.4,0.9209,0.2496,2.087,1.609,2.087
3947,1566536329244945631,-192.00,264.00,958,326376,12645,-186.45,252.33,-51.58,0.9838,0,0.1209,0.6814,0.9842,10000,2532,10,5.448,776.2,431.5,gicp_d1_i30,4521.0,0.9827,0.2433,0.291,0.700,0.291
3947,1566536329244945631,-192.00,264.00,958,326376,12645,-186.45,252.33,-51.58,0.9838,0,0.1209,0.6814,0.9842,10000,2532,10,5.448,776.2,431.5,gicp_d2_i30,5314.2,0.9842,0.2425,0.116,0.684,0.116
3947,1566536329244945631,-192.00,264.00,958,326376,12645,-186.45,252.33,-51.58,0.9838,0,0.1209,0.6814,0.9842,10000,2532,10,5.448,776.2,431.5,gicp_d4_i30,5566.8,0.9839,0.2435,0.118,0.664,0.118
3947,1566536329244945631,-192.00,264.00,958,326376,12645,-186.45,252.33,-51.58,0.9838,0,0.1209,0.6814,0.9842,10000,2532,10,5.448,776.2,431.5,ndt_r1_i30,1859.2,0.8053,0.2588,3.752,1.979,3.752
3947,1566536329244945631,-192.00,264.00,958,326376,12645,-186.45,252.33,-51.58,0.9838,0,0.1209,0.6814,0.9842,10000,2532,10,5.448,776.2,431.5,ndt_r2_i30,2370.5,0.8904,0.2369,2.490,2.099,2.490
3947,1566536329244945631,-192.00,264.00,958,326376,12645,-186.45,252.33,-51.58,0.9838,0,0.1209,0.6814,0.9842,10000,2532,10,5.448,776.2,431.5,ndt_r3_i30,2085.0,0.8941,0.2388,2.354,2.215,2.354
4020,1566536336546086036,-168.00,288.00,1187,339231,11657,-167.32,276.77,-147.80,0.9850,1,0.1465,0.1969,0.9852,10000,5277,10,8.817,875.0,411.6,none,6.9,0.7041,0.2505,23.740,34.082,8.817
4020,1566536336546086036,-168.00,288.00,1187,339231,11657,-167.32,276.77,-147.80,0.9850,1,0.1465,0.1969,0.9852,10000,5277,10,8.817,875.0,411.6,icp_d1_i30,4496.5,0.7553,0.2538,21.305,3.246,8.744
4020,1566536336546086036,-168.00,288.00,1187,339231,11657,-167.32,276.77,-147.80,0.9850,1,0.1465,0.1969,0.9852,10000,5277,10,8.817,875.0,411.6,icp_d2_i30,3913.9,0.7529,0.2508,8.795,37.051,8.795
4020,1566536336546086036,-168.00,288.00,1187,339231,11657,-167.32,276.77,-147.80,0.9850,1,0.1465,0.1969,0.9852,10000,5277,10,8.817,875.0,411.6,icp_d4_i30,4341.6,0.7678,0.2463,21.498,4.603,8.958
4020,1566536336546086036,-168.00,288.00,1187,339231,11657,-167.32,276.77,-147.80,0.9850,1,0.1465,0.1969,0.9852,10000,5277,10,8.817,875.0,411.6,gicp_d1_i30,5474.4,0.7422,0.2383,21.187,5.798,8.439
4020,1566536336546086036,-168.00,288.00,1187,339231,11657,-167.32,276.77,-147.80,0.9850,1,0.1465,0.1969,0.9852,10000,5277,10,8.817,875.0,411.6,gicp_d2_i30,4840.6,0.7547,0.2420,20.714,5.237,9.860
4020,1566536336546086036,-168.00,288.00,1187,339231,11657,-167.32,276.77,-147.80,0.9850,1,0.1465,0.1969,0.9852,10000,5277,10,8.817,875.0,411.6,gicp_d4_i30,5508.0,0.7617,0.2451,19.671,5.875,9.975
4020,1566536336546086036,-168.00,288.00,1187,339231,11657,-167.32,276.77,-147.80,0.9850,1,0.1465,0.1969,0.9852,10000,5277,10,8.817,875.0,411.6,ndt_r1_i30,2012.0,0.7332,0.2496,21.051,2.194,8.760
4020,1566536336546086036,-168.00,288.00,1187,339231,11657,-167.32,276.77,-147.80,0.9850,1,0.1465,0.1969,0.9852,10000,5277,10,8.817,875.0,411.6,ndt_r2_i30,2292.2,0.7622,0.2521,20.520,3.055,8.485
4020,1566536336546086036,-168.00,288.00,1187,339231,11657,-167.32,276.77,-147.80,0.9850,1,0.1465,0.1969,0.9852,10000,5277,10,8.817,875.0,411.6,ndt_r3_i30,2244.1,0.7820,0.2543,19.582,5.321,8.101
4093,1566536343839592111,-120.00,312.00,1075,323752,11967,-124.24,304.08,-148.18,0.9536,1,0.1414,0.2661,0.9539,10000,4643,10,9.679,768.0,435.5,none,9.8,0.6637,0.2476,9.679,3.493,9.679
4093,1566536343839592111,-120.00,312.00,1075,323752,11967,-124.24,304.08,-148.18,0.9536,1,0.1414,0.2661,0.9539,10000,4643,10,9.679,768.0,435.5,icp_d1_i30,4975.1,0.7185,0.2417,10.187,10.338,9.306
4093,1566536343839592111,-120.00,312.00,1075,323752,11967,-124.24,304.08,-148.18,0.9536,1,0.1414,0.2661,0.9539,10000,4643,10,9.679,768.0,435.5,icp_d2_i30,5052.9,0.7263,0.2596,9.937,10.174,8.741
4093,1566536343839592111,-120.00,312.00,1075,323752,11967,-124.24,304.08,-148.18,0.9536,1,0.1414,0.2661,0.9539,10000,4643,10,9.679,768.0,435.5,icp_d4_i30,4577.0,0.7029,0.2423,9.525,10.556,8.058
4093,1566536343839592111,-120.00,312.00,1075,323752,11967,-124.24,304.08,-148.18,0.9536,1,0.1414,0.2661,0.9539,10000,4643,10,9.679,768.0,435.5,gicp_d1_i30,5446.1,0.7145,0.2426,9.272,9.491,9.272
4093,1566536343839592111,-120.00,312.00,1075,323752,11967,-124.24,304.08,-148.18,0.9536,1,0.1414,0.2661,0.9539,10000,4643,10,9.679,768.0,435.5,gicp_d2_i30,5251.0,0.7614,0.2451,4.953,2.726,4.953
4093,1566536343839592111,-120.00,312.00,1075,323752,11967,-124.24,304.08,-148.18,0.9536,1,0.1414,0.2661,0.9539,10000,4643,10,9.679,768.0,435.5,gicp_d4_i30,5582.7,0.9507,0.2419,1.259,0.151,1.259
4093,1566536343839592111,-120.00,312.00,1075,323752,11967,-124.24,304.08,-148.18,0.9536,1,0.1414,0.2661,0.9539,10000,4643,10,9.679,768.0,435.5,ndt_r1_i30,1864.4,0.7074,0.2487,10.046,10.649,9.318
4093,1566536343839592111,-120.00,312.00,1075,323752,11967,-124.24,304.08,-148.18,0.9536,1,0.1414,0.2661,0.9539,10000,4643,10,9.679,768.0,435.5,ndt_r2_i30,2171.1,0.7183,0.2416,8.492,4.560,8.492
4093,1566536343839592111,-120.00,312.00,1075,323752,11967,-124.24,304.08,-148.18,0.9536,1,0.1414,0.2661,0.9539,10000,4643,10,9.679,768.0,435.5,ndt_r3_i30,2204.7,0.7284,0.2454,7.527,3.881,7.527
4166,1566536351147692662,-96.00,336.00,996,299546,11399,-87.11,327.27,-147.76,0.9438,0,0.9355,0.4367,0.9464,10000,3605,10,1.842,591.3,382.7,none,5.7,0.7842,0.2492,1.842,5.655,1.842
4166,1566536351147692662,-96.00,336.00,996,299546,11399,-87.11,327.27,-147.76,0.9438,0,0.9355,0.4367,0.9464,10000,3605,10,1.842,591.3,382.7,icp_d1_i30,5309.6,0.9066,0.2429,1.285,2.309,1.285
4166,1566536351147692662,-96.00,336.00,996,299546,11399,-87.11,327.27,-147.76,0.9438,0,0.9355,0.4367,0.9464,10000,3605,10,1.842,591.3,382.7,icp_d2_i30,5147.9,0.9430,0.2436,0.692,0.692,0.692
4166,1566536351147692662,-96.00,336.00,996,299546,11399,-87.11,327.27,-147.76,0.9438,0,0.9355,0.4367,0.9464,10000,3605,10,1.842,591.3,382.7,icp_d4_i30,5257.2,0.9474,0.2434,0.681,0.506,0.681
4166,1566536351147692662,-96.00,336.00,996,299546,11399,-87.11,327.27,-147.76,0.9438,0,0.9355,0.4367,0.9464,10000,3605,10,1.842,591.3,382.7,gicp_d1_i30,4615.4,0.9467,0.2429,0.976,0.698,0.600
4166,1566536351147692662,-96.00,336.00,996,299546,11399,-87.11,327.27,-147.76,0.9438,0,0.9355,0.4367,0.9464,10000,3605,10,1.842,591.3,382.7,gicp_d2_i30,5435.0,0.9469,0.2431,0.996,0.615,0.570
4166,1566536351147692662,-96.00,336.00,996,299546,11399,-87.11,327.27,-147.76,0.9438,0,0.9355,0.4367,0.9464,10000,3605,10,1.842,591.3,382.7,gicp_d4_i30,5389.9,0.9468,0.2433,1.052,0.678,0.932
4166,1566536351147692662,-96.00,336.00,996,299546,11399,-87.11,327.27,-147.76,0.9438,0,0.9355,0.4367,0.9464,10000,3605,10,1.842,591.3,382.7,ndt_r1_i30,2176.0,0.9444,0.2467,0.329,0.417,0.329
4166,1566536351147692662,-96.00,336.00,996,299546,11399,-87.11,327.27,-147.76,0.9438,0,0.9355,0.4367,0.9464,10000,3605,10,1.842,591.3,382.7,ndt_r2_i30,2279.1,0.9447,0.2438,0.375,0.352,0.375
4166,1566536351147692662,-96.00,336.00,996,299546,11399,-87.11,327.27,-147.76,0.9438,0,0.9355,0.4367,0.9464,10000,3605,10,1.842,591.3,382.7,ndt_r3_i30,2323.4,0.9474,0.2427,1.046,1.327,0.486
4239,1566536358440171103,-48.00,336.00,927,293722,12442,-59.00,341.56,-170.63,0.9871,0,0.3436,0.3600,0.9877,10000,2192,10,1.744,614.5,411.6,none,7.6,0.6955,0.2549,2.547,3.443,1.744
4239,1566536358440171103,-48.00,336.00,927,293722,12442,-59.00,341.56,-170.63,0.9871,0,0.3436,0.3600,0.9877,10000,2192,10,1.744,614.5,411.6,icp_d1_i30,5263.2,0.9781,0.2476,0.805,1.348,0.805
4239,1566536358440171103,-48.00,336.00,927,293722,12442,-59.00,341.56,-170.63,0.9871,0,0.3436,0.3600,0.9877,10000,2192,10,1.744,614.5,411.6,icp_d2_i30,5476.2,0.9884,0.2480,0.413,0.524,0.413
4239,1566536358440171103,-48.00,336.00,927,293722,12442,-59.00,341.56,-170.63,0.9871,0,0.3436,0.3600,0.9877,10000,2192,10,1.744,614.5,411.6,icp_d4_i30,5498.3,0.9883,0.2477,0.369,0.445,0.359
4239,1566536358440171103,-48.00,336.00,927,293722,12442,-59.00,341.56,-170.63,0.9871,0,0.3436,0.3600,0.9877,10000,2192,10,1.744,614.5,411.6,gicp_d1_i30,5448.9,0.9879,0.2472,0.364,0.465,0.352
4239,1566536358440171103,-48.00,336.00,927,293722,12442,-59.00,341.56,-170.63,0.9871,0,0.3436,0.3600,0.9877,10000,2192,10,1.744,614.5,411.6,gicp_d2_i30,5120.5,0.9879,0.2472,0.361,0.451,0.132
4239,1566536358440171103,-48.00,336.00,927,293722,12442,-59.00,341.56,-170.63,0.9871,0,0.3436,0.3600,0.9877,10000,2192,10,1.744,614.5,411.6,gicp_d4_i30,5390.4,0.9877,0.2478,0.316,0.264,0.149
4239,1566536358440171103,-48.00,336.00,927,293722,12442,-59.00,341.56,-170.63,0.9871,0,0.3436,0.3600,0.9877,10000,2192,10,1.744,614.5,411.6,ndt_r1_i30,2139.6,0.9866,0.2460,0.087,0.133,0.087
4239,1566536358440171103,-48.00,336.00,927,293722,12442,-59.00,341.56,-170.63,0.9871,0,0.3436,0.3600,0.9877,10000,2192,10,1.744,614.5,411.6,ndt_r2_i30,2193.3,0.9875,0.2452,0.069,0.224,0.057
4239,1566536358440171103,-48.00,336.00,927,293722,12442,-59.00,341.56,-170.63,0.9871,0,0.3436,0.3600,0.9877,10000,2192,10,1.744,614.5,411.6,ndt_r3_i30,2240.2,0.9878,0.2454,0.079,0.396,0.072
4312,1566536365743982262,-24.00,336.00,754,246687,11425,-31.71,329.47,137.74,0.9136,1,0.2487,0.3524,0.9161,10000,1562,10,2.464,556.2,356.9,none,6.5,0.5411,0.2502,2.464,8.591,2.464
4312,1566536365743982262,-24.00,336.00,754,246687,11425,-31.71,329.47,137.74,0.9136,1,0.2487,0.3524,0.9161,10000,1562,10,2.464,556.2,356.9,icp_d1_i30,5799.3,0.8556,0.2493,0.911,3.452,0.911
4312,1566536365743982262,-24.00,336.00,754,246687,11425,-31.71,329.47,137.74,0.9136,1,0.2487,0.3524,0.9161,10000,1562,10,2.464,556.2,356.9,icp_d2_i30,5673.2,0.9176,0.2436,0.603,0.510,0.603
4312,1566536365743982262,-24.00,336.00,754,246687,11425,-31.71,329.47,137.74,0.9136,1,0.2487,0.3524,0.9161,10000,1562,10,2.464,556.2,356.9,icp_d4_i30,5458.2,0.9175,0.2454,0.808,0.305,0.679
4312,1566536365743982262,-24.00,336.00,754,246687,11425,-31.71,329.47,137.74,0.9136,1,0.2487,0.3524,0.9161,10000,1562,10,2.464,556.2,356.9,gicp_d1_i30,5271.1,0.9164,0.2434,0.483,0.275,0.483
4312,1566536365743982262,-24.00,336.00,754,246687,11425,-31.71,329.47,137.74,0.9136,1,0.2487,0.3524,0.9161,10000,1562,10,2.464,556.2,356.9,gicp_d2_i30,5571.1,0.9161,0.2433,0.638,0.239,0.262
4312,1566536365743982262,-24.00,336.00,754,246687,11425,-31.71,329.47,137.74,0.9136,1,0.2487,0.3524,0.9161,10000,1562,10,2.464,556.2,356.9,gicp_d4_i30,4902.9,0.9164,0.2441,0.705,0.216,0.225
4312,1566536365743982262,-24.00,336.00,754,246687,11425,-31.71,329.47,137.74,0.9136,1,0.2487,0.3524,0.9161,10000,1562,10,2.464,556.2,356.9,ndt_r1_i30,2127.8,0.9140,0.2431,0.191,0.190,0.191
4312,1566536365743982262,-24.00,336.00,754,246687,11425,-31.71,329.47,137.74,0.9136,1,0.2487,0.3524,0.9161,10000,1562,10,2.464,556.2,356.9,ndt_r2_i30,2210.5,0.9163,0.2430,0.391,0.297,0.218
4312,1566536365743982262,-24.00,336.00,754,246687,11425,-31.71,329.47,137.74,0.9136,1,0.2487,0.3524,0.9161,10000,1562,10,2.464,556.2,356.9,ndt_r3_i30,2144.6,0.9164,0.2424,0.286,0.248,0.286
4385,1566536373043127061,0.00,288.00,608,203247,10521,3.57,297.34,138.76,0.9671,1,0.0669,0.5968,0.9681,10000,1190,10,1.285,396.2,313.2,none,6.7,0.8352,0.2470,1.285,4.477,1.285
4385,1566536373043127061,0.00,288.00,608,203247,10521,3.57,297.34,138.76,0.9671,1,0.0669,0.5968,0.9681,10000,1190,10,1.285,396.2,313.2,icp_d1_i30,4774.3,0.9654,0.2443,0.396,0.591,0.396
4385,1566536373043127061,0.00,288.00,608,203247,10521,3.57,297.34,138.76,0.9671,1,0.0669,0.5968,0.9681,10000,1190,10,1.285,396.2,313.2,icp_d2_i30,4819.6,0.9701,0.2467,0.435,0.709,0.277
4385,1566536373043127061,0.00,288.00,608,203247,10521,3.57,297.34,138.76,0.9671,1,0.0669,0.5968,0.9681,10000,1190,10,1.285,396.2,313.2,icp_d4_i30,4688.9,0.9702,0.2458,0.472,0.778,0.125
4385,1566536373043127061,0.00,288.00,608,203247,10521,3.57,297.34,138.76,0.9671,1,0.0669,0.5968,0.9681,10000,1190,10,1.285,396.2,313.2,gicp_d1_i30,4434.7,0.9695,0.2450,0.392,0.870,0.267
4385,1566536373043127061,0.00,288.00,608,203247,10521,3.57,297.34,138.76,0.9671,1,0.0669,0.5968,0.9681,10000,1190,10,1.285,396.2,313.2,gicp_d2_i30,4320.9,0.9682,0.2434,0.082,0.626,0.068
4385,1566536373043127061,0.00,288.00,608,203247,10521,3.57,297.34,138.76,0.9671,1,0.0669,0.5968,0.9681,10000,1190,10,1.285,396.2,313.2,gicp_d4_i30,3761.0,0.9682,0.2430,0.065,0.599,0.065
4385,1566536373043127061,0.00,288.00,608,203247,10521,3.57,297.34,138.76,0.9671,1,0.0669,0.5968,0.9681,10000,1190,10,1.285,396.2,313.2,ndt_r1_i30,2179.7,0.9700,0.2438,0.237,0.711,0.118
4385,1566536373043127061,0.00,288.00,608,203247,10521,3.57,297.34,138.76,0.9671,1,0.0669,0.5968,0.9681,10000,1190,10,1.285,396.2,313.2,ndt_r2_i30,2111.3,0.9688,0.2462,0.114,0.245,0.111
4385,1566536373043127061,0.00,288.00,608,203247,10521,3.57,297.34,138.76,0.9671,1,0.0669,0.5968,0.9681,10000,1190,10,1.285,396.2,313.2,ndt_r3_i30,2068.5,0.9698,0.2462,0.138,0.243,0.133
4458,1566536380340087025,24.00,288.00,582,211151,10535,28.92,278.50,147.65,0.9779,1,0.3546,0.4103,0.9776,10000,1058,10,0.810,388.2,304.9,none,6.2,0.9147,0.2492,1.308,1.577,0.810
4458,1566536380340087025,24.00,288.00,582,211151,10535,28.92,278.50,147.65,0.9779,1,0.3546,0.4103,0.9776,10000,1058,10,0.810,388.2,304.9,icp_d1_i30,4636.2,0.9742,0.2498,0.550,1.406,0.550
4458,1566536380340087025,24.00,288.00,582,211151,10535,28.92,278.50,147.65,0.9779,1,0.3546,0.4103,0.9776,10000,1058,10,0.810,388.2,304.9,icp_d2_i30,4584.5,0.9773,0.2494,0.460,0.782,0.405
4458,1566536380340087025,24.00,288.00,582,211151,10535,28.92,278.50,147.65,0.9779,1,0.3546,0.4103,0.9776,10000,1058,10,0.810,388.2,304.9,icp_d4_i30,4344.2,0.9775,0.2490,0.379,0.376,0.172
4458,1566536380340087025,24.00,288.00,582,211151,10535,28.92,278.50,147.65,0.9779,1,0.3546,0.4103,0.9776,10000,1058,10,0.810,388.2,304.9,gicp_d1_i30,4103.0,0.9776,0.2488,0.361,0.411,0.361
4458,1566536380340087025,24.00,288.00,582,211151,10535,28.92,278.50,147.65,0.9779,1,0.3546,0.4103,0.9776,10000,1058,10,0.810,388.2,304.9,gicp_d2_i30,3574.3,0.9775,0.2489,0.356,0.389,0.356
4458,1566536380340087025,24.00,288.00,582,211151,10535,28.92,278.50,147.65,0.9779,1,0.3546,0.4103,0.9776,10000,1058,10,0.810,388.2,304.9,gicp_d4_i30,2912.8,0.9776,0.2493,0.356,0.403,0.354
4458,1566536380340087025,24.00,288.00,582,211151,10535,28.92,278.50,147.65,0.9779,1,0.3546,0.4103,0.9776,10000,1058,10,0.810,388.2,304.9,ndt_r1_i30,2142.9,0.9778,0.2480,0.135,0.317,0.135
4458,1566536380340087025,24.00,288.00,582,211151,10535,28.92,278.50,147.65,0.9779,1,0.3546,0.4103,0.9776,10000,1058,10,0.810,388.2,304.9,ndt_r2_i30,1919.9,0.9784,0.2478,0.238,0.369,0.142
4458,1566536380340087025,24.00,288.00,582,211151,10535,28.92,278.50,147.65,0.9779,1,0.3546,0.4103,0.9776,10000,1058,10,0.810,388.2,304.9,ndt_r3_i30,2074.8,0.9782,0.2474,0.060,0.317,0.042
4531,1566536387640092244,48.00,264.00,683,228747,11320,53.66,265.70,157.91,0.9479,1,0.3775,0.2902,0.9475,10000,1850,10,0.827,464.3,348.8,none,6.5,0.9374,0.2412,0.827,1.420,0.827
4531,1566536387640092244,48.00,264.00,683,228747,11320,53.66,265.70,157.91,0.9479,1,0.3775,0.2902,0.9475,10000,1850,10,0.827,464.3,348.8,icp_d1_i30,4852.0,0.9475,0.2491,0.409,0.283,0.409
4531,1566536387640092244,48.00,264.00,683,228747,11320,53.66,265.70,157.91,0.9479,1,0.3775,0.2902,0.9475,10000,1850,10,0.827,464.3,348.8,icp_d2_i30,5167.0,0.9474,0.2488,0.407,0.252,0.331
4531,1566536387640092244,48.00,264.00,683,228747,11320,53.66,265.70,157.91,0.9479,1,0.3775,0.2902,0.9475,10000,1850,10,0.827,464.3,348.8,icp_d4_i30,5019.8,0.9477,0.2490,0.282,0.418,0.282
4531,1566536387640092244,48.00,264.00,683,228747,11320,53.66,265.70,157.91,0.9479,1,0.3775,0.2902,0.9475,10000,1850,10,0.827,464.3,348.8,gicp_d1_i30,4139.4,0.9475,0.2494,0.380,0.295,0.305
4531,1566536387640092244,48.00,264.00,683,228747,11320,53.66,265.70,157.91,0.9479,1,0.3775,0.2902,0.9475,10000,1850,10,0.827,464.3,348.8,gicp_d2_i30,3847.0,0.9475,0.2494,0.378,0.287,0.299
4531,1566536387640092244,48.00,264.00,683,228747,11320,53.66,265.70,157.91,0.9479,1,0.3775,0.2902,0.9475,10000,1850,10,0.827,464.3,348.8,gicp_d4_i30,3281.4,0.9475,0.2494,0.378,0.285,0.299
4531,1566536387640092244,48.00,264.00,683,228747,11320,53.66,265.70,157.91,0.9479,1,0.3775,0.2902,0.9475,10000,1850,10,0.827,464.3,348.8,ndt_r1_i30,2135.3,0.9476,0.2491,0.167,0.397,0.133
4531,1566536387640092244,48.00,264.00,683,228747,11320,53.66,265.70,157.91,0.9479,1,0.3775,0.2902,0.9475,10000,1850,10,0.827,464.3,348.8,ndt_r2_i30,2068.2,0.9479,0.2475,0.119,0.357,0.082
4531,1566536387640092244,48.00,264.00,683,228747,11320,53.66,265.70,157.91,0.9479,1,0.3775,0.2902,0.9475,10000,1850,10,0.827,464.3,348.8,ndt_r3_i30,2170.0,0.9480,0.2472,0.119,0.378,0.085
4604,1566536394940111957,72.00,264.00,696,273520,11228,82.98,255.64,163.91,0.9489,0,0.4400,1.2239,0.9543,10000,3878,10,0.744,517.3,369.9,none,6.2,0.7292,0.2498,0.744,4.260,0.744
4604,1566536394940111957,72.00,264.00,696,273520,11228,82.98,255.64,163.91,0.9489,0,0.4400,1.2239,0.9543,10000,3878,10,0.744,517.3,369.9,icp_d1_i30,4859.5,0.9516,0.2430,0.204,0.797,0.204
4604,1566536394940111957,72.00,264.00,696,273520,11228,82.98,255.64,163.91,0.9489,0,0.4400,1.2239,0.9543,10000,3878,10,0.744,517.3,369.9,icp_d2_i30,5341.9,0.9539,0.2441,0.201,0.725,0.201
4604,1566536394940111957,72.00,264.00,696,273520,11228,82.98,255.64,163.91,0.9489,0,0.4400,1.2239,0.9543,10000,3878,10,0.744,517.3,369.9,icp_d4_i30,5290.1,0.9536,0.2461,0.373,0.854,0.234
4604,1566536394940111957,72.00,264.00,696,273520,11228,82.98,255.64,163.91,0.9489,0,0.4400,1.2239,0.9543,10000,3878,10,0.744,517.3,369.9,gicp_d1_i30,5558.4,0.9539,0.2463,0.517,1.300,0.220
4604,1566536394940111957,72.00,264.00,696,273520,11228,82.98,255.64,163.91,0.9489,0,0.4400,1.2239,0.9543,10000,3878,10,0.744,517.3,369.9,gicp_d2_i30,5098.2,0.9540,0.2468,0.273,0.879,0.202
4604,1566536394940111957,72.00,264.00,696,273520,11228,82.98,255.64,163.91,0.9489,0,0.4400,1.2239,0.9543,10000,3878,10,0.744,517.3,369.9,gicp_d4_i30,4975.9,0.9544,0.2463,0.407,1.151,0.192
4604,1566536394940111957,72.00,264.00,696,273520,11228,82.98,255.64,163.91,0.9489,0,0.4400,1.2239,0.9543,10000,3878,10,0.744,517.3,369.9,ndt_r1_i30,2166.8,0.9535,0.2475,0.266,1.121,0.266
4604,1566536394940111957,72.00,264.00,696,273520,11228,82.98,255.64,163.91,0.9489,0,0.4400,1.2239,0.9543,10000,3878,10,0.744,517.3,369.9,ndt_r2_i30,2318.0,0.9541,0.2468,0.287,1.152,0.287
4604,1566536394940111957,72.00,264.00,696,273520,11228,82.98,255.64,163.91,0.9489,0,0.4400,1.2239,0.9543,10000,3878,10,0.744,517.3,369.9,ndt_r3_i30,2302.8,0.9541,0.2467,0.275,1.275,0.275
4677,1566536402244751841,96.00,240.00,678,291314,13968,102.67,251.83,172.63,0.9220,1,0.8726,1.4501,0.9475,10000,2744,10,2.695,635.7,470.1,none,7.8,0.7048,0.2504,3.049,9.147,2.695
4677,1566536402244751841,96.00,240.00,678,291314,13968,102.67,251.83,172.63,0.9220,1,0.8726,1.4501,0.9475,10000,2744,10,2.695,635.7,470.1,icp_d1_i30,6797.2,0.7866,0.2460,2.837,7.116,2.319
4677,1566536402244751841,96.00,240.00,678,291314,13968,102.67,251.83,172.63,0.9220,1,0.8726,1.4501,0.9475,10000,2744,10,2.695,635.7,470.1,icp_d2_i30,6618.8,0.8770,0.2484,1.644,2.985,1.629
4677,1566536402244751841,96.00,240.00,678,291314,13968,102.67,251.83,172.63,0.9220,1,0.8726,1.4501,0.9475,10000,2744,10,2.695,635.7,470.1,icp_d4_i30,6441.1,0.9347,0.2476,0.804,3.206,0.804
4677,1566536402244751841,96.00,240.00,678,291314,13968,102.67,251.83,172.63,0.9220,1,0.8726,1.4501,0.9475,10000,2744,10,2.695,635.7,470.1,gicp_d1_i30,5531.6,0.9476,0.2438,0.886,1.383,0.886
4677,1566536402244751841,96.00,240.00,678,291314,13968,102.67,251.83,172.63,0.9220,1,0.8726,1.4501,0.9475,10000,2744,10,2.695,635.7,470.1,gicp_d2_i30,5502.7,0.9476,0.2438,0.870,1.395,0.870
4677,1566536402244751841,96.00,240.00,678,291314,13968,102.67,251.83,172.63,0.9220,1,0.8726,1.4501,0.9475,10000,2744,10,2.695,635.7,470.1,gicp_d4_i30,5458.4,0.9477,0.2421,0.897,1.277,0.860
4677,1566536402244751841,96.00,240.00,678,291314,13968,102.67,251.83,172.63,0.9220,1,0.8726,1.4501,0.9475,10000,2744,10,2.695,635.7,470.1,ndt_r1_i30,2033.6,0.8532,0.2494,1.671,5.407,1.503
4677,1566536402244751841,96.00,240.00,678,291314,13968,102.67,251.83,172.63,0.9220,1,0.8726,1.4501,0.9475,10000,2744,10,2.695,635.7,470.1,ndt_r2_i30,2133.6,0.9404,0.2436,0.619,0.827,0.619
4677,1566536402244751841,96.00,240.00,678,291314,13968,102.67,251.83,172.63,0.9220,1,0.8726,1.4501,0.9475,10000,2744,10,2.695,635.7,470.1,ndt_r3_i30,2333.1,0.9482,0.2444,0.612,1.740,0.397
4750,1566536409540178602,120.00,240.00,667,302018,13288,130.88,249.88,174.12,0.8595,1,1.4012,1.4750,0.9290,10000,2997,10,3.856,757.8,451.7,none,7.8,0.5983,0.2501,6.459,5.501,3.856
4750,1566536409540178602,120.00,240.00,667,302018,13288,130.88,249.88,174.12,0.8595,1,1.4012,1.4750,0.9290,10000,2997,10,3.856,757.8,451.7,icp_d1_i30,6295.2,0.8028,0.2515,2.516,3.543,2.516
4750,1566536409540178602,120.00,240.00,667,302018,13288,130.88,249.88,174.12,0.8595,1,1.4012,1.4750,0.9290,10000,2997,10,3.856,757.8,451.7,icp_d2_i30,6068.8,0.9280,0.2437,1.635,1.158,1.635
4750,1566536409540178602,120.00,240.00,667,302018,13288,130.88,249.88,174.12,0.8595,1,1.4012,1.4750,0.9290,10000,2997,10,3.856,757.8,451.7,icp_d4_i30,6250.0,0.9284,0.2440,1.600,1.176,0.502
4750,1566536409540178602,120.00,240.00,667,302018,13288,130.88,249.88,174.12,0.8595,1,1.4012,1.4750,0.9290,10000,2997,10,3.856,757.8,451.7,gicp_d1_i30,5457.2,0.9290,0.2454,1.412,1.303,1.365
4750,1566536409540178602,120.00,240.00,667,302018,13288,130.88,249.88,174.12,0.8595,1,1.4012,1.4750,0.9290,10000,2997,10,3.856,757.8,451.7,gicp_d2_i30,5469.6,0.9291,0.2464,1.401,1.467,1.369
4750,1566536409540178602,120.00,240.00,667,302018,13288,130.88,249.88,174.12,0.8595,1,1.4012,1.4750,0.9290,10000,2997,10,3.856,757.8,451.7,gicp_d4_i30,5373.9,0.9294,0.2467,1.560,1.316,1.371
4750,1566536409540178602,120.00,240.00,667,302018,13288,130.88,249.88,174.12,0.8595,1,1.4012,1.4750,0.9290,10000,2997,10,3.856,757.8,451.7,ndt_r1_i30,1938.8,0.9121,0.2498,1.751,0.355,1.751
4750,1566536409540178602,120.00,240.00,667,302018,13288,130.88,249.88,174.12,0.8595,1,1.4012,1.4750,0.9290,10000,2997,10,3.856,757.8,451.7,ndt_r2_i30,2262.5,0.9283,0.2457,1.628,0.860,1.628
4750,1566536409540178602,120.00,240.00,667,302018,13288,130.88,249.88,174.12,0.8595,1,1.4012,1.4750,0.9290,10000,2997,10,3.856,757.8,451.7,ndt_r3_i30,2237.5,0.9290,0.2446,1.584,1.017,1.584
4823,1566536416839603235,168.00,240.00,591,282939,14515,158.98,250.32,-176.85,0.8147,1,2.1123,0.5448,0.9732,10000,939,10,1.833,774.0,500.8,none,8.5,0.8097,0.2480,2.105,1.838,1.833
4823,1566536416839603235,168.00,240.00,591,282939,14515,158.98,250.32,-176.85,0.8147,1,2.1123,0.5448,0.9732,10000,939,10,1.833,774.0,500.8,icp_d1_i30,6532.4,0.9728,0.2462,2.020,0.000,1.834
4823,1566536416839603235,168.00,240.00,591,282939,14515,158.98,250.32,-176.85,0.8147,1,2.1123,0.5448,0.9732,10000,939,10,1.833,774.0,500.8,icp_d2_i30,6288.1,0.9753,0.2479,2.095,0.815,1.879
4823,1566536416839603235,168.00,240.00,591,282939,14515,158.98,250.32,-176.85,0.8147,1,2.1123,0.5448,0.9732,10000,939,10,1.833,774.0,500.8,icp_d4_i30,6183.9,0.9751,0.2479,2.100,0.737,1.857
4823,1566536416839603235,168.00,240.00,591,282939,14515,158.98,250.32,-176.85,0.8147,1,2.1123,0.5448,0.9732,10000,939,10,1.833,774.0,500.8,gicp_d1_i30,4535.2,0.9728,0.2473,2.112,0.532,2.111
4823,1566536416839603235,168.00,240.00,591,282939,14515,158.98,250.32,-176.85,0.8147,1,2.1123,0.5448,0.9732,10000,939,10,1.833,774.0,500.8,gicp_d2_i30,4444.1,0.9732,0.2473,2.113,0.568,2.113
4823,1566536416839603235,168.00,240.00,591,282939,14515,158.98,250.32,-176.85,0.8147,1,2.1123,0.5448,0.9732,10000,939,10,1.833,774.0,500.8,gicp_d4_i30,3840.2,0.9732,0.2474,2.112,0.543,2.112
4823,1566536416839603235,168.00,240.00,591,282939,14515,158.98,250.32,-176.85,0.8147,1,2.1123,0.5448,0.9732,10000,939,10,1.833,774.0,500.8,ndt_r1_i30,2159.6,0.9751,0.2476,2.083,0.491,1.870
4823,1566536416839603235,168.00,240.00,591,282939,14515,158.98,250.32,-176.85,0.8147,1,2.1123,0.5448,0.9732,10000,939,10,1.833,774.0,500.8,ndt_r2_i30,2311.0,0.9740,0.2476,2.073,0.519,1.804
4823,1566536416839603235,168.00,240.00,591,282939,14515,158.98,250.32,-176.85,0.8147,1,2.1123,0.5448,0.9732,10000,939,10,1.833,774.0,500.8,ndt_r3_i30,2370.0,0.9741,0.2481,2.076,0.516,1.820
4896,1566536424145309804,192.00,264.00,329,188020,14610,203.04,258.94,-164.19,0.8141,1,1.9114,0.9276,0.9845,10000,717,10,1.594,568.2,418.7,none,7.5,0.9294,0.2512,2.625,1.026,1.594
4896,1566536424145309804,192.00,264.00,329,188020,14610,203.04,258.94,-164.19,0.8141,1,1.9114,0.9276,0.9845,10000,717,10,1.594,568.2,418.7,icp_d1_i30,6053.5,0.9845,0.2450,1.956,0.962,1.353
4896,1566536424145309804,192.00,264.00,329,188020,14610,203.04,258.94,-164.19,0.8141,1,1.9114,0.9276,0.9845,10000,717,10,1.594,568.2,418.7,icp_d2_i30,5885.9,0.9848,0.2453,2.111,1.348,1.727
4896,1566536424145309804,192.00,264.00,329,188020,14610,203.04,258.94,-164.19,0.8141,1,1.9114,0.9276,0.9845,10000,717,10,1.594,568.2,418.7,icp_d4_i30,5864.0,0.9848,0.2449,2.035,1.169,1.278
4896,1566536424145309804,192.00,264.00,329,188020,14610,203.04,258.94,-164.19,0.8141,1,1.9114,0.9276,0.9845,10000,717,10,1.594,568.2,418.7,gicp_d1_i30,3960.1,0.9845,0.2452,1.906,0.918,1.906
4896,1566536424145309804,192.00,264.00,329,188020,14610,203.04,258.94,-164.19,0.8141,1,1.9114,0.9276,0.9845,10000,717,10,1.594,568.2,418.7,gicp_d2_i30,3240.2,0.9845,0.2452,1.911,0.927,1.911
4896,1566536424145309804,192.00,264.00,329,188020,14610,203.04,258.94,-164.19,0.8141,1,1.9114,0.9276,0.9845,10000,717,10,1.594,568.2,418.7,gicp_d4_i30,2796.9,0.9845,0.2452,1.911,0.928,1.911
4896,1566536424145309804,192.00,264.00,329,188020,14610,203.04,258.94,-164.19,0.8141,1,1.9114,0.9276,0.9845,10000,717,10,1.594,568.2,418.7,ndt_r1_i30,2285.9,0.9846,0.2449,1.978,1.020,1.903
4896,1566536424145309804,192.00,264.00,329,188020,14610,203.04,258.94,-164.19,0.8141,1,1.9114,0.9276,0.9845,10000,717,10,1.594,568.2,418.7,ndt_r2_i30,2351.0,0.9845,0.2449,1.931,0.954,1.757
4896,1566536424145309804,192.00,264.00,329,188020,14610,203.04,258.94,-164.19,0.8141,1,1.9114,0.9276,0.9845,10000,717,10,1.594,568.2,418.7,ndt_r3_i30,2364.9,0.9845,0.2450,1.942,0.977,1.496
4969,1566536431440022906,240.00,288.00,363,160559,7009,245.94,280.52,-146.43,0.9358,1,0.9383,1.1096,0.9730,10000,2020,10,1.740,266.0,205.0,none,6.6,0.7269,0.2546,3.080,7.172,1.740
4969,1566536431440022906,240.00,288.00,363,160559,7009,245.94,280.52,-146.43,0.9358,1,0.9383,1.1096,0.9730,10000,2020,10,1.740,266.0,205.0,icp_d1_i30,3120.3,0.9739,0.2472,0.929,1.261,0.907
4969,1566536431440022906,240.00,288.00,363,160559,7009,245.94,280.52,-146.43,0.9358,1,0.9383,1.1096,0.9730,10000,2020,10,1.740,266.0,205.0,icp_d2_i30,3028.6,0.9752,0.2464,0.876,1.106,0.840
4969,1566536431440022906,240.00,288.00,363,160559,7009,245.94,280.52,-146.43,0.9358,1,0.9383,1.1096,0.9730,10000,2020,10,1.740,266.0,205.0,icp_d4_i30,2979.3,0.9756,0.2464,0.874,1.111,0.858
4969,1566536431440022906,240.00,288.00,363,160559,7009,245.94,280.52,-146.43,0.9358,1,0.9383,1.1096,0.9730,10000,2020,10,1.740,266.0,205.0,gicp_d1_i30,4625.0,0.9732,0.2472,0.956,1.127,0.886
4969,1566536431440022906,240.00,288.00,363,160559,7009,245.94,280.52,-146.43,0.9358,1,0.9383,1.1096,0.9730,10000,2020,10,1.740,266.0,205.0,gicp_d2_i30,3807.0,0.9730,0.2472,0.938,1.104,0.938
4969,1566536431440022906,240.00,288.00,363,160559,7009,245.94,280.52,-146.43,0.9358,1,0.9383,1.1096,0.9730,10000,2020,10,1.740,266.0,205.0,gicp_d4_i30,4086.1,0.9733,0.2467,0.941,1.125,0.941
4969,1566536431440022906,240.00,288.00,363,160559,7009,245.94,280.52,-146.43,0.9358,1,0.9383,1.1096,0.9730,10000,2020,10,1.740,266.0,205.0,ndt_r1_i30,1963.0,0.9742,0.2470,0.953,1.044,0.748
4969,1566536431440022906,240.00,288.00,363,160559,7009,245.94,280.52,-146.43,0.9358,1,0.9383,1.1096,0.9730,10000,2020,10,1.740,266.0,205.0,ndt_r2_i30,2058.6,0.9736,0.2475,0.965,1.032,0.608
4969,1566536431440022906,240.00,288.00,363,160559,7009,245.94,280.52,-146.43,0.9358,1,0.9383,1.1096,0.9730,10000,2020,10,1.740,266.0,205.0,ndt_r3_i30,2009.6,0.9740,0.2462,0.977,1.031,0.892
5042,1566536438745444618,288.00,288.00,368,157590,11200,285.97,293.27,175.91,0.9491,1,0.4762,0.6838,0.9504,10000,1409,10,0.787,366.8,312.6,none,6.9,0.7545,0.2520,2.696,1.839,0.787
5042,1566536438745444618,288.00,288.00,368,157590,11200,285.97,293.27,175.91,0.9491,1,0.4762,0.6838,0.9504,10000,1409,10,0.787,366.8,312.6,icp_d1_i30,5259.7,0.9179,0.2484,0.609,2.350,0.471
5042,1566536438745444618,288.00,288.00,368,157590,11200,285.97,293.27,175.91,0.9491,1,0.4762,0.6838,0.9504,10000,1409,10,0.787,366.8,312.6,icp_d2_i30,4959.1,0.9505,0.2495,0.262,0.790,0.262
5042,1566536438745444618,288.00,288.00,368,157590,11200,285.97,293.27,175.91,0.9491,1,0.4762,0.6838,0.9504,10000,1409,10,0.787,366.8,312.6,icp_d4_i30,4437.7,0.9509,0.2497,0.364,0.888,0.364
5042,1566536438745444618,288.00,288.00,368,157590,11200,285.97,293.27,175.91,0.9491,1,0.4762,0.6838,0.9504,10000,1409,10,0.787,366.8,312.6,gicp_d1_i30,4481.6,0.9504,0.2530,0.474,0.713,0.474
5042,1566536438745444618,288.00,288.00,368,157590,11200,285.97,293.27,175.91,0.9491,1,0.4762,0.6838,0.9504,10000,1409,10,0.787,366.8,312.6,gicp_d2_i30,4569.0,0.9504,0.2533,0.476,0.682,0.476
5042,1566536438745444618,288.00,288.00,368,157590,11200,285.97,293.27,175.91,0.9491,1,0.4762,0.6838,0.9504,10000,1409,10,0.787,366.8,312.6,gicp_d4_i30,4223.8,0.9504,0.2533,0.479,0.683,0.478
5042,1566536438745444618,288.00,288.00,368,157590,11200,285.97,293.27,175.91,0.9491,1,0.4762,0.6838,0.9504,10000,1409,10,0.787,366.8,312.6,ndt_r1_i30,1945.6,0.9506,0.2531,0.503,0.765,0.304
5042,1566536438745444618,288.00,288.00,368,157590,11200,285.97,293.27,175.91,0.9491,1,0.4762,0.6838,0.9504,10000,1409,10,0.787,366.8,312.6,ndt_r2_i30,2230.1,0.9504,0.2534,0.495,0.692,0.430
5042,1566536438745444618,288.00,288.00,368,157590,11200,285.97,293.27,175.91,0.9491,1,0.4762,0.6838,0.9504,10000,1409,10,0.787,366.8,312.6,ndt_r3_i30,2124.8,0.9505,0.2527,0.542,0.678,0.501
5115,1566536446040042155,312.00,264.00,393,175180,10306,317.36,267.03,123.69,0.9584,1,0.8387,0.9490,0.9934,10000,2405,10,1.229,415.3,288.6,none,9.7,0.7731,0.2536,2.704,2.534,1.229
5115,1566536446040042155,312.00,264.00,393,175180,10306,317.36,267.03,123.69,0.9584,1,0.8387,0.9490,0.9934,10000,2405,10,1.229,415.3,288.6,icp_d1_i30,4272.4,0.9903,0.2471,1.070,1.331,0.962
5115,1566536446040042155,312.00,264.00,393,175180,10306,317.36,267.03,123.69,0.9584,1,0.8387,0.9490,0.9934,10000,2405,10,1.229,415.3,288.6,icp_d2_i30,4585.6,0.9929,0.2489,0.857,1.024,0.435
5115,1566536446040042155,312.00,264.00,393,175180,10306,317.36,267.03,123.69,0.9584,1,0.8387,0.9490,0.9934,10000,2405,10,1.229,415.3,288.6,icp_d4_i30,4250.5,0.9942,0.2427,0.762,1.025,0.517
5115,1566536446040042155,312.00,264.00,393,175180,10306,317.36,267.03,123.69,0.9584,1,0.8387,0.9490,0.9934,10000,2405,10,1.229,415.3,288.6,gicp_d1_i30,3731.0,0.9933,0.2481,0.843,0.948,0.843
5115,1566536446040042155,312.00,264.00,393,175180,10306,317.36,267.03,123.69,0.9584,1,0.8387,0.9490,0.9934,10000,2405,10,1.229,415.3,288.6,gicp_d2_i30,3771.4,0.9934,0.2477,0.839,0.950,0.839
5115,1566536446040042155,312.00,264.00,393,175180,10306,317.36,267.03,123.69,0.9584,1,0.8387,0.9490,0.9934,10000,2405,10,1.229,415.3,288.6,gicp_d4_i30,3116.6,0.9934,0.2477,0.838,0.947,0.837
5115,1566536446040042155,312.00,264.00,393,175180,10306,317.36,267.03,123.69,0.9584,1,0.8387,0.9490,0.9934,10000,2405,10,1.229,415.3,288.6,ndt_r1_i30,1994.5,0.9927,0.2485,0.801,0.928,0.605
5115,1566536446040042155,312.00,264.00,393,175180,10306,317.36,267.03,123.69,0.9584,1,0.8387,0.9490,0.9934,10000,2405,10,1.229,415.3,288.6,ndt_r2_i30,2138.5,0.9928,0.2483,0.882,1.034,0.431
5115,1566536446040042155,312.00,264.00,393,175180,10306,317.36,267.03,123.69,0.9584,1,0.8387,0.9490,0.9934,10000,2405,10,1.229,415.3,288.6,ndt_r3_i30,2327.9,0.9930,0.2483,0.874,1.001,0.425
5188,1566536453342721401,336.00,216.00,379,172073,8401,345.46,223.97,122.87,0.9846,1,0.9959,0.4601,0.9906,10000,5243,10,0.847,360.6,265.6,none,5.5,0.7487,0.2560,8.115,7.941,0.847
5188,1566536453342721401,336.00,216.00,379,172073,8401,345.46,223.97,122.87,0.9846,1,0.9959,0.4601,0.9906,10000,5243,10,0.847,360.6,265.6,icp_d1_i30,3196.7,0.9857,0.2461,1.893,1.453,0.679
5188,1566536453342721401,336.00,216.00,379,172073,8401,345.46,223.97,122.87,0.9846,1,0.9959,0.4601,0.9906,10000,5243,10,0.847,360.6,265.6,icp_d2_i30,3464.8,0.9895,0.2473,1.593,1.147,0.610
5188,1566536453342721401,336.00,216.00,379,172073,8401,345.46,223.97,122.87,0.9846,1,0.9959,0.4601,0.9906,10000,5243,10,0.847,360.6,265.6,icp_d4_i30,3443.8,0.9906,0.2472,1.516,1.047,0.620
5188,1566536453342721401,336.00,216.00,379,172073,8401,345.46,223.97,122.87,0.9846,1,0.9959,0.4601,0.9906,10000,5243,10,0.847,360.6,265.6,gicp_d1_i30,4812.8,0.9907,0.2468,0.969,0.993,0.844
5188,1566536453342721401,336.00,216.00,379,172073,8401,345.46,223.97,122.87,0.9846,1,0.9959,0.4601,0.9906,10000,5243,10,0.847,360.6,265.6,gicp_d2_i30,5390.0,0.9907,0.2474,0.796,0.891,0.796
5188,1566536453342721401,336.00,216.00,379,172073,8401,345.46,223.97,122.87,0.9846,1,0.9959,0.4601,0.9906,10000,5243,10,0.847,360.6,265.6,gicp_d4_i30,5324.9,0.9906,0.2468,1.001,0.488,0.737
5188,1566536453342721401,336.00,216.00,379,172073,8401,345.46,223.97,122.87,0.9846,1,0.9959,0.4601,0.9906,10000,5243,10,0.847,360.6,265.6,ndt_r1_i30,1972.1,0.9904,0.2511,1.105,0.658,0.739
5188,1566536453342721401,336.00,216.00,379,172073,8401,345.46,223.97,122.87,0.9846,1,0.9959,0.4601,0.9906,10000,5243,10,0.847,360.6,265.6,ndt_r2_i30,2116.0,0.9906,0.2491,1.058,0.519,0.701
5188,1566536453342721401,336.00,216.00,379,172073,8401,345.46,223.97,122.87,0.9846,1,0.9959,0.4601,0.9906,10000,5243,10,0.847,360.6,265.6,ndt_r3_i30,2053.1,0.9908,0.2528,0.856,0.618,0.856
5261,1566536460646590877,360.00,192.00,418,212491,10251,360.05,201.10,122.58,0.9370,1,1.0330,0.3239,0.9872,10000,2520,10,6.197,371.2,328.0,none,6.3,0.5994,0.2495,29.324,175.697,6.197
5261,1566536460646590877,360.00,192.00,418,212491,10251,360.05,201.10,122.58,0.9370,1,1.0330,0.3239,0.9872,10000,2520,10,6.197,371.2,328.0,icp_d1_i30,4173.6,0.6092,0.2492,35.379,165.515,5.955
5261,1566536460646590877,360.00,192.00,418,212491,10251,360.05,201.10,122.58,0.9370,1,1.0330,0.3239,0.9872,10000,2520,10,6.197,371.2,328.0,icp_d2_i30,4563.0,0.6399,0.2495,35.339,165.082,4.893
5261,1566536460646590877,360.00,192.00,418,212491,10251,360.05,201.10,122.58,0.9370,1,1.0330,0.3239,0.9872,10000,2520,10,6.197,371.2,328.0,icp_d4_i30,4443.4,0.6555,0.2471,3.870,4.234,3.870
5261,1566536460646590877,360.00,192.00,418,212491,10251,360.05,201.10,122.58,0.9370,1,1.0330,0.3239,0.9872,10000,2520,10,6.197,371.2,328.0,gicp_d1_i30,4932.1,0.6495,0.2484,2.896,7.780,2.896
5261,1566536460646590877,360.00,192.00,418,212491,10251,360.05,201.10,122.58,0.9370,1,1.0330,0.3239,0.9872,10000,2520,10,6.197,371.2,328.0,gicp_d2_i30,5138.3,0.9874,0.2446,1.017,0.351,1.017
5261,1566536460646590877,360.00,192.00,418,212491,10251,360.05,201.10,122.58,0.9370,1,1.0330,0.3239,0.9872,10000,2520,10,6.197,371.2,328.0,gicp_d4_i30,5325.8,0.9872,0.2447,1.033,0.318,1.033
5261,1566536460646590877,360.00,192.00,418,212491,10251,360.05,201.10,122.58,0.9370,1,1.0330,0.3239,0.9872,10000,2520,10,6.197,371.2,328.0,ndt_r1_i30,1866.9,0.6226,0.2496,4.798,10.311,4.798
5261,1566536460646590877,360.00,192.00,418,212491,10251,360.05,201.10,122.58,0.9370,1,1.0330,0.3239,0.9872,10000,2520,10,6.197,371.2,328.0,ndt_r2_i30,2067.8,0.6407,0.2494,4.132,9.387,4.132
5261,1566536460646590877,360.00,192.00,418,212491,10251,360.05,201.10,122.58,0.9370,1,1.0330,0.3239,0.9872,10000,2520,10,6.197,371.2,328.0,ndt_r3_i30,1947.2,0.6514,0.2468,4.420,9.740,4.420
5334,1566536467939217067,360.00,192.00,418,212491,8573,370.43,184.73,121.95,0.9659,0,0.8994,0.2802,0.9717,10000,3136,10,8.988,390.5,284.9,none,6.0,0.6139,0.2435,25.160,52.131,8.988
5334,1566536467939217067,360.00,192.00,418,212491,8573,370.43,184.73,121.95,0.9659,0,0.8994,0.2802,0.9717,10000,3136,10,8.988,390.5,284.9,icp_d1_i30,3734.4,0.6384,0.2444,8.411,5.252,8.411
5334,1566536467939217067,360.00,192.00,418,212491,8573,370.43,184.73,121.95,0.9659,0,0.8994,0.2802,0.9717,10000,3136,10,8.988,390.5,284.9,icp_d2_i30,3536.1,0.6698,0.2435,32.115,58.702,8.200
5334,1566536467939217067,360.00,192.00,418,212491,8573,370.43,184.73,121.95,0.9659,0,0.8994,0.2802,0.9717,10000,3136,10,8.988,390.5,284.9,icp_d4_i30,3842.6,0.6291,0.2493,31.806,59.289,7.853
5334,1566536467939217067,360.00,192.00,418,212491,8573,370.43,184.73,121.95,0.9659,0,0.8994,0.2802,0.9717,10000,3136,10,8.988,390.5,284.9,gicp_d1_i30,4812.7,0.6566,0.2462,7.085,4.322,7.085
5334,1566536467939217067,360.00,192.00,418,212491,8573,370.43,184.73,121.95,0.9659,0,0.8994,0.2802,0.9717,10000,3136,10,8.988,390.5,284.9,gicp_d2_i30,4728.9,0.6676,0.2435,6.657,4.449,6.657
5334,1566536467939217067,360.00,192.00,418,212491,8573,370.43,184.73,121.95,0.9659,0,0.8994,0.2802,0.9717,10000,3136,10,8.988,390.5,284.9,gicp_d4_i30,5349.1,0.6727,0.2441,6.230,4.358,6.230
5334,1566536467939217067,360.00,192.00,418,212491,8573,370.43,184.73,121.95,0.9659,0,0.8994,0.2802,0.9717,10000,3136,10,8.988,390.5,284.9,ndt_r1_i30,1990.8,0.6332,0.2498,7.423,4.327,7.423
5334,1566536467939217067,360.00,192.00,418,212491,8573,370.43,184.73,121.95,0.9659,0,0.8994,0.2802,0.9717,10000,3136,10,8.988,390.5,284.9,ndt_r2_i30,1902.7,0.6762,0.2467,5.972,3.842,5.972
5334,1566536467939217067,360.00,192.00,418,212491,8573,370.43,184.73,121.95,0.9659,0,0.8994,0.2802,0.9717,10000,3136,10,8.988,390.5,284.9,ndt_r3_i30,2082.8,0.6788,0.2428,5.866,4.195,5.866
5407,1566536475239296031,384.00,168.00,410,217597,10801,387.36,157.50,121.52,0.9669,0,0.6793,0.5098,0.9732,10000,3213,10,5.517,512.3,337.4,none,8.7,0.6621,0.2452,36.838,24.321,5.517
5407,1566536475239296031,384.00,168.00,410,217597,10801,387.36,157.50,121.52,0.9669,0,0.6793,0.5098,0.9732,10000,3213,10,5.517,512.3,337.4,icp_d1_i30,4299.4,0.6945,0.2390,12.472,1.590,5.422
5407,1566536475239296031,384.00,168.00,410,217597,10801,387.36,157.50,121.52,0.9669,0,0.6793,0.5098,0.9732,10000,3213,10,5.517,512.3,337.4,icp_d2_i30,4754.5,0.7058,0.2564,12.958,1.598,5.844
5407,1566536475239296031,384.00,168.00,410,217597,10801,387.36,157.50,121.52,0.9669,0,0.6793,0.5098,0.9732,10000,3213,10,5.517,512.3,337.4,icp_d4_i30,4862.7,0.6902,0.2502,43.830,26.988,6.663
5407,1566536475239296031,384.00,168.00,410,217597,10801,387.36,157.50,121.52,0.9669,0,0.6793,0.5098,0.9732,10000,3213,10,5.517,512.3,337.4,gicp_d1_i30,5006.0,0.6903,0.2377,22.086,3.909,4.220
5407,1566536475239296031,384.00,168.00,410,217597,10801,387.36,157.50,121.52,0.9669,0,0.6793,0.5098,0.9732,10000,3213,10,5.517,512.3,337.4,gicp_d2_i30,5387.2,0.6939,0.2418,32.895,163.010,4.586
5407,1566536475239296031,384.00,168.00,410,217597,10801,387.36,157.50,121.52,0.9669,0,0.6793,0.5098,0.9732,10000,3213,10,5.517,512.3,337.4,gicp_d4_i30,5187.9,0.6982,0.2505,39.219,5.326,6.206
5407,1566536475239296031,384.00,168.00,410,217597,10801,387.36,157.50,121.52,0.9669,0,0.6793,0.5098,0.9732,10000,3213,10,5.517,512.3,337.4,ndt_r1_i30,1718.1,0.6723,0.2606,12.455,1.324,4.520
5407,1566536475239296031,384.00,168.00,410,217597,10801,387.36,157.50,121.52,0.9669,0,0.6793,0.5098,0.9732,10000,3213,10,5.517,512.3,337.4,ndt_r2_i30,2056.5,0.6952,0.2391,12.881,0.964,4.282
5407,1566536475239296031,384.00,168.00,410,217597,10801,387.36,157.50,121.52,0.9669,0,0.6793,0.5098,0.9732,10000,3213,10,5.517,512.3,337.4,ndt_r3_i30,2112.4,0.7014,0.2387,13.443,0.859,3.391
5480,1566536482539084456,408.00,120.00,339,151452,5802,417.88,109.05,123.26,0.9702,1,0.4521,0.1417,0.9704,10000,4183,10,0.753,231.2,183.6,none,3.3,0.9593,0.2502,0.753,3.231,0.753
5480,1566536482539084456,408.00,120.00,339,151452,5802,417.88,109.05,123.26,0.9702,1,0.4521,0.1417,0.9704,10000,4183,10,0.753,231.2,183.6,icp_d1_i30,2363.1,0.9704,0.2465,0.454,0.055,0.310
5480,1566536482539084456,408.00,120.00,339,151452,5802,417.88,109.05,123.26,0.9702,1,0.4521,0.1417,0.9704,10000,4183,10,0.753,231.2,183.6,icp_d2_i30,2329.8,0.9704,0.2465,0.453,0.045,0.401
5480,1566536482539084456,408.00,120.00,339,151452,5802,417.88,109.05,123.26,0.9702,1,0.4521,0.1417,0.9704,10000,4183,10,0.753,231.2,183.6,icp_d4_i30,2333.6,0.9704,0.2463,0.432,0.080,0.401
5480,1566536482539084456,408.00,120.00,339,151452,5802,417.88,109.05,123.26,0.9702,1,0.4521,0.1417,0.9704,10000,4183,10,0.753,231.2,183.6,gicp_d1_i30,4051.9,0.9704,0.2465,0.453,0.149,0.453
5480,1566536482539084456,408.00,120.00,339,151452,5802,417.88,109.05,123.26,0.9702,1,0.4521,0.1417,0.9704,10000,4183,10,0.753,231.2,183.6,gicp_d2_i30,4933.7,0.9704,0.2465,0.452,0.144,0.452
5480,1566536482539084456,408.00,120.00,339,151452,5802,417.88,109.05,123.26,0.9702,1,0.4521,0.1417,0.9704,10000,4183,10,0.753,231.2,183.6,gicp_d4_i30,4094.5,0.9704,0.2465,0.452,0.144,0.452
5480,1566536482539084456,408.00,120.00,339,151452,5802,417.88,109.05,123.26,0.9702,1,0.4521,0.1417,0.9704,10000,4183,10,0.753,231.2,183.6,ndt_r1_i30,1845.3,0.9704,0.2473,0.507,0.099,0.436
5480,1566536482539084456,408.00,120.00,339,151452,5802,417.88,109.05,123.26,0.9702,1,0.4521,0.1417,0.9704,10000,4183,10,0.753,231.2,183.6,ndt_r2_i30,2048.6,0.9704,0.2484,0.501,0.156,0.501
5480,1566536482539084456,408.00,120.00,339,151452,5802,417.88,109.05,123.26,0.9702,1,0.4521,0.1417,0.9704,10000,4183,10,0.753,231.2,183.6,ndt_r3_i30,1906.5,0.9702,0.2521,0.467,0.519,0.467
5553,1566536489839656962,456.00,48.00,429,137405,6498,452.76,54.17,122.33,0.9738,1,0.3370,0.3470,0.9731,10000,1636,10,3.419,203.5,186.0,none,6.8,0.6553,0.2423,56.689,7.782,3.419
5553,1566536489839656962,456.00,48.00,429,137405,6498,452.76,54.17,122.33,0.9738,1,0.3370,0.3470,0.9731,10000,1636,10,3.419,203.5,186.0,icp_d1_i30,2896.1,0.8873,0.2397,1.631,1.956,1.631
5553,1566536489839656962,456.00,48.00,429,137405,6498,452.76,54.17,122.33,0.9738,1,0.3370,0.3470,0.9731,10000,1636,10,3.419,203.5,186.0,icp_d2_i30,2968.1,0.9725,0.2408,0.554,0.849,0.554
5553,1566536489839656962,456.00,48.00,429,137405,6498,452.76,54.17,122.33,0.9738,1,0.3370,0.3470,0.9731,10000,1636,10,3.419,203.5,186.0,icp_d4_i30,2944.8,0.9729,0.2416,0.474,0.704,0.474
5553,1566536489839656962,456.00,48.00,429,137405,6498,452.76,54.17,122.33,0.9738,1,0.3370,0.3470,0.9731,10000,1636,10,3.419,203.5,186.0,gicp_d1_i30,4662.0,0.9731,0.2421,0.338,0.294,0.338
5553,1566536489839656962,456.00,48.00,429,137405,6498,452.76,54.17,122.33,0.9738,1,0.3370,0.3470,0.9731,10000,1636,10,3.419,203.5,186.0,gicp_d2_i30,4683.0,0.9731,0.2423,0.337,0.345,0.337
5553,1566536489839656962,456.00,48.00,429,137405,6498,452.76,54.17,122.33,0.9738,1,0.3370,0.3470,0.9731,10000,1636,10,3.419,203.5,186.0,gicp_d4_i30,5011.3,0.9731,0.2423,0.337,0.345,0.337
5553,1566536489839656962,456.00,48.00,429,137405,6498,452.76,54.17,122.33,0.9738,1,0.3370,0.3470,0.9731,10000,1636,10,3.419,203.5,186.0,ndt_r1_i30,1852.6,0.9578,0.2465,0.766,1.892,0.766
5553,1566536489839656962,456.00,48.00,429,137405,6498,452.76,54.17,122.33,0.9738,1,0.3370,0.3470,0.9731,10000,1636,10,3.419,203.5,186.0,ndt_r2_i30,1991.9,0.9581,0.2446,0.956,1.634,0.956
5553,1566536489839656962,456.00,48.00,429,137405,6498,452.76,54.17,122.33,0.9738,1,0.3370,0.3470,0.9731,10000,1636,10,3.419,203.5,186.0,ndt_r3_i30,2175.8,0.9666,0.2437,0.817,1.240,0.817
5626,1566536497139105675,480.00,24.00,511,211274,6845,478.36,12.01,117.12,0.9791,1,0.2872,0.8724,0.9797,10000,2465,10,1.305,293.2,208.5,none,4.1,0.7835,0.2470,1.972,10.052,1.305
5626,1566536497139105675,480.00,24.00,511,211274,6845,478.36,12.01,117.12,0.9791,1,0.2872,0.8724,0.9797,10000,2465,10,1.305,293.2,208.5,icp_d1_i30,3261.7,0.9321,0.2457,1.009,4.944,0.814
5626,1566536497139105675,480.00,24.00,511,211274,6845,478.36,12.01,117.12,0.9791,1,0.2872,0.8724,0.9797,10000,2465,10,1.305,293.2,208.5,icp_d2_i30,3191.8,0.9779,0.2433,0.695,2.658,0.402
5626,1566536497139105675,480.00,24.00,511,211274,6845,478.36,12.01,117.12,0.9791,1,0.2872,0.8724,0.9797,10000,2465,10,1.305,293.2,208.5,icp_d4_i30,2961.3,0.9800,0.2421,0.645,2.323,0.491
5626,1566536497139105675,480.00,24.00,511,211274,6845,478.36,12.01,117.12,0.9791,1,0.2872,0.8724,0.9797,10000,2465,10,1.305,293.2,208.5,gicp_d1_i30,5091.9,0.9804,0.2484,0.451,0.732,0.339
5626,1566536497139105675,480.00,24.00,511,211274,6845,478.36,12.01,117.12,0.9791,1,0.2872,0.8724,0.9797,10000,2465,10,1.305,293.2,208.5,gicp_d2_i30,5128.1,0.9800,0.2495,0.290,0.890,0.281
5626,1566536497139105675,480.00,24.00,511,211274,6845,478.36,12.01,117.12,0.9791,1,0.2872,0.8724,0.9797,10000,2465,10,1.305,293.2,208.5,gicp_d4_i30,4603.9,0.9798,0.2495,0.286,0.884,0.120
5626,1566536497139105675,480.00,24.00,511,211274,6845,478.36,12.01,117.12,0.9791,1,0.2872,0.8724,0.9797,10000,2465,10,1.305,293.2,208.5,ndt_r1_i30,1851.5,0.9791,0.2502,0.247,1.454,0.247
5626,1566536497139105675,480.00,24.00,511,211274,6845,478.36,12.01,117.12,0.9791,1,0.2872,0.8724,0.9797,10000,2465,10,1.305,293.2,208.5,ndt_r2_i30,2098.4,0.9798,0.2499,0.229,1.206,0.221
5626,1566536497139105675,480.00,24.00,511,211274,6845,478.36,12.01,117.12,0.9791,1,0.2872,0.8724,0.9797,10000,2465,10,1.305,293.2,208.5,ndt_r3_i30,2075.4,0.9807,0.2467,0.173,1.405,0.173
5699,1566536504446557814,480.00,-48.00,375,167958,9933,481.53,-44.46,75.19,0.9385,1,1.1794,0.4905,0.9931,10000,3458,10,2.278,460.9,299.5,none,5.3,0.8105,0.2511,3.300,5.481,2.278
5699,1566536504446557814,480.00,-48.00,375,167958,9933,481.53,-44.46,75.19,0.9385,1,1.1794,0.4905,0.9931,10000,3458,10,2.278,460.9,299.5,icp_d1_i30,4034.3,0.9405,0.2461,2.377,2.480,0.411
5699,1566536504446557814,480.00,-48.00,375,167958,9933,481.53,-44.46,75.19,0.9385,1,1.1794,0.4905,0.9931,10000,3458,10,2.278,460.9,299.5,icp_d2_i30,4034.7,0.9939,0.2459,1.016,0.914,1.016
5699,1566536504446557814,480.00,-48.00,375,167958,9933,481.53,-44.46,75.19,0.9385,1,1.1794,0.4905,0.9931,10000,3458,10,2.278,460.9,299.5,icp_d4_i30,4030.8,0.9940,0.2466,1.073,0.756,1.073
5699,1566536504446557814,480.00,-48.00,375,167958,9933,481.53,-44.46,75.19,0.9385,1,1.1794,0.4905,0.9931,10000,3458,10,2.278,460.9,299.5,gicp_d1_i30,4796.6,0.9932,0.2446,1.161,0.450,1.161
5699,1566536504446557814,480.00,-48.00,375,167958,9933,481.53,-44.46,75.19,0.9385,1,1.1794,0.4905,0.9931,10000,3458,10,2.278,460.9,299.5,gicp_d2_i30,4381.6,0.9931,0.2454,1.179,0.492,1.179
5699,1566536504446557814,480.00,-48.00,375,167958,9933,481.53,-44.46,75.19,0.9385,1,1.1794,0.4905,0.9931,10000,3458,10,2.278,460.9,299.5,gicp_d4_i30,4388.5,0.9931,0.2454,1.179,0.491,1.179
5699,1566536504446557814,480.00,-48.00,375,167958,9933,481.53,-44.46,75.19,0.9385,1,1.1794,0.4905,0.9931,10000,3458,10,2.278,460.9,299.5,ndt_r1_i30,2070.9,0.9932,0.2455,1.057,1.031,1.057
5699,1566536504446557814,480.00,-48.00,375,167958,9933,481.53,-44.46,75.19,0.9385,1,1.1794,0.4905,0.9931,10000,3458,10,2.278,460.9,299.5,ndt_r2_i30,2242.1,0.9929,0.2447,1.197,0.542,0.822
5699,1566536504446557814,480.00,-48.00,375,167958,9933,481.53,-44.46,75.19,0.9385,1,1.1794,0.4905,0.9931,10000,3458,10,2.278,460.9,299.5,ndt_r3_i30,2056.5,0.9932,0.2444,1.215,0.776,0.976
5772,1566536511743167713,456.00,-96.00,320,178768,10745,450.82,-92.06,40.40,0.9723,1,0.1820,1.8602,0.9879,10000,3823,10,1.457,469.9,327.9,none,6.8,0.8214,0.2467,1.457,5.922,1.457
5772,1566536511743167713,456.00,-96.00,320,178768,10745,450.82,-92.06,40.40,0.9723,1,0.1820,1.8602,0.9879,10000,3823,10,1.457,469.9,327.9,icp_d1_i30,4348.7,0.9878,0.2434,0.172,2.115,0.172
5772,1566536511743167713,456.00,-96.00,320,178768,10745,450.82,-92.06,40.40,0.9723,1,0.1820,1.8602,0.9879,10000,3823,10,1.457,469.9,327.9,icp_d2_i30,4223.7,0.9894,0.2433,0.338,1.533,0.200
5772,1566536511743167713,456.00,-96.00,320,178768,10745,450.82,-92.06,40.40,0.9723,1,0.1820,1.8602,0.9879,10000,3823,10,1.457,469.9,327.9,icp_d4_i30,4164.8,0.9890,0.2434,0.264,1.687,0.189
5772,1566536511743167713,456.00,-96.00,320,178768,10745,450.82,-92.06,40.40,0.9723,1,0.1820,1.8602,0.9879,10000,3823,10,1.457,469.9,327.9,gicp_d1_i30,5450.8,0.9879,0.2441,0.149,1.767,0.149
5772,1566536511743167713,456.00,-96.00,320,178768,10745,450.82,-92.06,40.40,0.9723,1,0.1820,1.8602,0.9879,10000,3823,10,1.457,469.9,327.9,gicp_d2_i30,4805.4,0.9879,0.2440,0.177,1.863,0.177
5772,1566536511743167713,456.00,-96.00,320,178768,10745,450.82,-92.06,40.40,0.9723,1,0.1820,1.8602,0.9879,10000,3823,10,1.457,469.9,327.9,gicp_d4_i30,4142.3,0.9880,0.2440,0.169,1.852,0.169
5772,1566536511743167713,456.00,-96.00,320,178768,10745,450.82,-92.06,40.40,0.9723,1,0.1820,1.8602,0.9879,10000,3823,10,1.457,469.9,327.9,ndt_r1_i30,2249.4,0.9874,0.2492,0.209,1.886,0.207
5772,1566536511743167713,456.00,-96.00,320,178768,10745,450.82,-92.06,40.40,0.9723,1,0.1820,1.8602,0.9879,10000,3823,10,1.457,469.9,327.9,ndt_r2_i30,2120.9,0.9876,0.2466,0.230,1.785,0.188
5772,1566536511743167713,456.00,-96.00,320,178768,10745,450.82,-92.06,40.40,0.9723,1,0.1820,1.8602,0.9879,10000,3823,10,1.457,469.9,327.9,ndt_r3_i30,2393.0,0.9890,0.2453,0.292,1.872,0.291
5845,1566536519039107172,408.00,-120.00,324,194269,12483,414.71,-116.93,33.30,0.9244,1,1.1674,0.9785,0.9875,10000,2734,10,1.741,561.5,400.3,none,6.4,0.9010,0.2455,1.741,1.384,1.741
5845,1566536519039107172,408.00,-120.00,324,194269,12483,414.71,-116.93,33.30,0.9244,1,1.1674,0.9785,0.9875,10000,2734,10,1.741,561.5,400.3,icp_d1_i30,4584.4,0.9877,0.2517,1.143,0.951,1.143
5845,1566536519039107172,408.00,-120.00,324,194269,12483,414.71,-116.93,33.30,0.9244,1,1.1674,0.9785,0.9875,10000,2734,10,1.741,561.5,400.3,icp_d2_i30,4906.8,0.9878,0.2502,1.142,0.934,1.142
5845,1566536519039107172,408.00,-120.00,324,194269,12483,414.71,-116.93,33.30,0.9244,1,1.1674,0.9785,0.9875,10000,2734,10,1.741,561.5,400.3,icp_d4_i30,4870.6,0.9878,0.2500,1.140,0.927,1.140
5845,1566536519039107172,408.00,-120.00,324,194269,12483,414.71,-116.93,33.30,0.9244,1,1.1674,0.9785,0.9875,10000,2734,10,1.741,561.5,400.3,gicp_d1_i30,5268.3,0.9879,0.2534,1.164,0.956,1.161
5845,1566536519039107172,408.00,-120.00,324,194269,12483,414.71,-116.93,33.30,0.9244,1,1.1674,0.9785,0.9875,10000,2734,10,1.741,561.5,400.3,gicp_d2_i30,4943.4,0.9877,0.2528,1.169,0.983,1.169
5845,1566536519039107172,408.00,-120.00,324,194269,12483,414.71,-116.93,33.30,0.9244,1,1.1674,0.9785,0.9875,10000,2734,10,1.741,561.5,400.3,gicp_d4_i30,4501.5,0.9877,0.2538,1.227,1.083,1.167
5845,1566536519039107172,408.00,-120.00,324,194269,12483,414.71,-116.93,33.30,0.9244,1,1.1674,0.9785,0.9875,10000,2734,10,1.741,561.5,400.3,ndt_r1_i30,1827.1,0.9869,0.2533,1.114,1.028,1.108
5845,1566536519039107172,408.00,-120.00,324,194269,12483,414.71,-116.93,33.30,0.9244,1,1.1674,0.9785,0.9875,10000,2734,10,1.741,561.5,400.3,ndt_r2_i30,2213.3,0.9871,0.2525,1.111,0.963,1.111
5845,1566536519039107172,408.00,-120.00,324,194269,12483,414.71,-116.93,33.30,0.9244,1,1.1674,0.9785,0.9875,10000,2734,10,1.741,561.5,400.3,ndt_r3_i30,2311.8,0.9873,0.2515,1.095,0.945,1.095
5918,1566536526338288661,360.00,-144.00,420,235958,12742,358.61,-152.51,32.56,0.9504,0,1.2564,0.4631,0.9779,10000,2674,10,1.058,699.8,404.1,none,6.9,0.7805,0.2450,1.415,7.070,1.058
5918,1566536526338288661,360.00,-144.00,420,235958,12742,358.61,-152.51,32.56,0.9504,0,1.2564,0.4631,0.9779,10000,2674,10,1.058,699.8,404.1,icp_d1_i30,5275.9,0.8652,0.2509,0.800,5.154,0.800
5918,1566536526338288661,360.00,-144.00,420,235958,12742,358.61,-152.51,32.56,0.9504,0,1.2564,0.4631,0.9779,10000,2674,10,1.058,699.8,404.1,icp_d2_i30,5185.8,0.9252,0.2480,0.695,3.105,0.695
5918,1566536526338288661,360.00,-144.00,420,235958,12742,358.61,-152.51,32.56,0.9504,0,1.2564,0.4631,0.9779,10000,2674,10,1.058,699.8,404.1,icp_d4_i30,5151.3,0.9506,0.2493,0.714,2.303,0.714
5918,1566536526338288661,360.00,-144.00,420,235958,12742,358.61,-152.51,32.56,0.9504,0,1.2564,0.4631,0.9779,10000,2674,10,1.058,699.8,404.1,gicp_d1_i30,5284.2,0.9776,0.2499,1.264,0.467,1.230
5918,1566536526338288661,360.00,-144.00,420,235958,12742,358.61,-152.51,32.56,0.9504,0,1.2564,0.4631,0.9779,10000,2674,10,1.058,699.8,404.1,gicp_d2_i30,5428.2,0.9789,0.2491,1.131,0.490,1.131
5918,1566536526338288661,360.00,-144.00,420,235958,12742,358.61,-152.51,32.56,0.9504,0,1.2564,0.4631,0.9779,10000,2674,10,1.058,699.8,404.1,gicp_d4_i30,5420.1,0.9785,0.2498,1.213,0.437,1.205
5918,1566536526338288661,360.00,-144.00,420,235958,12742,358.61,-152.51,32.56,0.9504,0,1.2564,0.4631,0.9779,10000,2674,10,1.058,699.8,404.1,ndt_r1_i30,2053.4,0.9703,0.2532,0.967,1.499,0.967
5918,1566536526338288661,360.00,-144.00,420,235958,12742,358.61,-152.51,32.56,0.9504,0,1.2564,0.4631,0.9779,10000,2674,10,1.058,699.8,404.1,ndt_r2_i30,2060.1,0.9786,0.2508,1.189,0.558,1.175
5918,1566536526338288661,360.00,-144.00,420,235958,12742,358.61,-152.51,32.56,0.9504,0,1.2564,0.4631,0.9779,10000,2674,10,1.058,699.8,404.1,ndt_r3_i30,2292.1,0.9786,0.2508,1.133,0.550,1.126
5991,1566536533642614377,312.00,-168.00,421,272319,13306,320.67,-170.35,-8.03,0.9588,0,0.9821,1.2608,0.9781,10000,2269,10,3.430,849.4,439.8,none,15.0,0.7279,0.2499,3.856,5.127,3.430
5991,1566536533642614377,312.00,-168.00,421,272319,13306,320.67,-170.35,-8.03,0.9588,0,0.9821,1.2608,0.9781,10000,2269,10,3.430,849.4,439.8,icp_d1_i30,5817.5,0.8999,0.2517,2.483,3.030,2.483
5991,1566536533642614377,312.00,-168.00,421,272319,13306,320.67,-170.35,-8.03,0.9588,0,0.9821,1.2608,0.9781,10000,2269,10,3.430,849.4,439.8,icp_d2_i30,5951.3,0.9770,0.2372,0.974,0.749,0.974
5991,1566536533642614377,312.00,-168.00,421,272319,13306,320.67,-170.35,-8.03,0.9588,0,0.9821,1.2608,0.9781,10000,2269,10,3.430,849.4,439.8,icp_d4_i30,6001.8,0.9776,0.2380,0.987,0.778,0.987
5991,1566536533642614377,312.00,-168.00,421,272319,13306,320.67,-170.35,-8.03,0.9588,0,0.9821,1.2608,0.9781,10000,2269,10,3.430,849.4,439.8,gicp_d1_i30,5251.1,0.9780,0.2387,0.976,1.261,0.976
5991,1566536533642614377,312.00,-168.00,421,272319,13306,320.67,-170.35,-8.03,0.9588,0,0.9821,1.2608,0.9781,10000,2269,10,3.430,849.4,439.8,gicp_d2_i30,5363.8,0.9780,0.2387,1.233,0.857,0.978
5991,1566536533642614377,312.00,-168.00,421,272319,13306,320.67,-170.35,-8.03,0.9588,0,0.9821,1.2608,0.9781,10000,2269,10,3.430,849.4,439.8,gicp_d4_i30,5552.0,0.9781,0.2378,1.184,0.812,0.937
5991,1566536533642614377,312.00,-168.00,421,272319,13306,320.67,-170.35,-8.03,0.9588,0,0.9821,1.2608,0.9781,10000,2269,10,3.430,849.4,439.8,ndt_r1_i30,2007.0,0.9786,0.2410,1.142,1.429,1.142
5991,1566536533642614377,312.00,-168.00,421,272319,13306,320.67,-170.35,-8.03,0.9588,0,0.9821,1.2608,0.9781,10000,2269,10,3.430,849.4,439.8,ndt_r2_i30,2290.1,0.9788,0.2383,1.139,1.264,1.139
5991,1566536533642614377,312.00,-168.00,421,272319,13306,320.67,-170.35,-8.03,0.9588,0,0.9821,1.2608,0.9781,10000,2269,10,3.430,849.4,439.8,ndt_r3_i30,2263.0,0.9788,0.2384,1.173,1.196,1.173
6064,1566536540937813437,288.00,-144.00,410,225019,10888,294.69,-135.52,-57.89,0.9195,1,1.1948,0.8734,0.9452,10000,2623,10,8.838,472.9,363.5,none,7.3,0.6006,0.2456,27.359,170.761,8.838
6064,1566536540937813437,288.00,-144.00,410,225019,10888,294.69,-135.52,-57.89,0.9195,1,1.1948,0.8734,0.9452,10000,2623,10,8.838,472.9,363.5,icp_d1_i30,3753.1,0.6391,0.2323,46.767,60.502,8.570
6064,1566536540937813437,288.00,-144.00,410,225019,10888,294.69,-135.52,-57.89,0.9195,1,1.1948,0.8734,0.9452,10000,2623,10,8.838,472.9,363.5,icp_d2_i30,4411.5,0.6361,0.2452,37.033,96.989,8.979
6064,1566536540937813437,288.00,-144.00,410,225019,10888,294.69,-135.52,-57.89,0.9195,1,1.1948,0.8734,0.9452,10000,2623,10,8.838,472.9,363.5,icp_d4_i30,5096.1,0.6046,0.2483,46.966,59.483,8.718
6064,1566536540937813437,288.00,-144.00,410,225019,10888,294.69,-135.52,-57.89,0.9195,1,1.1948,0.8734,0.9452,10000,2623,10,8.838,472.9,363.5,gicp_d1_i30,5495.6,0.6234,0.2269,26.098,126.126,8.815
6064,1566536540937813437,288.00,-144.00,410,225019,10888,294.69,-135.52,-57.89,0.9195,1,1.1948,0.8734,0.9452,10000,2623,10,8.838,472.9,363.5,gicp_d2_i30,4812.5,0.6255,0.2292,37.128,94.765,7.831
6064,1566536540937813437,288.00,-144.00,410,225019,10888,294.69,-135.52,-57.89,0.9195,1,1.1948,0.8734,0.9452,10000,2623,10,8.838,472.9,363.5,gicp_d4_i30,5198.6,0.6236,0.2281,40.966,87.269,7.432
6064,1566536540937813437,288.00,-144.00,410,225019,10888,294.69,-135.52,-57.89,0.9195,1,1.1948,0.8734,0.9452,10000,2623,10,8.838,472.9,363.5,ndt_r1_i30,1780.8,0.6224,0.2645,37.446,96.333,8.133
6064,1566536540937813437,288.00,-144.00,410,225019,10888,294.69,-135.52,-57.89,0.9195,1,1.1948,0.8734,0.9452,10000,2623,10,8.838,472.9,363.5,ndt_r2_i30,1761.4,0.6465,0.2283,37.155,96.797,7.853
6064,1566536540937813437,288.00,-144.00,410,225019,10888,294.69,-135.52,-57.89,0.9195,1,1.1948,0.8734,0.9452,10000,2623,10,8.838,472.9,363.5,ndt_r3_i30,1901.8,0.6524,0.2365,37.200,95.892,7.645
6137,1566536548237379035,264.00,-72.00,156,133306,10172,258.02,-77.20,-58.03,0.8432,1,1.2339,0.5243,0.9771,10000,1161,10,1.151,215.9,299.8,none,8.7,0.8289,0.2486,1.151,1.703,1.151
6137,1566536548237379035,264.00,-72.00,156,133306,10172,258.02,-77.20,-58.03,0.8432,1,1.2339,0.5243,0.9771,10000,1161,10,1.151,215.9,299.8,icp_d1_i30,4288.6,0.9776,0.2582,1.257,0.795,1.240
6137,1566536548237379035,264.00,-72.00,156,133306,10172,258.02,-77.20,-58.03,0.8432,1,1.2339,0.5243,0.9771,10000,1161,10,1.151,215.9,299.8,icp_d2_i30,3963.9,0.9776,0.2586,1.252,0.783,0.494
6137,1566536548237379035,264.00,-72.00,156,133306,10172,258.02,-77.20,-58.03,0.8432,1,1.2339,0.5243,0.9771,10000,1161,10,1.151,215.9,299.8,icp_d4_i30,3730.0,0.9779,0.2593,1.255,0.759,0.517
6137,1566536548237379035,264.00,-72.00,156,133306,10172,258.02,-77.20,-58.03,0.8432,1,1.2339,0.5243,0.9771,10000,1161,10,1.151,215.9,299.8,gicp_d1_i30,3884.1,0.9769,0.2561,1.234,0.494,1.233
6137,1566536548237379035,264.00,-72.00,156,133306,10172,258.02,-77.20,-58.03,0.8432,1,1.2339,0.5243,0.9771,10000,1161,10,1.151,215.9,299.8,gicp_d2_i30,2134.0,0.9771,0.2565,1.234,0.514,1.234
6137,1566536548237379035,264.00,-72.00,156,133306,10172,258.02,-77.20,-58.03,0.8432,1,1.2339,0.5243,0.9771,10000,1161,10,1.151,215.9,299.8,gicp_d4_i30,2773.4,0.9771,0.2568,1.234,0.527,1.234
6137,1566536548237379035,264.00,-72.00,156,133306,10172,258.02,-77.20,-58.03,0.8432,1,1.2339,0.5243,0.9771,10000,1161,10,1.151,215.9,299.8,ndt_r1_i30,2005.4,0.9776,0.2582,1.306,0.763,0.527
6137,1566536548237379035,264.00,-72.00,156,133306,10172,258.02,-77.20,-58.03,0.8432,1,1.2339,0.5243,0.9771,10000,1161,10,1.151,215.9,299.8,ndt_r2_i30,2043.4,0.9774,0.2596,1.238,0.649,0.484
6137,1566536548237379035,264.00,-72.00,156,133306,10172,258.02,-77.20,-58.03,0.8432,1,1.2339,0.5243,0.9771,10000,1161,10,1.151,215.9,299.8,ndt_r3_i30,2084.7,0.9773,0.2595,1.217,0.636,0.549
6210,1566536555538999502,216.00,-24.00,204,138728,11029,221.96,-19.66,-57.73,0.9620,1,0.9882,0.4466,0.9770,10000,3197,10,1.239,354.3,330.7,none,8.2,0.7660,0.2510,1.637,5.149,1.239
6210,1566536555538999502,216.00,-24.00,204,138728,11029,221.96,-19.66,-57.73,0.9620,1,0.9882,0.4466,0.9770,10000,3197,10,1.239,354.3,330.7,icp_d1_i30,4535.9,0.9770,0.2512,0.902,0.491,0.902
6210,1566536555538999502,216.00,-24.00,204,138728,11029,221.96,-19.66,-57.73,0.9620,1,0.9882,0.4466,0.9770,10000,3197,10,1.239,354.3,330.7,icp_d2_i30,4285.1,0.9770,0.2515,0.904,0.522,0.804
6210,1566536555538999502,216.00,-24.00,204,138728,11029,221.96,-19.66,-57.73,0.9620,1,0.9882,0.4466,0.9770,10000,3197,10,1.239,354.3,330.7,icp_d4_i30,4238.5,0.9770,0.2521,0.910,0.608,0.900
6210,1566536555538999502,216.00,-24.00,204,138728,11029,221.96,-19.66,-57.73,0.9620,1,0.9882,0.4466,0.9770,10000,3197,10,1.239,354.3,330.7,gicp_d1_i30,4202.9,0.9769,0.2508,0.993,0.443,0.993
6210,1566536555538999502,216.00,-24.00,204,138728,11029,221.96,-19.66,-57.73,0.9620,1,0.9882,0.4466,0.9770,10000,3197,10,1.239,354.3,330.7,gicp_d2_i30,3549.6,0.9769,0.2508,0.988,0.445,0.988
6210,1566536555538999502,216.00,-24.00,204,138728,11029,221.96,-19.66,-57.73,0.9620,1,0.9882,0.4466,0.9770,10000,3197,10,1.239,354.3,330.7,gicp_d4_i30,3599.8,0.9769,0.2509,0.988,0.453,0.988
6210,1566536555538999502,216.00,-24.00,204,138728,11029,221.96,-19.66,-57.73,0.9620,1,0.9882,0.4466,0.9770,10000,3197,10,1.239,354.3,330.7,ndt_r1_i30,1924.1,0.9769,0.2554,0.980,0.371,0.740
6210,1566536555538999502,216.00,-24.00,204,138728,11029,221.96,-19.66,-57.73,0.9620,1,0.9882,0.4466,0.9770,10000,3197,10,1.239,354.3,330.7,ndt_r2_i30,1791.9,0.9767,0.2521,0.944,0.438,0.941
6210,1566536555538999502,216.00,-24.00,204,138728,11029,221.96,-19.66,-57.73,0.9620,1,0.9882,0.4466,0.9770,10000,3197,10,1.239,354.3,330.7,ndt_r3_i30,2173.6,0.9768,0.2527,1.029,0.456,1.029
6283,1566536562843212498,216.00,24.00,312,209561,11698,208.24,25.69,-130.38,0.9752,1,0.5299,0.8485,0.9830,10000,3421,10,3.513,488.7,386.2,none,5.8,0.6470,0.2538,3.513,5.523,3.513
6283,1566536562843212498,216.00,24.00,312,209561,11698,208.24,25.69,-130.38,0.9752,1,0.5299,0.8485,0.9830,10000,3421,10,3.513,488.7,386.2,icp_d1_i30,4242.5,0.8793,0.2524,1.453,3.707,1.453
6283,1566536562843212498,216.00,24.00,312,209561,11698,208.24,25.69,-130.38,0.9752,1,0.5299,0.8485,0.9830,10000,3421,10,3.513,488.7,386.2,icp_d2_i30,4504.1,0.9666,0.2622,0.463,1.447,0.463
6283,1566536562843212498,216.00,24.00,312,209561,11698,208.24,25.69,-130.38,0.9752,1,0.5299,0.8485,0.9830,10000,3421,10,3.513,488.7,386.2,icp_d4_i30,4970.5,0.9814,0.2632,0.457,1.042,0.457
6283,1566536562843212498,216.00,24.00,312,209561,11698,208.24,25.69,-130.38,0.9752,1,0.5299,0.8485,0.9830,10000,3421,10,3.513,488.7,386.2,gicp_d1_i30,5412.1,0.9832,0.2597,0.618,0.833,0.618
6283,1566536562843212498,216.00,24.00,312,209561,11698,208.24,25.69,-130.38,0.9752,1,0.5299,0.8485,0.9830,10000,3421,10,3.513,488.7,386.2,gicp_d2_i30,5518.1,0.9827,0.2594,0.523,0.893,0.523
6283,1566536562843212498,216.00,24.00,312,209561,11698,208.24,25.69,-130.38,0.9752,1,0.5299,0.8485,0.9830,10000,3421,10,3.513,488.7,386.2,gicp_d4_i30,5389.9,0.9830,0.2601,0.552,0.836,0.508
6283,1566536562843212498,216.00,24.00,312,209561,11698,208.24,25.69,-130.38,0.9752,1,0.5299,0.8485,0.9830,10000,3421,10,3.513,488.7,386.2,ndt_r1_i30,2078.1,0.9248,0.2478,0.626,2.836,0.626
6283,1566536562843212498,216.00,24.00,312,209561,11698,208.24,25.69,-130.38,0.9752,1,0.5299,0.8485,0.9830,10000,3421,10,3.513,488.7,386.2,ndt_r2_i30,2066.8,0.9407,0.2521,0.581,2.145,0.581
6283,1566536562843212498,216.00,24.00,312,209561,11698,208.24,25.69,-130.38,0.9752,1,0.5299,0.8485,0.9830,10000,3421,10,3.513,488.7,386.2,ndt_r3_i30,2199.4,0.9507,0.2495,0.614,1.879,0.614
6356,1566536570144449966,240.00,48.00,299,201374,10723,247.36,53.93,-133.36,0.9547,1,0.8086,0.4277,0.9751,10000,3143,10,1.165,429.7,318.2,none,6.0,0.8707,0.2512,1.519,4.448,1.165
6356,1566536570144449966,240.00,48.00,299,201374,10723,247.36,53.93,-133.36,0.9547,1,0.8086,0.4277,0.9751,10000,3143,10,1.165,429.7,318.2,icp_d1_i30,3921.0,0.9758,0.2540,1.044,0.520,0.943
6356,1566536570144449966,240.00,48.00,299,201374,10723,247.36,53.93,-133.36,0.9547,1,0.8086,0.4277,0.9751,10000,3143,10,1.165,429.7,318.2,icp_d2_i30,4025.1,0.9760,0.2544,1.061,0.517,0.696
6356,1566536570144449966,240.00,48.00,299,201374,10723,247.36,53.93,-133.36,0.9547,1,0.8086,0.4277,0.9751,10000,3143,10,1.165,429.7,318.2,icp_d4_i30,3805.9,0.9758,0.2543,1.091,0.528,0.737
6356,1566536570144449966,240.00,48.00,299,201374,10723,247.36,53.93,-133.36,0.9547,1,0.8086,0.4277,0.9751,10000,3143,10,1.165,429.7,318.2,gicp_d1_i30,4787.8,0.9753,0.2516,0.820,0.429,0.806
6356,1566536570144449966,240.00,48.00,299,201374,10723,247.36,53.93,-133.36,0.9547,1,0.8086,0.4277,0.9751,10000,3143,10,1.165,429.7,318.2,gicp_d2_i30,4911.4,0.9753,0.2514,0.806,0.430,0.806
6356,1566536570144449966,240.00,48.00,299,201374,10723,247.36,53.93,-133.36,0.9547,1,0.8086,0.4277,0.9751,10000,3143,10,1.165,429.7,318.2,gicp_d4_i30,5435.6,0.9757,0.2537,0.928,0.428,0.813
6356,1566536570144449966,240.00,48.00,299,201374,10723,247.36,53.93,-133.36,0.9547,1,0.8086,0.4277,0.9751,10000,3143,10,1.165,429.7,318.2,ndt_r1_i30,1992.0,0.9741,0.2467,0.946,0.626,0.943
6356,1566536570144449966,240.00,48.00,299,201374,10723,247.36,53.93,-133.36,0.9547,1,0.8086,0.4277,0.9751,10000,3143,10,1.165,429.7,318.2,ndt_r2_i30,2162.0,0.9751,0.2504,0.885,0.472,0.859
6356,1566536570144449966,240.00,48.00,299,201374,10723,247.36,53.93,-133.36,0.9547,1,0.8086,0.4277,0.9751,10000,3143,10,1.165,429.7,318.2,ndt_r3_i30,2139.8,0.9752,0.2493,0.970,0.442,0.970
6429,1566536577440034625,264.00,72.00,214,134982,10556,273.52,78.01,-149.46,0.5621,1,1.4403,1.4180,0.7364,10000,1134,10,1.880,302.1,262.0,none,5.1,0.5561,0.2516,2.541,4.969,1.880
6429,1566536577440034625,264.00,72.00,214,134982,10556,273.52,78.01,-149.46,0.5621,1,1.4403,1.4180,0.7364,10000,1134,10,1.880,302.1,262.0,icp_d1_i30,4378.8,0.7379,0.2494,1.452,1.447,1.452
6429,1566536577440034625,264.00,72.00,214,134982,10556,273.52,78.01,-149.46,0.5621,1,1.4403,1.4180,0.7364,10000,1134,10,1.880,302.1,262.0,icp_d2_i30,4405.6,0.7380,0.2453,1.481,1.279,1.481
6429,1566536577440034625,264.00,72.00,214,134982,10556,273.52,78.01,-149.46,0.5621,1,1.4403,1.4180,0.7364,10000,1134,10,1.880,302.1,262.0,icp_d4_i30,3665.5,0.7370,0.2454,1.488,1.353,1.488
6429,1566536577440034625,264.00,72.00,214,134982,10556,273.52,78.01,-149.46,0.5621,1,1.4403,1.4180,0.7364,10000,1134,10,1.880,302.1,262.0,gicp_d1_i30,3730.8,0.7374,0.2450,1.459,1.318,1.452
6429,1566536577440034625,264.00,72.00,214,134982,10556,273.52,78.01,-149.46,0.5621,1,1.4403,1.4180,0.7364,10000,1134,10,1.880,302.1,262.0,gicp_d2_i30,4686.1,0.7370,0.2448,1.439,1.382,1.438
6429,1566536577440034625,264.00,72.00,214,134982,10556,273.52,78.01,-149.46,0.5621,1,1.4403,1.4180,0.7364,10000,1134,10,1.880,302.1,262.0,gicp_d4_i30,3951.7,0.7369,0.2434,1.453,1.417,1.450
6429,1566536577440034625,264.00,72.00,214,134982,10556,273.52,78.01,-149.46,0.5621,1,1.4403,1.4180,0.7364,10000,1134,10,1.880,302.1,262.0,ndt_r1_i30,1878.2,0.7354,0.2500,1.451,0.949,1.451
6429,1566536577440034625,264.00,72.00,214,134982,10556,273.52,78.01,-149.46,0.5621,1,1.4403,1.4180,0.7364,10000,1134,10,1.880,302.1,262.0,ndt_r2_i30,1931.9,0.7381,0.2493,1.428,1.008,1.428
6429,1566536577440034625,264.00,72.00,214,134982,10556,273.52,78.01,-149.46,0.5621,1,1.4403,1.4180,0.7364,10000,1134,10,1.880,302.1,262.0,ndt_r3_i30,1919.8,0.7374,0.2492,1.401,1.020,1.401
6502,1566536584738623368,312.00,96.00,62,35871,10549,308.97,100.28,-146.83,0.1678,1,2.6304,1.8167,0.2733,10000,97,10,48.302,144.1,216.6,none,6.9,0.3274,0.2409,60.482,2.426,48.302
6502,1566536584738623368,312.00,96.00,62,35871,10549,308.97,100.28,-146.83,0.1678,1,2.6304,1.8167,0.2733,10000,97,10,48.302,144.1,216.6,icp_d1_i30,4482.4,0.3386,0.2477,69.450,11.468,48.082
6502,1566536584738623368,312.00,96.00,62,35871,10549,308.97,100.28,-146.83,0.1678,1,2.6304,1.8167,0.2733,10000,97,10,48.302,144.1,216.6,icp_d2_i30,4872.5,0.3595,0.2447,53.839,171.167,48.446
6502,1566536584738623368,312.00,96.00,62,35871,10549,308.97,100.28,-146.83,0.1678,1,2.6304,1.8167,0.2733,10000,97,10,48.302,144.1,216.6,icp_d4_i30,4787.5,0.3651,0.2465,52.697,171.190,48.251
6502,1566536584738623368,312.00,96.00,62,35871,10549,308.97,100.28,-146.83,0.1678,1,2.6304,1.8167,0.2733,10000,97,10,48.302,144.1,216.6,gicp_d1_i30,5278.4,0.3398,0.2527,60.674,2.673,47.996
6502,1566536584738623368,312.00,96.00,62,35871,10549,308.97,100.28,-146.83,0.1678,1,2.6304,1.8167,0.2733,10000,97,10,48.302,144.1,216.6,gicp_d2_i30,5506.3,0.3410,0.2533,60.260,2.965,46.969
6502,1566536584738623368,312.00,96.00,62,35871,10549,308.97,100.28,-146.83,0.1678,1,2.6304,1.8167,0.2733,10000,97,10,48.302,144.1,216.6,gicp_d4_i30,5428.9,0.3530,0.2626,56.924,2.367,45.892
6502,1566536584738623368,312.00,96.00,62,35871,10549,308.97,100.28,-146.83,0.1678,1,2.6304,1.8167,0.2733,10000,97,10,48.302,144.1,216.6,ndt_r1_i30,1750.0,0.3356,0.2510,46.962,165.433,46.962
6502,1566536584738623368,312.00,96.00,62,35871,10549,308.97,100.28,-146.83,0.1678,1,2.6304,1.8167,0.2733,10000,97,10,48.302,144.1,216.6,ndt_r2_i30,1981.6,0.3702,0.2483,49.141,173.890,49.141
6502,1566536584738623368,312.00,96.00,62,35871,10549,308.97,100.28,-146.83,0.1678,1,2.6304,1.8167,0.2733,10000,97,10,48.302,144.1,216.6,ndt_r3_i30,2131.4,0.3741,0.2513,62.985,4.306,48.906
6575,1566536592038416724,336.00,120.00,225,82849,10792,335.68,117.08,-148.63,0.4144,1,1.8321,0.6281,0.4824,10000,115,10,27.008,237.6,250.9,none,7.1,0.3656,0.2445,36.056,3.399,27.008
6575,1566536592038416724,336.00,120.00,225,82849,10792,335.68,117.08,-148.63,0.4144,1,1.8321,0.6281,0.4824,10000,115,10,27.008,237.6,250.9,icp_d1_i30,5231.5,0.3881,0.2440,35.547,1.911,27.449
6575,1566536592038416724,336.00,120.00,225,82849,10792,335.68,117.08,-148.63,0.4144,1,1.8321,0.6281,0.4824,10000,115,10,27.008,237.6,250.9,icp_d2_i30,4997.8,0.4072,0.2538,34.631,2.012,27.337
6575,1566536592038416724,336.00,120.00,225,82849,10792,335.68,117.08,-148.63,0.4144,1,1.8321,0.6281,0.4824,10000,115,10,27.008,237.6,250.9,icp_d4_i30,4725.5,0.3617,0.2476,34.193,2.541,27.367
6575,1566536592038416724,336.00,120.00,225,82849,10792,335.68,117.08,-148.63,0.4144,1,1.8321,0.6281,0.4824,10000,115,10,27.008,237.6,250.9,gicp_d1_i30,5084.2,0.3706,0.2605,35.840,1.389,25.789
6575,1566536592038416724,336.00,120.00,225,82849,10792,335.68,117.08,-148.63,0.4144,1,1.8321,0.6281,0.4824,10000,115,10,27.008,237.6,250.9,gicp_d2_i30,5144.0,0.4027,0.2495,34.382,1.229,26.304
6575,1566536592038416724,336.00,120.00,225,82849,10792,335.68,117.08,-148.63,0.4144,1,1.8321,0.6281,0.4824,10000,115,10,27.008,237.6,250.9,gicp_d4_i30,5479.0,0.4029,0.2460,34.454,1.252,24.863
6575,1566536592038416724,336.00,120.00,225,82849,10792,335.68,117.08,-148.63,0.4144,1,1.8321,0.6281,0.4824,10000,115,10,27.008,237.6,250.9,ndt_r1_i30,1654.1,0.3770,0.2585,35.315,0.750,28.489
6575,1566536592038416724,336.00,120.00,225,82849,10792,335.68,117.08,-148.63,0.4144,1,1.8321,0.6281,0.4824,10000,115,10,27.008,237.6,250.9,ndt_r2_i30,2062.0,0.3970,0.2591,33.773,2.211,27.696
6575,1566536592038416724,336.00,120.00,225,82849,10792,335.68,117.08,-148.63,0.4144,1,1.8321,0.6281,0.4824,10000,115,10,27.008,237.6,250.9,ndt_r3_i30,2011.9,0.4091,0.2527,33.406,2.089,27.244
6648,1566536599342259953,360.00,144.00,352,166300,12015,369.07,141.85,-134.76,0.8868,1,1.4530,0.7397,0.9696,10000,1045,10,0.598,417.8,330.3,none,7.5,0.6528,0.2456,0.598,6.624,0.598
6648,1566536599342259953,360.00,144.00,352,166300,12015,369.07,141.85,-134.76,0.8868,1,1.4530,0.7397,0.9696,10000,1045,10,0.598,417.8,330.3,icp_d1_i30,4632.6,0.8194,0.2452,1.155,4.543,1.155
6648,1566536599342259953,360.00,144.00,352,166300,12015,369.07,141.85,-134.76,0.8868,1,1.4530,0.7397,0.9696,10000,1045,10,0.598,417.8,330.3,icp_d2_i30,5086.4,0.9581,0.2519,1.228,1.779,1.228
6648,1566536599342259953,360.00,144.00,352,166300,12015,369.07,141.85,-134.76,0.8868,1,1.4530,0.7397,0.9696,10000,1045,10,0.598,417.8,330.3,icp_d4_i30,5209.5,0.9677,0.2540,1.277,1.287,1.277
6648,1566536599342259953,360.00,144.00,352,166300,12015,369.07,141.85,-134.76,0.8868,1,1.4530,0.7397,0.9696,10000,1045,10,0.598,417.8,330.3,gicp_d1_i30,5484.5,0.9688,0.2561,1.428,0.787,1.422
6648,1566536599342259953,360.00,144.00,352,166300,12015,369.07,141.85,-134.76,0.8868,1,1.4530,0.7397,0.9696,10000,1045,10,0.598,417.8,330.3,gicp_d2_i30,5336.1,0.9690,0.2561,1.432,0.764,1.432
6648,1566536599342259953,360.00,144.00,352,166300,12015,369.07,141.85,-134.76,0.8868,1,1.4530,0.7397,0.9696,10000,1045,10,0.598,417.8,330.3,gicp_d4_i30,5494.4,0.9697,0.2561,1.464,0.717,1.458
6648,1566536599342259953,360.00,144.00,352,166300,12015,369.07,141.85,-134.76,0.8868,1,1.4530,0.7397,0.9696,10000,1045,10,0.598,417.8,330.3,ndt_r1_i30,1922.5,0.9683,0.2546,1.279,1.061,1.279
6648,1566536599342259953,360.00,144.00,352,166300,12015,369.07,141.85,-134.76,0.8868,1,1.4530,0.7397,0.9696,10000,1045,10,0.598,417.8,330.3,ndt_r2_i30,1914.9,0.9715,0.2566,1.298,0.663,1.298
6648,1566536599342259953,360.00,144.00,352,166300,12015,369.07,141.85,-134.76,0.8868,1,1.4530,0.7397,0.9696,10000,1045,10,0.598,417.8,330.3,ndt_r3_i30,2345.2,0.9710,0.2558,1.325,0.729,1.325
6721,1566536606640053797,384.00,168.00,410,217597,9763,379.32,173.90,-68.73,0.8806,1,1.4052,0.6242,0.9692,10000,2756,10,1.223,452.4,322.1,none,5.7,0.7271,0.2500,1.223,5.751,1.223
6721,1566536606640053797,384.00,168.00,410,217597,9763,379.32,173.90,-68.73,0.8806,1,1.4052,0.6242,0.9692,10000,2756,10,1.223,452.4,322.1,icp_d1_i30,4200.7,0.9339,0.2503,1.056,2.315,1.056
6721,1566536606640053797,384.00,168.00,410,217597,9763,379.32,173.90,-68.73,0.8806,1,1.4052,0.6242,0.9692,10000,2756,10,1.223,452.4,322.1,icp_d2_i30,4787.8,0.9606,0.2518,1.013,1.383,1.013
6721,1566536606640053797,384.00,168.00,410,217597,9763,379.32,173.90,-68.73,0.8806,1,1.4052,0.6242,0.9692,10000,2756,10,1.223,452.4,322.1,icp_d4_i30,3627.2,0.9657,0.2511,1.035,1.231,1.035
6721,1566536606640053797,384.00,168.00,410,217597,9763,379.32,173.90,-68.73,0.8806,1,1.4052,0.6242,0.9692,10000,2756,10,1.223,452.4,322.1,gicp_d1_i30,5232.7,0.9691,0.2558,1.438,0.634,1.438
6721,1566536606640053797,384.00,168.00,410,217597,9763,379.32,173.90,-68.73,0.8806,1,1.4052,0.6242,0.9692,10000,2756,10,1.223,452.4,322.1,gicp_d2_i30,4838.7,0.9692,0.2558,1.422,0.622,1.422
6721,1566536606640053797,384.00,168.00,410,217597,9763,379.32,173.90,-68.73,0.8806,1,1.4052,0.6242,0.9692,10000,2756,10,1.223,452.4,322.1,gicp_d4_i30,5514.0,0.9693,0.2560,1.413,0.617,1.413
6721,1566536606640053797,384.00,168.00,410,217597,9763,379.32,173.90,-68.73,0.8806,1,1.4052,0.6242,0.9692,10000,2756,10,1.223,452.4,322.1,ndt_r1_i30,1298.5,0.9690,0.2580,1.416,0.707,1.416
6721,1566536606640053797,384.00,168.00,410,217597,9763,379.32,173.90,-68.73,0.8806,1,1.4052,0.6242,0.9692,10000,2756,10,1.223,452.4,322.1,ndt_r2_i30,1939.1,0.9687,0.2574,1.435,0.714,1.435
6721,1566536606640053797,384.00,168.00,410,217597,9763,379.32,173.90,-68.73,0.8806,1,1.4052,0.6242,0.9692,10000,2756,10,1.223,452.4,322.1,ndt_r3_i30,2063.1,0.9688,0.2559,1.437,0.787,1.437
6794,1566536613936211960,360.00,216.00,433,196600,9375,348.01,225.22,-58.03,0.8839,1,1.9489,1.1649,0.9435,10000,4789,10,1.457,352.6,295.5,none,4.8,0.6965,0.2490,1.457,6.091,1.457
6794,1566536613936211960,360.00,216.00,433,196600,9375,348.01,225.22,-58.03,0.8839,1,1.9489,1.1649,0.9435,10000,4789,10,1.457,352.6,295.5,icp_d1_i30,3892.3,0.9117,0.2466,0.698,0.483,0.698
6794,1566536613936211960,360.00,216.00,433,196600,9375,348.01,225.22,-58.03,0.8839,1,1.9489,1.1649,0.9435,10000,4789,10,1.457,352.6,295.5,icp_d2_i30,3990.7,0.9419,0.2468,1.391,0.535,1.391
6794,1566536613936211960,360.00,216.00,433,196600,9375,348.01,225.22,-58.03,0.8839,1,1.9489,1.1649,0.9435,10000,4789,10,1.457,352.6,295.5,icp_d4_i30,4004.9,0.9281,0.2472,1.711,2.178,1.711
6794,1566536613936211960,360.00,216.00,433,196600,9375,348.01,225.22,-58.03,0.8839,1,1.9489,1.1649,0.9435,10000,4789,10,1.457,352.6,295.5,gicp_d1_i30,4995.2,0.9420,0.2489,1.862,0.658,1.862
6794,1566536613936211960,360.00,216.00,433,196600,9375,348.01,225.22,-58.03,0.8839,1,1.9489,1.1649,0.9435,10000,4789,10,1.457,352.6,295.5,gicp_d2_i30,5332.7,0.9420,0.2489,1.867,0.655,1.864
6794,1566536613936211960,360.00,216.00,433,196600,9375,348.01,225.22,-58.03,0.8839,1,1.9489,1.1649,0.9435,10000,4789,10,1.457,352.6,295.5,gicp_d4_i30,5501.2,0.9361,0.2504,2.385,2.516,2.385
6794,1566536613936211960,360.00,216.00,433,196600,9375,348.01,225.22,-58.03,0.8839,1,1.9489,1.1649,0.9435,10000,4789,10,1.457,352.6,295.5,ndt_r1_i30,1966.8,0.9403,0.2517,1.827,0.326,1.827
6794,1566536613936211960,360.00,216.00,433,196600,9375,348.01,225.22,-58.03,0.8839,1,1.9489,1.1649,0.9435,10000,4789,10,1.457,352.6,295.5,ndt_r2_i30,2033.7,0.9408,0.2491,1.866,0.499,1.866
6794,1566536613936211960,360.00,216.00,433,196600,9375,348.01,225.22,-58.03,0.8839,1,1.9489,1.1649,0.9435,10000,4789,10,1.457,352.6,295.5,ndt_r3_i30,1982.3,0.9409,0.2501,1.759,0.491,1.759
6867,1566536621239184436,312.00,288.00,350,158664,11428,312.85,279.69,-55.38,0.7409,1,2.0863,1.0103,0.9863,10000,2399,10,1.839,395.2,319.5,none,6.5,0.9268,0.2466,1.839,3.964,1.839
6867,1566536621239184436,312.00,288.00,350,158664,11428,312.85,279.69,-55.38,0.7409,1,2.0863,1.0103,0.9863,10000,2399,10,1.839,395.2,319.5,icp_d1_i30,4547.9,0.9861,0.2509,2.024,0.982,2.024
6867,1566536621239184436,312.00,288.00,350,158664,11428,312.85,279.69,-55.38,0.7409,1,2.0863,1.0103,0.9863,10000,2399,10,1.839,395.2,319.5,icp_d2_i30,4370.2,0.9869,0.2514,2.040,1.121,1.836
6867,1566536621239184436,312.00,288.00,350,158664,11428,312.85,279.69,-55.38,0.7409,1,2.0863,1.0103,0.9863,10000,2399,10,1.839,395.2,319.5,icp_d4_i30,4657.2,0.9869,0.2514,2.037,1.094,1.807
6867,1566536621239184436,312.00,288.00,350,158664,11428,312.85,279.69,-55.38,0.7409,1,2.0863,1.0103,0.9863,10000,2399,10,1.839,395.2,319.5,gicp_d1_i30,5266.9,0.9862,0.2494,2.085,1.000,2.080
6867,1566536621239184436,312.00,288.00,350,158664,11428,312.85,279.69,-55.38,0.7409,1,2.0863,1.0103,0.9863,10000,2399,10,1.839,395.2,319.5,gicp_d2_i30,5129.1,0.9863,0.2495,2.086,1.009,2.084
6867,1566536621239184436,312.00,288.00,350,158664,11428,312.85,279.69,-55.38,0.7409,1,2.0863,1.0103,0.9863,10000,2399,10,1.839,395.2,319.5,gicp_d4_i30,4628.9,0.9863,0.2493,2.088,1.014,2.088
6867,1566536621239184436,312.00,288.00,350,158664,11428,312.85,279.69,-55.38,0.7409,1,2.0863,1.0103,0.9863,10000,2399,10,1.839,395.2,319.5,ndt_r1_i30,1860.9,0.9864,0.2520,1.975,0.982,1.864
6867,1566536621239184436,312.00,288.00,350,158664,11428,312.85,279.69,-55.38,0.7409,1,2.0863,1.0103,0.9863,10000,2399,10,1.839,395.2,319.5,ndt_r2_i30,1887.2,0.9864,0.2508,2.001,0.956,1.911
6867,1566536621239184436,312.00,288.00,350,158664,11428,312.85,279.69,-55.38,0.7409,1,2.0863,1.0103,0.9863,10000,2399,10,1.839,395.2,319.5,ndt_r3_i30,1843.9,0.9863,0.2503,2.019,0.907,1.879
6940,1566536628543626403,288.00,288.00,368,157590,10110,276.08,296.01,14.62,0.9498,1,0.8973,0.8784,0.9777,10000,1935,10,3.160,380.6,292.8,none,5.7,0.6172,0.2462,3.160,6.079,3.160
6940,1566536628543626403,288.00,288.00,368,157590,10110,276.08,296.01,14.62,0.9498,1,0.8973,0.8784,0.9777,10000,1935,10,3.160,380.6,292.8,icp_d1_i30,4212.8,0.9746,0.2501,1.571,1.277,1.571
6940,1566536628543626403,288.00,288.00,368,157590,10110,276.08,296.01,14.62,0.9498,1,0.8973,0.8784,0.9777,10000,1935,10,3.160,380.6,292.8,icp_d2_i30,4237.6,0.9806,0.2531,1.255,1.140,1.126
6940,1566536628543626403,288.00,288.00,368,157590,10110,276.08,296.01,14.62,0.9498,1,0.8973,0.8784,0.9777,10000,1935,10,3.160,380.6,292.8,icp_d4_i30,4130.7,0.9800,0.2533,1.234,1.146,1.112
6940,1566536628543626403,288.00,288.00,368,157590,10110,276.08,296.01,14.62,0.9498,1,0.8973,0.8784,0.9777,10000,1935,10,3.160,380.6,292.8,gicp_d1_i30,4655.1,0.9777,0.2562,0.903,0.882,0.902
6940,1566536628543626403,288.00,288.00,368,157590,10110,276.08,296.01,14.62,0.9498,1,0.8973,0.8784,0.9777,10000,1935,10,3.160,380.6,292.8,gicp_d2_i30,4220.9,0.9789,0.2560,1.079,0.935,0.898
6940,1566536628543626403,288.00,288.00,368,157590,10110,276.08,296.01,14.62,0.9498,1,0.8973,0.8784,0.9777,10000,1935,10,3.160,380.6,292.8,gicp_d4_i30,4239.9,0.9777,0.2562,0.897,0.877,0.897
6940,1566536628543626403,288.00,288.00,368,157590,10110,276.08,296.01,14.62,0.9498,1,0.8973,0.8784,0.9777,10000,1935,10,3.160,380.6,292.8,ndt_r1_i30,1792.9,0.9795,0.2555,1.195,1.264,1.195
6940,1566536628543626403,288.00,288.00,368,157590,10110,276.08,296.01,14.62,0.9498,1,0.8973,0.8784,0.9777,10000,1935,10,3.160,380.6,292.8,ndt_r2_i30,2101.5,0.9797,0.2562,1.120,1.128,0.884
6940,1566536628543626403,288.00,288.00,368,157590,10110,276.08,296.01,14.62,0.9498,1,0.8973,0.8784,0.9777,10000,1935,10,3.160,380.6,292.8,ndt_r3_i30,2027.4,0.9796,0.2560,1.168,1.182,0.678
7013,1566536635840259050,216.00,264.00,327,176882,12479,222.09,267.18,28.69,0.9331,1,1.1449,0.5493,0.9873,10000,529,10,1.386,509.5,358.7,none,7.7,0.6803,0.2498,1.671,7.483,1.386
7013,1566536635840259050,216.00,264.00,327,176882,12479,222.09,267.18,28.69,0.9331,1,1.1449,0.5493,0.9873,10000,529,10,1.386,509.5,358.7,icp_d1_i30,5398.7,0.9389,0.2448,1.586,1.775,0.592
7013,1566536635840259050,216.00,264.00,327,176882,12479,222.09,267.18,28.69,0.9331,1,1.1449,0.5493,0.9873,10000,529,10,1.386,509.5,358.7,icp_d2_i30,5189.9,0.9864,0.2431,1.102,0.317,0.933
7013,1566536635840259050,216.00,264.00,327,176882,12479,222.09,267.18,28.69,0.9331,1,1.1449,0.5493,0.9873,10000,529,10,1.386,509.5,358.7,icp_d4_i30,5068.7,0.9875,0.2429,1.059,0.997,0.332
7013,1566536635840259050,216.00,264.00,327,176882,12479,222.09,267.18,28.69,0.9331,1,1.1449,0.5493,0.9873,10000,529,10,1.386,509.5,358.7,gicp_d1_i30,4212.6,0.9873,0.2427,1.155,0.542,1.149
7013,1566536635840259050,216.00,264.00,327,176882,12479,222.09,267.18,28.69,0.9331,1,1.1449,0.5493,0.9873,10000,529,10,1.386,509.5,358.7,gicp_d2_i30,4240.1,0.9872,0.2428,1.151,0.548,1.148
7013,1566536635840259050,216.00,264.00,327,176882,12479,222.09,267.18,28.69,0.9331,1,1.1449,0.5493,0.9873,10000,529,10,1.386,509.5,358.7,gicp_d4_i30,3913.7,0.9873,0.2429,1.147,0.549,1.144
7013,1566536635840259050,216.00,264.00,327,176882,12479,222.09,267.18,28.69,0.9331,1,1.1449,0.5493,0.9873,10000,529,10,1.386,509.5,358.7,ndt_r1_i30,2068.7,0.9869,0.2419,1.194,0.430,0.953
7013,1566536635840259050,216.00,264.00,327,176882,12479,222.09,267.18,28.69,0.9331,1,1.1449,0.5493,0.9873,10000,529,10,1.386,509.5,358.7,ndt_r2_i30,2251.0,0.9871,0.2425,1.178,0.615,1.029
7013,1566536635840259050,216.00,264.00,327,176882,12479,222.09,267.18,28.69,0.9331,1,1.1449,0.5493,0.9873,10000,529,10,1.386,509.5,358.7,ndt_r3_i30,2012.1,0.9876,0.2431,1.109,0.827,1.109
7086,1566536643137371832,168.00,240.00,591,282939,14527,162.73,249.53,5.64,0.9215,1,1.0966,0.5127,0.9467,10000,839,10,3.626,646.3,526.1,none,8.1,0.6101,0.2520,3.626,8.735,3.626
7086,1566536643137371832,168.00,240.00,591,282939,14527,162.73,249.53,5.64,0.9215,1,1.0966,0.5127,0.9467,10000,839,10,3.626,646.3,526.1,icp_d1_i30,6318.3,0.6875,0.2470,4.713,4.044,2.811
7086,1566536643137371832,168.00,240.00,591,282939,14527,162.73,249.53,5.64,0.9215,1,1.0966,0.5127,0.9467,10000,839,10,3.626,646.3,526.1,icp_d2_i30,6328.9,0.9087,0.2528,1.180,2.682,1.180
7086,1566536643137371832,168.00,240.00,591,282939,14527,162.73,249.53,5.64,0.9215,1,1.0966,0.5127,0.9467,10000,839,10,3.626,646.3,526.1,icp_d4_i30,6414.5,0.9442,0.2489,1.155,1.379,0.470
7086,1566536643137371832,168.00,240.00,591,282939,14527,162.73,249.53,5.64,0.9215,1,1.0966,0.5127,0.9467,10000,839,10,3.626,646.3,526.1,gicp_d1_i30,5442.7,0.9464,0.2426,1.099,0.532,1.099
7086,1566536643137371832,168.00,240.00,591,282939,14527,162.73,249.53,5.64,0.9215,1,1.0966,0.5127,0.9467,10000,839,10,3.626,646.3,526.1,gicp_d2_i30,5274.7,0.9469,0.2427,1.064,0.492,1.064
7086,1566536643137371832,168.00,240.00,591,282939,14527,162.73,249.53,5.64,0.9215,1,1.0966,0.5127,0.9467,10000,839,10,3.626,646.3,526.1,gicp_d4_i30,5017.4,0.9471,0.2426,1.042,0.515,1.042
7086,1566536643137371832,168.00,240.00,591,282939,14527,162.73,249.53,5.64,0.9215,1,1.0966,0.5127,0.9467,10000,839,10,3.626,646.3,526.1,ndt_r1_i30,2080.3,0.6945,0.2499,1.543,5.639,1.543
7086,1566536643137371832,168.00,240.00,591,282939,14527,162.73,249.53,5.64,0.9215,1,1.0966,0.5127,0.9467,10000,839,10,3.626,646.3,526.1,ndt_r2_i30,2320.4,0.8660,0.2445,1.096,1.751,1.096
7086,1566536643137371832,168.00,240.00,591,282939,14527,162.73,249.53,5.64,0.9215,1,1.0966,0.5127,0.9467,10000,839,10,3.626,646.3,526.1,ndt_r3_i30,2248.2,0.8646,0.2422,1.024,1.631,1.024
7159,1566536650434671547,120.00,240.00,667,302018,13887,120.38,250.86,-1.11,0.9785,1,0.4657,1.1155,0.9860,10000,3230,10,1.649,638.9,495.3,none,8.4,0.8986,0.2425,1.751,2.108,1.649
7159,1566536650434671547,120.00,240.00,667,302018,13887,120.38,250.86,-1.11,0.9785,1,0.4657,1.1155,0.9860,10000,3230,10,1.649,638.9,495.3,icp_d1_i30,6205.4,0.9875,0.2460,0.536,1.299,0.536
7159,1566536650434671547,120.00,240.00,667,302018,13887,120.38,250.86,-1.11,0.9785,1,0.4657,1.1155,0.9860,10000,3230,10,1.649,638.9,495.3,icp_d2_i30,5923.1,0.9881,0.2453,0.521,1.379,0.521
7159,1566536650434671547,120.00,240.00,667,302018,13887,120.38,250.86,-1.11,0.9785,1,0.4657,1.1155,0.9860,10000,3230,10,1.649,638.9,495.3,icp_d4_i30,5769.0,0.9883,0.2448,0.503,1.361,0.503
7159,1566536650434671547,120.00,240.00,667,302018,13887,120.38,250.86,-1.11,0.9785,1,0.4657,1.1155,0.9860,10000,3230,10,1.649,638.9,495.3,gicp_d1_i30,5408.0,0.9870,0.2445,0.460,0.790,0.450
7159,1566536650434671547,120.00,240.00,667,302018,13887,120.38,250.86,-1.11,0.9785,1,0.4657,1.1155,0.9860,10000,3230,10,1.649,638.9,495.3,gicp_d2_i30,5724.6,0.9879,0.2442,0.465,0.996,0.458
7159,1566536650434671547,120.00,240.00,667,302018,13887,120.38,250.86,-1.11,0.9785,1,0.4657,1.1155,0.9860,10000,3230,10,1.649,638.9,495.3,gicp_d4_i30,5499.8,0.9874,0.2444,0.489,0.882,0.386
7159,1566536650434671547,120.00,240.00,667,302018,13887,120.38,250.86,-1.11,0.9785,1,0.4657,1.1155,0.9860,10000,3230,10,1.649,638.9,495.3,ndt_r1_i30,2193.1,0.9861,0.2456,0.358,0.854,0.348
7159,1566536650434671547,120.00,240.00,667,302018,13887,120.38,250.86,-1.11,0.9785,1,0.4657,1.1155,0.9860,10000,3230,10,1.649,638.9,495.3,ndt_r2_i30,2458.8,0.9867,0.2457,0.589,1.459,0.347
7159,1566536650434671547,120.00,240.00,667,302018,13887,120.38,250.86,-1.11,0.9785,1,0.4657,1.1155,0.9860,10000,3230,10,1.649,638.9,495.3,ndt_r3_i30,2289.3,0.9868,0.2462,0.558,1.362,0.355
7232,1566536657735356346,120.00,240.00,667,302018,11101,110.94,241.00,80.93,0.9667,0,0.7757,1.1770,0.9723,10000,1899,10,13.578,512.7,393.5,none,7.4,0.5590,0.2493,21.592,100.069,13.578
7232,1566536657735356346,120.00,240.00,667,302018,11101,110.94,241.00,80.93,0.9667,0,0.7757,1.1770,0.9723,10000,1899,10,13.578,512.7,393.5,icp_d1_i30,4484.8,0.6252,0.2508,21.339,100.737,13.931
7232,1566536657735356346,120.00,240.00,667,302018,11101,110.94,241.00,80.93,0.9667,0,0.7757,1.1770,0.9723,10000,1899,10,13.578,512.7,393.5,icp_d2_i30,5614.8,0.6437,0.2523,21.594,101.209,14.087
7232,1566536657735356346,120.00,240.00,667,302018,11101,110.94,241.00,80.93,0.9667,0,0.7757,1.1770,0.9723,10000,1899,10,13.578,512.7,393.5,icp_d4_i30,5581.2,0.6425,0.2479,21.937,102.062,13.462
7232,1566536657735356346,120.00,240.00,667,302018,11101,110.94,241.00,80.93,0.9667,0,0.7757,1.1770,0.9723,10000,1899,10,13.578,512.7,393.5,gicp_d1_i30,5265.5,0.6240,0.2518,20.955,102.184,15.347
7232,1566536657735356346,120.00,240.00,667,302018,11101,110.94,241.00,80.93,0.9667,0,0.7757,1.1770,0.9723,10000,1899,10,13.578,512.7,393.5,gicp_d2_i30,5503.9,0.6292,0.2501,20.352,101.108,15.422
7232,1566536657735356346,120.00,240.00,667,302018,11101,110.94,241.00,80.93,0.9667,0,0.7757,1.1770,0.9723,10000,1899,10,13.578,512.7,393.5,gicp_d4_i30,5414.0,0.6310,0.2523,20.559,99.724,13.609
7232,1566536657735356346,120.00,240.00,667,302018,11101,110.94,241.00,80.93,0.9667,0,0.7757,1.1770,0.9723,10000,1899,10,13.578,512.7,393.5,ndt_r1_i30,1892.7,0.6426,0.2518,21.494,101.178,14.460
7232,1566536657735356346,120.00,240.00,667,302018,11101,110.94,241.00,80.93,0.9667,0,0.7757,1.1770,0.9723,10000,1899,10,13.578,512.7,393.5,ndt_r2_i30,2013.9,0.6583,0.2505,20.508,101.434,15.013
7232,1566536657735356346,120.00,240.00,667,302018,11101,110.94,241.00,80.93,0.9667,0,0.7757,1.1770,0.9723,10000,1899,10,13.578,512.7,393.5,ndt_r3_i30,2146.1,0.6544,0.2487,20.735,102.183,15.893
7305,1566536665042761007,120.00,192.00,561,191865,10829,115.69,203.18,110.23,0.9041,1,1.1094,0.6882,0.9536,10000,625,10,1.213,428.6,330.0,none,7.2,0.8806,0.2452,1.213,3.705,1.213
7305,1566536665042761007,120.00,192.00,561,191865,10829,115.69,203.18,110.23,0.9041,1,1.1094,0.6882,0.9536,10000,625,10,1.213,428.6,330.0,icp_d1_i30,4585.5,0.9536,0.2466,1.206,0.728,1.206
7305,1566536665042761007,120.00,192.00,561,191865,10829,115.69,203.18,110.23,0.9041,1,1.1094,0.6882,0.9536,10000,625,10,1.213,428.6,330.0,icp_d2_i30,4908.6,0.9543,0.2460,1.190,0.714,1.027
7305,1566536665042761007,120.00,192.00,561,191865,10829,115.69,203.18,110.23,0.9041,1,1.1094,0.6882,0.9536,10000,625,10,1.213,428.6,330.0,icp_d4_i30,4749.9,0.9543,0.2458,1.196,0.730,0.523
7305,1566536665042761007,120.00,192.00,561,191865,10829,115.69,203.18,110.23,0.9041,1,1.1094,0.6882,0.9536,10000,625,10,1.213,428.6,330.0,gicp_d1_i30,4893.8,0.9529,0.2454,1.100,0.701,1.099
7305,1566536665042761007,120.00,192.00,561,191865,10829,115.69,203.18,110.23,0.9041,1,1.1094,0.6882,0.9536,10000,625,10,1.213,428.6,330.0,gicp_d2_i30,5060.2,0.9536,0.2460,1.110,0.691,1.109
7305,1566536665042761007,120.00,192.00,561,191865,10829,115.69,203.18,110.23,0.9041,1,1.1094,0.6882,0.9536,10000,625,10,1.213,428.6,330.0,gicp_d4_i30,4594.1,0.9536,0.2461,1.111,0.686,1.109
7305,1566536665042761007,120.00,192.00,561,191865,10829,115.69,203.18,110.23,0.9041,1,1.1094,0.6882,0.9536,10000,625,10,1.213,428.6,330.0,ndt_r1_i30,1878.4,0.9534,0.2462,1.091,0.772,1.065
7305,1566536665042761007,120.00,192.00,561,191865,10829,115.69,203.18,110.23,0.9041,1,1.1094,0.6882,0.9536,10000,625,10,1.213,428.6,330.0,ndt_r2_i30,2069.0,0.9534,0.2446,1.071,0.731,0.954
7305,1566536665042761007,120.00,192.00,561,191865,10829,115.69,203.18,110.23,0.9041,1,1.1094,0.6882,0.9536,10000,625,10,1.213,428.6,330.0,ndt_r3_i30,2062.5,0.9538,0.2463,1.088,0.748,0.910
7378,1566536672338040372,144.00,144.00,195,139617,10282,145.34,155.88,125.90,0.8667,1,1.3592,0.3797,0.9592,10000,948,10,1.667,290.9,298.3,none,5.6,0.9152,0.2509,1.667,1.599,1.667
7378,1566536672338040372,144.00,144.00,195,139617,10282,145.34,155.88,125.90,0.8667,1,1.3592,0.3797,0.9592,10000,948,10,1.667,290.9,298.3,icp_d1_i30,3881.3,0.9606,0.2505,1.407,0.410,1.316
7378,1566536672338040372,144.00,144.00,195,139617,10282,145.34,155.88,125.90,0.8667,1,1.3592,0.3797,0.9592,10000,948,10,1.667,290.9,298.3,icp_d2_i30,4048.3,0.9622,0.2564,1.372,0.432,1.045
7378,1566536672338040372,144.00,144.00,195,139617,10282,145.34,155.88,125.90,0.8667,1,1.3592,0.3797,0.9592,10000,948,10,1.667,290.9,298.3,icp_d4_i30,4087.6,0.9625,0.2532,1.430,0.549,0.710
7378,1566536672338040372,144.00,144.00,195,139617,10282,145.34,155.88,125.90,0.8667,1,1.3592,0.3797,0.9592,10000,948,10,1.667,290.9,298.3,gicp_d1_i30,3403.7,0.9574,0.2481,1.361,0.482,1.361
7378,1566536672338040372,144.00,144.00,195,139617,10282,145.34,155.88,125.90,0.8667,1,1.3592,0.3797,0.9592,10000,948,10,1.667,290.9,298.3,gicp_d2_i30,3049.4,0.9592,0.2486,1.362,0.375,1.362
7378,1566536672338040372,144.00,144.00,195,139617,10282,145.34,155.88,125.90,0.8667,1,1.3592,0.3797,0.9592,10000,948,10,1.667,290.9,298.3,gicp_d4_i30,2317.4,0.9592,0.2486,1.358,0.375,1.355
7378,1566536672338040372,144.00,144.00,195,139617,10282,145.34,155.88,125.90,0.8667,1,1.3592,0.3797,0.9592,10000,948,10,1.667,290.9,298.3,ndt_r1_i30,1999.8,0.9592,0.2496,1.332,0.543,1.171
7378,1566536672338040372,144.00,144.00,195,139617,10282,145.34,155.88,125.90,0.8667,1,1.3592,0.3797,0.9592,10000,948,10,1.667,290.9,298.3,ndt_r2_i30,2269.5,0.9602,0.2509,1.341,0.487,1.300
7378,1566536672338040372,144.00,144.00,195,139617,10282,145.34,155.88,125.90,0.8667,1,1.3592,0.3797,0.9592,10000,948,10,1.667,290.9,298.3,ndt_r3_i30,2232.8,0.9600,0.2493,1.345,0.458,1.320
7451,1566536679636538508,168.00,120.00,202,139777,10628,171.97,113.89,121.10,0.8452,1,1.5801,0.3336,0.9853,10000,1681,10,1.980,315.9,297.3,none,5.9,0.6740,0.2488,1.980,7.523,1.980
7451,1566536679636538508,168.00,120.00,202,139777,10628,171.97,113.89,121.10,0.8452,1,1.5801,0.3336,0.9853,10000,1681,10,1.980,315.9,297.3,icp_d1_i30,4750.0,0.8766,0.2499,1.762,3.266,1.762
7451,1566536679636538508,168.00,120.00,202,139777,10628,171.97,113.89,121.10,0.8452,1,1.5801,0.3336,0.9853,10000,1681,10,1.980,315.9,297.3,icp_d2_i30,4467.4,0.9859,0.2519,1.599,0.344,1.599
7451,1566536679636538508,168.00,120.00,202,139777,10628,171.97,113.89,121.10,0.8452,1,1.5801,0.3336,0.9853,10000,1681,10,1.980,315.9,297.3,icp_d4_i30,4528.6,0.9865,0.2521,1.611,0.325,1.450
7451,1566536679636538508,168.00,120.00,202,139777,10628,171.97,113.89,121.10,0.8452,1,1.5801,0.3336,0.9853,10000,1681,10,1.980,315.9,297.3,gicp_d1_i30,4707.8,0.9852,0.2514,1.577,0.338,1.577
7451,1566536679636538508,168.00,120.00,202,139777,10628,171.97,113.89,121.10,0.8452,1,1.5801,0.3336,0.9853,10000,1681,10,1.980,315.9,297.3,gicp_d2_i30,4643.0,0.9853,0.2514,1.580,0.335,1.580
7451,1566536679636538508,168.00,120.00,202,139777,10628,171.97,113.89,121.10,0.8452,1,1.5801,0.3336,0.9853,10000,1681,10,1.980,315.9,297.3,gicp_d4_i30,4415.7,0.9853,0.2514,1.581,0.331,1.580
7451,1566536679636538508,168.00,120.00,202,139777,10628,171.97,113.89,121.10,0.8452,1,1.5801,0.3336,0.9853,10000,1681,10,1.980,315.9,297.3,ndt_r1_i30,1984.0,0.9863,0.2550,1.493,0.341,1.493
7451,1566536679636538508,168.00,120.00,202,139777,10628,171.97,113.89,121.10,0.8452,1,1.5801,0.3336,0.9853,10000,1681,10,1.980,315.9,297.3,ndt_r2_i30,2079.4,0.9871,0.2544,1.561,0.374,1.561
7451,1566536679636538508,168.00,120.00,202,139777,10628,171.97,113.89,121.10,0.8452,1,1.5801,0.3336,0.9853,10000,1681,10,1.980,315.9,297.3,ndt_r3_i30,2212.3,0.9873,0.2554,1.588,0.374,1.588
7524,1566536686937965479,192.00,72.00,321,220686,10898,200.12,80.51,155.30,0.9248,1,1.3874,0.7766,0.9488,10000,2134,10,3.440,452.2,348.9,none,7.3,0.5714,0.2539,37.917,117.974,3.440
7524,1566536686937965479,192.00,72.00,321,220686,10898,200.12,80.51,155.30,0.9248,1,1.3874,0.7766,0.9488,10000,2134,10,3.440,452.2,348.9,icp_d1_i30,4920.6,0.6246,0.2475,15.960,10.919,3.112
7524,1566536686937965479,192.00,72.00,321,220686,10898,200.12,80.51,155.30,0.9248,1,1.3874,0.7766,0.9488,10000,2134,10,3.440,452.2,348.9,icp_d2_i30,5101.5,0.8349,0.2413,3.757,3.123,2.459
7524,1566536686937965479,192.00,72.00,321,220686,10898,200.12,80.51,155.30,0.9248,1,1.3874,0.7766,0.9488,10000,2134,10,3.440,452.2,348.9,icp_d4_i30,5235.7,0.9406,0.2430,1.905,1.416,1.905
7524,1566536686937965479,192.00,72.00,321,220686,10898,200.12,80.51,155.30,0.9248,1,1.3874,0.7766,0.9488,10000,2134,10,3.440,452.2,348.9,gicp_d1_i30,4966.1,0.9485,0.2531,1.511,0.866,1.421
7524,1566536686937965479,192.00,72.00,321,220686,10898,200.12,80.51,155.30,0.9248,1,1.3874,0.7766,0.9488,10000,2134,10,3.440,452.2,348.9,gicp_d2_i30,5199.1,0.9486,0.2531,1.405,0.787,1.405
7524,1566536686937965479,192.00,72.00,321,220686,10898,200.12,80.51,155.30,0.9248,1,1.3874,0.7766,0.9488,10000,2134,10,3.440,452.2,348.9,gicp_d4_i30,5121.9,0.9491,0.2530,1.481,0.830,1.377
7524,1566536686937965479,192.00,72.00,321,220686,10898,200.12,80.51,155.30,0.9248,1,1.3874,0.7766,0.9488,10000,2134,10,3.440,452.2,348.9,ndt_r1_i30,1815.3,0.8019,0.2537,2.039,4.656,2.039
7524,1566536686937965479,192.00,72.00,321,220686,10898,200.12,80.51,155.30,0.9248,1,1.3874,0.7766,0.9488,10000,2134,10,3.440,452.2,348.9,ndt_r2_i30,2154.0,0.9476,0.2523,1.436,0.953,1.436
7524,1566536686937965479,192.00,72.00,321,220686,10898,200.12,80.51,155.30,0.9248,1,1.3874,0.7766,0.9488,10000,2134,10,3.440,452.2,348.9,ndt_r3_i30,2088.6,0.9489,0.2535,1.388,0.820,1.388
7597,1566536694241993207,240.00,72.00,281,177986,11712,241.26,69.21,165.79,0.8952,1,1.0614,1.0928,0.9820,10000,2401,10,1.929,369.1,344.8,none,8.1,0.9344,0.2497,2.045,2.301,1.929
7597,1566536694241993207,240.00,72.00,281,177986,11712,241.26,69.21,165.79,0.8952,1,1.0614,1.0928,0.9820,10000,2401,10,1.929,369.1,344.8,icp_d1_i30,4923.9,0.9821,0.2523,1.291,0.923,1.106
7597,1566536694241993207,240.00,72.00,281,177986,11712,241.26,69.21,165.79,0.8952,1,1.0614,1.0928,0.9820,10000,2401,10,1.929,369.1,344.8,icp_d2_i30,4743.1,0.9824,0.2529,1.262,0.955,1.018
7597,1566536694241993207,240.00,72.00,281,177986,11712,241.26,69.21,165.79,0.8952,1,1.0614,1.0928,0.9820,10000,2401,10,1.929,369.1,344.8,icp_d4_i30,4674.1,0.9825,0.2532,1.254,0.959,1.007
7597,1566536694241993207,240.00,72.00,281,177986,11712,241.26,69.21,165.79,0.8952,1,1.0614,1.0928,0.9820,10000,2401,10,1.929,369.1,344.8,gicp_d1_i30,4904.7,0.9823,0.2521,1.045,1.078,1.045
7597,1566536694241993207,240.00,72.00,281,177986,11712,241.26,69.21,165.79,0.8952,1,1.0614,1.0928,0.9820,10000,2401,10,1.929,369.1,344.8,gicp_d2_i30,4628.4,0.9820,0.2524,1.047,1.090,1.047
7597,1566536694241993207,240.00,72.00,281,177986,11712,241.26,69.21,165.79,0.8952,1,1.0614,1.0928,0.9820,10000,2401,10,1.929,369.1,344.8,gicp_d4_i30,4303.6,0.9820,0.2525,1.050,1.088,1.050
7597,1566536694241993207,240.00,72.00,281,177986,11712,241.26,69.21,165.79,0.8952,1,1.0614,1.0928,0.9820,10000,2401,10,1.929,369.1,344.8,ndt_r1_i30,2162.0,0.9822,0.2485,1.146,0.994,1.118
7597,1566536694241993207,240.00,72.00,281,177986,11712,241.26,69.21,165.79,0.8952,1,1.0614,1.0928,0.9820,10000,2401,10,1.929,369.1,344.8,ndt_r2_i30,2349.2,0.9826,0.2488,1.117,0.892,1.085
7597,1566536694241993207,240.00,72.00,281,177986,11712,241.26,69.21,165.79,0.8952,1,1.0614,1.0928,0.9820,10000,2401,10,1.929,369.1,344.8,ndt_r3_i30,2353.1,0.9824,0.2476,1.072,0.917,1.063
7670,1566536701536309114,240.00,48.00,299,201374,12135,236.15,49.07,31.66,0.9633,1,1.0196,0.3052,0.9841,10000,3240,10,0.896,433.9,381.3,none,6.6,0.7984,0.2518,1.248,4.305,0.896
7670,1566536701536309114,240.00,48.00,299,201374,12135,236.15,49.07,31.66,0.9633,1,1.0196,0.3052,0.9841,10000,3240,10,0.896,433.9,381.3,icp_d1_i30,4657.6,0.9823,0.2531,0.745,0.808,0.427
7670,1566536701536309114,240.00,48.00,299,201374,12135,236.15,49.07,31.66,0.9633,1,1.0196,0.3052,0.9841,10000,3240,10,0.896,433.9,381.3,icp_d2_i30,4855.9,0.9826,0.2539,0.766,0.747,0.628
7670,1566536701536309114,240.00,48.00,299,201374,12135,236.15,49.07,31.66,0.9633,1,1.0196,0.3052,0.9841,10000,3240,10,0.896,433.9,381.3,icp_d4_i30,4790.2,0.9829,0.2537,0.804,0.705,0.663
7670,1566536701536309114,240.00,48.00,299,201374,12135,236.15,49.07,31.66,0.9633,1,1.0196,0.3052,0.9841,10000,3240,10,0.896,433.9,381.3,gicp_d1_i30,5134.3,0.9840,0.2534,1.024,0.305,0.952
7670,1566536701536309114,240.00,48.00,299,201374,12135,236.15,49.07,31.66,0.9633,1,1.0196,0.3052,0.9841,10000,3240,10,0.896,433.9,381.3,gicp_d2_i30,5366.2,0.9841,0.2534,1.019,0.305,0.799
7670,1566536701536309114,240.00,48.00,299,201374,12135,236.15,49.07,31.66,0.9633,1,1.0196,0.3052,0.9841,10000,3240,10,0.896,433.9,381.3,gicp_d4_i30,5343.9,0.9840,0.2534,1.019,0.300,1.008
7670,1566536701536309114,240.00,48.00,299,201374,12135,236.15,49.07,31.66,0.9633,1,1.0196,0.3052,0.9841,10000,3240,10,0.896,433.9,381.3,ndt_r1_i30,2018.8,0.9823,0.2457,0.883,0.496,0.637
7670,1566536701536309114,240.00,48.00,299,201374,12135,236.15,49.07,31.66,0.9633,1,1.0196,0.3052,0.9841,10000,3240,10,0.896,433.9,381.3,ndt_r2_i30,2225.4,0.9830,0.2459,0.925,0.389,0.904
7670,1566536701536309114,240.00,48.00,299,201374,12135,236.15,49.07,31.66,0.9633,1,1.0196,0.3052,0.9841,10000,3240,10,0.896,433.9,381.3,ndt_r3_i30,2231.7,0.9824,0.2451,0.882,0.427,0.816
7743,1566536708839097846,192.00,24.00,312,187696,12337,201.17,21.86,64.86,0.9183,0,1.4808,1.6410,0.9775,10000,3675,10,2.740,466.6,394.3,none,6.4,0.7117,0.2512,2.740,5.169,2.740
7743,1566536708839097846,192.00,24.00,312,187696,12337,201.17,21.86,64.86,0.9183,0,1.4808,1.6410,0.9775,10000,3675,10,2.740,466.6,394.3,icp_d1_i30,4951.1,0.9168,0.2550,1.812,3.663,1.812
7743,1566536708839097846,192.00,24.00,312,187696,12337,201.17,21.86,64.86,0.9183,0,1.4808,1.6410,0.9775,10000,3675,10,2.740,466.6,394.3,icp_d2_i30,4612.8,0.9767,0.2574,1.618,1.636,1.431
7743,1566536708839097846,192.00,24.00,312,187696,12337,201.17,21.86,64.86,0.9183,0,1.4808,1.6410,0.9775,10000,3675,10,2.740,466.6,394.3,icp_d4_i30,4680.6,0.9773,0.2565,1.442,1.188,1.001
7743,1566536708839097846,192.00,24.00,312,187696,12337,201.17,21.86,64.86,0.9183,0,1.4808,1.6410,0.9775,10000,3675,10,2.740,466.6,394.3,gicp_d1_i30,5180.0,0.9771,0.2567,1.512,1.710,1.512
7743,1566536708839097846,192.00,24.00,312,187696,12337,201.17,21.86,64.86,0.9183,0,1.4808,1.6410,0.9775,10000,3675,10,2.740,466.6,394.3,gicp_d2_i30,5028.8,0.9775,0.2568,1.484,1.644,1.483
7743,1566536708839097846,192.00,24.00,312,187696,12337,201.17,21.86,64.86,0.9183,0,1.4808,1.6410,0.9775,10000,3675,10,2.740,466.6,394.3,gicp_d4_i30,5403.1,0.9774,0.2566,1.479,1.640,1.479
7743,1566536708839097846,192.00,24.00,312,187696,12337,201.17,21.86,64.86,0.9183,0,1.4808,1.6410,0.9775,10000,3675,10,2.740,466.6,394.3,ndt_r1_i30,1708.1,0.9772,0.2574,1.415,1.338,1.415
7743,1566536708839097846,192.00,24.00,312,187696,12337,201.17,21.86,64.86,0.9183,0,1.4808,1.6410,0.9775,10000,3675,10,2.740,466.6,394.3,ndt_r2_i30,2107.1,0.9775,0.2579,1.444,1.424,0.782
7743,1566536708839097846,192.00,24.00,312,187696,12337,201.17,21.86,64.86,0.9183,0,1.4808,1.6410,0.9775,10000,3675,10,2.740,466.6,394.3,ndt_r3_i30,2179.2,0.9772,0.2574,1.434,1.513,0.715
7816,1566536716141263593,216.00,-24.00,204,138728,10107,218.93,-20.37,122.26,0.8644,1,2.0780,0.5028,0.9594,10000,3133,10,4.113,314.6,299.6,none,5.6,0.7456,0.2492,4.113,3.591,4.113
7816,1566536716141263593,216.00,-24.00,204,138728,10107,218.93,-20.37,122.26,0.8644,1,2.0780,0.5028,0.9594,10000,3133,10,4.113,314.6,299.6,icp_d1_i30,3455.6,0.9589,0.2548,2.417,0.464,2.417
7816,1566536716141263593,216.00,-24.00,204,138728,10107,218.93,-20.37,122.26,0.8644,1,2.0780,0.5028,0.9594,10000,3133,10,4.113,314.6,299.6,icp_d2_i30,4225.8,0.9596,0.2554,2.225,0.490,2.225
7816,1566536716141263593,216.00,-24.00,204,138728,10107,218.93,-20.37,122.26,0.8644,1,2.0780,0.5028,0.9594,10000,3133,10,4.113,314.6,299.6,icp_d4_i30,3837.1,0.9597,0.2554,2.241,0.489,2.241
7816,1566536716141263593,216.00,-24.00,204,138728,10107,218.93,-20.37,122.26,0.8644,1,2.0780,0.5028,0.9594,10000,3133,10,4.113,314.6,299.6,gicp_d1_i30,4837.4,0.9593,0.2568,2.053,0.533,2.053
7816,1566536716141263593,216.00,-24.00,204,138728,10107,218.93,-20.37,122.26,0.8644,1,2.0780,0.5028,0.9594,10000,3133,10,4.113,314.6,299.6,gicp_d2_i30,5064.1,0.9594,0.2568,2.068,0.510,2.068
7816,1566536716141263593,216.00,-24.00,204,138728,10107,218.93,-20.37,122.26,0.8644,1,2.0780,0.5028,0.9594,10000,3133,10,4.113,314.6,299.6,gicp_d4_i30,4724.2,0.9593,0.2565,2.091,0.499,2.091
7816,1566536716141263593,216.00,-24.00,204,138728,10107,218.93,-20.37,122.26,0.8644,1,2.0780,0.5028,0.9594,10000,3133,10,4.113,314.6,299.6,ndt_r1_i30,1758.8,0.9579,0.2566,2.049,0.720,2.049
7816,1566536716141263593,216.00,-24.00,204,138728,10107,218.93,-20.37,122.26,0.8644,1,2.0780,0.5028,0.9594,10000,3133,10,4.113,314.6,299.6,ndt_r2_i30,2077.0,0.9594,0.2571,2.035,0.526,2.035
7816,1566536716141263593,216.00,-24.00,204,138728,10107,218.93,-20.37,122.26,0.8644,1,2.0780,0.5028,0.9594,10000,3133,10,4.113,314.6,299.6,ndt_r3_i30,2015.1,0.9593,0.2569,2.126,0.503,2.126
7889,1566536723433023728,264.00,-72.00,156,133306,11630,252.77,-74.44,122.15,0.6788,1,2.5345,0.2439,0.9657,10000,928,10,0.738,284.1,324.5,none,6.5,0.6644,0.2494,0.738,5.009,0.738
7889,1566536723433023728,264.00,-72.00,156,133306,11630,252.77,-74.44,122.15,0.6788,1,2.5345,0.2439,0.9657,10000,928,10,0.738,284.1,324.5,icp_d1_i30,4935.8,0.9659,0.2565,2.294,0.274,1.775
7889,1566536723433023728,264.00,-72.00,156,133306,11630,252.77,-74.44,122.15,0.6788,1,2.5345,0.2439,0.9657,10000,928,10,0.738,284.1,324.5,icp_d2_i30,4487.1,0.9672,0.2558,2.470,0.250,1.064
7889,1566536723433023728,264.00,-72.00,156,133306,11630,252.77,-74.44,122.15,0.6788,1,2.5345,0.2439,0.9657,10000,928,10,0.738,284.1,324.5,icp_d4_i30,4572.2,0.9675,0.2554,2.375,0.308,1.032
7889,1566536723433023728,264.00,-72.00,156,133306,11630,252.77,-74.44,122.15,0.6788,1,2.5345,0.2439,0.9657,10000,928,10,0.738,284.1,324.5,gicp_d1_i30,2916.4,0.9656,0.2561,2.529,0.251,2.529
7889,1566536723433023728,264.00,-72.00,156,133306,11630,252.77,-74.44,122.15,0.6788,1,2.5345,0.2439,0.9657,10000,928,10,0.738,284.1,324.5,gicp_d2_i30,2507.9,0.9657,0.2563,2.535,0.243,2.396
7889,1566536723433023728,264.00,-72.00,156,133306,11630,252.77,-74.44,122.15,0.6788,1,2.5345,0.2439,0.9657,10000,928,10,0.738,284.1,324.5,gicp_d4_i30,2092.9,0.9657,0.2564,2.535,0.243,2.535
7889,1566536723433023728,264.00,-72.00,156,133306,11630,252.77,-74.44,122.15,0.6788,1,2.5345,0.2439,0.9657,10000,928,10,0.738,284.1,324.5,ndt_r1_i30,2043.8,0.9656,0.2574,2.298,0.193,2.163
7889,1566536723433023728,264.00,-72.00,156,133306,11630,252.77,-74.44,122.15,0.6788,1,2.5345,0.2439,0.9657,10000,928,10,0.738,284.1,324.5,ndt_r2_i30,2095.0,0.9664,0.2582,2.408,0.101,0.528
7889,1566536723433023728,264.00,-72.00,156,133306,11630,252.77,-74.44,122.15,0.6788,1,2.5345,0.2439,0.9657,10000,928,10,0.738,284.1,324.5,ndt_r3_i30,1937.6,0.9661,0.2580,2.475,0.087,0.689
7962,1566536730737671963,288.00,-120.00,367,198628,10179,286.54,-128.35,121.92,0.8259,1,2.2390,0.6429,0.9603,10000,2590,10,0.697,422.5,335.0,none,8.4,0.6885,0.2558,1.451,4.328,0.697
7962,1566536730737671963,288.00,-120.00,367,198628,10179,286.54,-128.35,121.92,0.8259,1,2.2390,0.6429,0.9603,10000,2590,10,0.697,422.5,335.0,icp_d1_i30,3771.6,0.7851,0.2529,1.366,3.821,0.367
7962,1566536730737671963,288.00,-120.00,367,198628,10179,286.54,-128.35,121.92,0.8259,1,2.2390,0.6429,0.9603,10000,2590,10,0.697,422.5,335.0,icp_d2_i30,4572.8,0.7995,0.2415,0.762,3.017,0.762
7962,1566536730737671963,288.00,-120.00,367,198628,10179,286.54,-128.35,121.92,0.8259,1,2.2390,0.6429,0.9603,10000,2590,10,0.697,422.5,335.0,icp_d4_i30,4495.8,0.9551,0.2616,1.725,0.867,1.530
7962,1566536730737671963,288.00,-120.00,367,198628,10179,286.54,-128.35,121.92,0.8259,1,2.2390,0.6429,0.9603,10000,2590,10,0.697,422.5,335.0,gicp_d1_i30,5232.2,0.9595,0.2625,2.168,0.588,2.166
7962,1566536730737671963,288.00,-120.00,367,198628,10179,286.54,-128.35,121.92,0.8259,1,2.2390,0.6429,0.9603,10000,2590,10,0.697,422.5,335.0,gicp_d2_i30,5059.8,0.9603,0.2626,2.238,0.617,2.238
7962,1566536730737671963,288.00,-120.00,367,198628,10179,286.54,-128.35,121.92,0.8259,1,2.2390,0.6429,0.9603,10000,2590,10,0.697,422.5,335.0,gicp_d4_i30,5004.1,0.9601,0.2611,2.242,0.657,2.242
7962,1566536730737671963,288.00,-120.00,367,198628,10179,286.54,-128.35,121.92,0.8259,1,2.2390,0.6429,0.9603,10000,2590,10,0.697,422.5,335.0,ndt_r1_i30,1769.8,0.7958,0.2702,1.377,4.633,1.377
7962,1566536730737671963,288.00,-120.00,367,198628,10179,286.54,-128.35,121.92,0.8259,1,2.2390,0.6429,0.9603,10000,2590,10,0.697,422.5,335.0,ndt_r2_i30,1948.3,0.9596,0.2618,2.125,0.572,1.727
7962,1566536730737671963,288.00,-120.00,367,198628,10179,286.54,-128.35,121.92,0.8259,1,2.2390,0.6429,0.9603,10000,2590,10,0.697,422.5,335.0,ndt_r3_i30,2175.0,0.9597,0.2593,2.101,0.626,1.291
8035,1566536738038961296,312.00,-168.00,421,272319,13422,311.55,-168.11,121.98,0.8785,1,1.6226,1.2679,0.9604,10000,2426,10,5.486,825.3,465.6,none,9.0,0.5921,0.2467,25.865,1.914,5.486
8035,1566536738038961296,312.00,-168.00,421,272319,13422,311.55,-168.11,121.98,0.8785,1,1.6226,1.2679,0.9604,10000,2426,10,5.486,825.3,465.6,icp_d1_i30,6037.2,0.6875,0.2473,10.092,2.143,5.319
8035,1566536738038961296,312.00,-168.00,421,272319,13422,311.55,-168.11,121.98,0.8785,1,1.6226,1.2679,0.9604,10000,2426,10,5.486,825.3,465.6,icp_d2_i30,6298.3,0.7138,0.2522,9.704,1.900,4.899
8035,1566536738038961296,312.00,-168.00,421,272319,13422,311.55,-168.11,121.98,0.8785,1,1.6226,1.2679,0.9604,10000,2426,10,5.486,825.3,465.6,icp_d4_i30,6166.5,0.7363,0.2504,4.361,9.628,4.361
8035,1566536738038961296,312.00,-168.00,421,272319,13422,311.55,-168.11,121.98,0.8785,1,1.6226,1.2679,0.9604,10000,2426,10,5.486,825.3,465.6,gicp_d1_i30,5431.4,0.6935,0.2365,10.482,1.234,4.131
8035,1566536738038961296,312.00,-168.00,421,272319,13422,311.55,-168.11,121.98,0.8785,1,1.6226,1.2679,0.9604,10000,2426,10,5.486,825.3,465.6,gicp_d2_i30,5411.7,0.7833,0.2372,2.671,7.364,2.647
8035,1566536738038961296,312.00,-168.00,421,272319,13422,311.55,-168.11,121.98,0.8785,1,1.6226,1.2679,0.9604,10000,2426,10,5.486,825.3,465.6,gicp_d4_i30,5407.0,0.9610,0.2387,2.250,1.785,1.609
8035,1566536738038961296,312.00,-168.00,421,272319,13422,311.55,-168.11,121.98,0.8785,1,1.6226,1.2679,0.9604,10000,2426,10,5.486,825.3,465.6,ndt_r1_i30,1837.8,0.6897,0.2432,10.090,1.351,5.382
8035,1566536738038961296,312.00,-168.00,421,272319,13422,311.55,-168.11,121.98,0.8785,1,1.6226,1.2679,0.9604,10000,2426,10,5.486,825.3,465.6,ndt_r2_i30,2041.5,0.7077,0.2422,9.585,1.479,4.519
8035,1566536738038961296,312.00,-168.00,421,272319,13422,311.55,-168.11,121.98,0.8785,1,1.6226,1.2679,0.9604,10000,2426,10,5.486,825.3,465.6,ndt_r3_i30,2194.8,0.7240,0.2429,4.398,9.878,4.398
8108,1566536745332561482,312.00,-192.00,391,263867,12851,300.37,-188.84,32.31,0.9276,1,1.0669,0.4799,0.9529,10000,2844,10,4.706,731.6,444.0,none,7.6,0.6505,0.2492,6.970,18.153,4.706
8108,1566536745332561482,312.00,-192.00,391,263867,12851,300.37,-188.84,32.31,0.9276,1,1.0669,0.4799,0.9529,10000,2844,10,4.706,731.6,444.0,icp_d1_i30,5844.7,0.6932,0.2451,24.110,1.275,4.604
8108,1566536745332561482,312.00,-192.00,391,263867,12851,300.37,-188.84,32.31,0.9276,1,1.0669,0.4799,0.9529,10000,2844,10,4.706,731.6,444.0,icp_d2_i30,5771.8,0.7260,0.2554,24.429,0.668,4.743
8108,1566536745332561482,312.00,-192.00,391,263867,12851,300.37,-188.84,32.31,0.9276,1,1.0669,0.4799,0.9529,10000,2844,10,4.706,731.6,444.0,icp_d4_i30,5741.6,0.7891,0.2493,4.298,4.598,4.298
8108,1566536745332561482,312.00,-192.00,391,263867,12851,300.37,-188.84,32.31,0.9276,1,1.0669,0.4799,0.9529,10000,2844,10,4.706,731.6,444.0,gicp_d1_i30,5009.7,0.7524,0.2417,3.629,6.001,3.629
8108,1566536745332561482,312.00,-192.00,391,263867,12851,300.37,-188.84,32.31,0.9276,1,1.0669,0.4799,0.9529,10000,2844,10,4.706,731.6,444.0,gicp_d2_i30,5705.8,0.9529,0.2445,1.136,0.529,1.136
8108,1566536745332561482,312.00,-192.00,391,263867,12851,300.37,-188.84,32.31,0.9276,1,1.0669,0.4799,0.9529,10000,2844,10,4.706,731.6,444.0,gicp_d4_i30,5626.9,0.9532,0.2444,1.009,0.475,1.009
8108,1566536745332561482,312.00,-192.00,391,263867,12851,300.37,-188.84,32.31,0.9276,1,1.0669,0.4799,0.9529,10000,2844,10,4.706,731.6,444.0,ndt_r1_i30,2099.9,0.7080,0.2458,24.800,1.182,4.849
8108,1566536745332561482,312.00,-192.00,391,263867,12851,300.37,-188.84,32.31,0.9276,1,1.0669,0.4799,0.9529,10000,2844,10,4.706,731.6,444.0,ndt_r2_i30,2263.1,0.7428,0.2440,4.570,5.953,4.570
8108,1566536745332561482,312.00,-192.00,391,263867,12851,300.37,-188.84,32.31,0.9276,1,1.0669,0.4799,0.9529,10000,2844,10,4.706,731.6,444.0,ndt_r3_i30,2512.7,0.7543,0.2441,4.319,6.493,4.319
8181,1566536752635490723,264.00,-216.00,274,233953,13849,261.77,-213.72,32.19,0.9688,1,0.9444,0.6106,0.9960,10000,3024,10,3.254,648.0,476.0,none,7.3,0.7524,0.2510,5.874,5.717,3.254
8181,1566536752635490723,264.00,-216.00,274,233953,13849,261.77,-213.72,32.19,0.9688,1,0.9444,0.6106,0.9960,10000,3024,10,3.254,648.0,476.0,icp_d1_i30,5055.3,0.9024,0.2455,2.235,3.654,2.235
8181,1566536752635490723,264.00,-216.00,274,233953,13849,261.77,-213.72,32.19,0.9688,1,0.9444,0.6106,0.9960,10000,3024,10,3.254,648.0,476.0,icp_d2_i30,5509.8,0.9952,0.2422,1.231,0.989,1.231
8181,1566536752635490723,264.00,-216.00,274,233953,13849,261.77,-213.72,32.19,0.9688,1,0.9444,0.6106,0.9960,10000,3024,10,3.254,648.0,476.0,icp_d4_i30,5476.2,0.9957,0.2427,1.129,0.867,1.129
8181,1566536752635490723,264.00,-216.00,274,233953,13849,261.77,-213.72,32.19,0.9688,1,0.9444,0.6106,0.9960,10000,3024,10,3.254,648.0,476.0,gicp_d1_i30,5383.5,0.9959,0.2433,0.948,0.633,0.947
8181,1566536752635490723,264.00,-216.00,274,233953,13849,261.77,-213.72,32.19,0.9688,1,0.9444,0.6106,0.9960,10000,3024,10,3.254,648.0,476.0,gicp_d2_i30,5059.6,0.9960,0.2431,0.948,0.607,0.945
8181,1566536752635490723,264.00,-216.00,274,233953,13849,261.77,-213.72,32.19,0.9688,1,0.9444,0.6106,0.9960,10000,3024,10,3.254,648.0,476.0,gicp_d4_i30,5154.1,0.9962,0.2433,0.943,0.599,0.942
8181,1566536752635490723,264.00,-216.00,274,233953,13849,261.77,-213.72,32.19,0.9688,1,0.9444,0.6106,0.9960,10000,3024,10,3.254,648.0,476.0,ndt_r1_i30,2149.4,0.9958,0.2436,1.019,0.969,1.019
8181,1566536752635490723,264.00,-216.00,274,233953,13849,261.77,-213.72,32.19,0.9688,1,0.9444,0.6106,0.9960,10000,3024,10,3.254,648.0,476.0,ndt_r2_i30,2249.8,0.9962,0.2433,0.992,0.752,0.992
8181,1566536752635490723,264.00,-216.00,274,233953,13849,261.77,-213.72,32.19,0.9688,1,0.9444,0.6106,0.9960,10000,3024,10,3.254,648.0,476.0,ndt_r3_i30,2404.2,0.9962,0.2430,1.033,0.749,1.033
8254,1566536759935652380,216.00,-240.00,211,181339,12682,208.39,-229.45,2.71,0.9813,1,0.3995,0.4804,0.9808,10000,3546,10,0.536,524.5,415.8,none,8.3,0.7405,0.2511,1.805,2.620,0.536
8254,1566536759935652380,216.00,-240.00,211,181339,12682,208.39,-229.45,2.71,0.9813,1,0.3995,0.4804,0.9808,10000,3546,10,0.536,524.5,415.8,icp_d1_i30,4615.6,0.9808,0.2408,0.296,0.485,0.289
8254,1566536759935652380,216.00,-240.00,211,181339,12682,208.39,-229.45,2.71,0.9813,1,0.3995,0.4804,0.9808,10000,3546,10,0.536,524.5,415.8,icp_d2_i30,4667.4,0.9812,0.2410,0.214,0.204,0.214
8254,1566536759935652380,216.00,-240.00,211,181339,12682,208.39,-229.45,2.71,0.9813,1,0.3995,0.4804,0.9808,10000,3546,10,0.536,524.5,415.8,icp_d4_i30,4639.4,0.9812,0.2405,0.243,0.427,0.242
8254,1566536759935652380,216.00,-240.00,211,181339,12682,208.39,-229.45,2.71,0.9813,1,0.3995,0.4804,0.9808,10000,3546,10,0.536,524.5,415.8,gicp_d1_i30,4795.9,0.9808,0.2442,0.403,0.483,0.403
8254,1566536759935652380,216.00,-240.00,211,181339,12682,208.39,-229.45,2.71,0.9813,1,0.3995,0.4804,0.9808,10000,3546,10,0.536,524.5,415.8,gicp_d2_i30,4915.1,0.9808,0.2442,0.403,0.484,0.402
8254,1566536759935652380,216.00,-240.00,211,181339,12682,208.39,-229.45,2.71,0.9813,1,0.3995,0.4804,0.9808,10000,3546,10,0.536,524.5,415.8,gicp_d4_i30,4758.2,0.9809,0.2442,0.400,0.481,0.394
8254,1566536759935652380,216.00,-240.00,211,181339,12682,208.39,-229.45,2.71,0.9813,1,0.3995,0.4804,0.9808,10000,3546,10,0.536,524.5,415.8,ndt_r1_i30,1853.6,0.9804,0.2467,0.359,0.446,0.286
8254,1566536759935652380,216.00,-240.00,211,181339,12682,208.39,-229.45,2.71,0.9813,1,0.3995,0.4804,0.9808,10000,3546,10,0.536,524.5,415.8,ndt_r2_i30,2242.2,0.9808,0.2437,0.348,0.421,0.307
8254,1566536759935652380,216.00,-240.00,211,181339,12682,208.39,-229.45,2.71,0.9813,1,0.3995,0.4804,0.9808,10000,3546,10,0.536,524.5,415.8,ndt_r3_i30,2108.1,0.9808,0.2431,0.326,0.453,0.294
8327,1566536767237702900,144.00,-240.00,463,253964,11185,155.79,-238.25,23.67,0.9852,1,0.1264,0.4871,0.9855,10000,2401,10,3.216,554.2,408.7,none,9.6,0.6435,0.2615,3.216,6.281,3.216
8327,1566536767237702900,144.00,-240.00,463,253964,11185,155.79,-238.25,23.67,0.9852,1,0.1264,0.4871,0.9855,10000,2401,10,3.216,554.2,408.7,icp_d1_i30,4725.5,0.7240,0.2456,4.541,3.826,2.304
8327,1566536767237702900,144.00,-240.00,463,253964,11185,155.79,-238.25,23.67,0.9852,1,0.1264,0.4871,0.9855,10000,2401,10,3.216,554.2,408.7,icp_d2_i30,5591.1,0.8945,0.2458,2.469,2.269,1.422
8327,1566536767237702900,144.00,-240.00,463,253964,11185,155.79,-238.25,23.67,0.9852,1,0.1264,0.4871,0.9855,10000,2401,10,3.216,554.2,408.7,icp_d4_i30,5435.5,0.9734,0.2450,0.981,0.398,0.345
8327,1566536767237702900,144.00,-240.00,463,253964,11185,155.79,-238.25,23.67,0.9852,1,0.1264,0.4871,0.9855,10000,2401,10,3.216,554.2,408.7,gicp_d1_i30,5331.6,0.9855,0.2469,0.128,0.494,0.099
8327,1566536767237702900,144.00,-240.00,463,253964,11185,155.79,-238.25,23.67,0.9852,1,0.1264,0.4871,0.9855,10000,2401,10,3.216,554.2,408.7,gicp_d2_i30,5359.3,0.9856,0.2471,0.151,0.503,0.114
8327,1566536767237702900,144.00,-240.00,463,253964,11185,155.79,-238.25,23.67,0.9852,1,0.1264,0.4871,0.9855,10000,2401,10,3.216,554.2,408.7,gicp_d4_i30,5303.7,0.9856,0.2470,0.127,0.484,0.113
8327,1566536767237702900,144.00,-240.00,463,253964,11185,155.79,-238.25,23.67,0.9852,1,0.1264,0.4871,0.9855,10000,2401,10,3.216,554.2,408.7,ndt_r1_i30,2059.5,0.8091,0.2476,2.784,2.948,1.093
8327,1566536767237702900,144.00,-240.00,463,253964,11185,155.79,-238.25,23.67,0.9852,1,0.1264,0.4871,0.9855,10000,2401,10,3.216,554.2,408.7,ndt_r2_i30,2138.0,0.8535,0.2476,0.603,3.492,0.603
8327,1566536767237702900,144.00,-240.00,463,253964,11185,155.79,-238.25,23.67,0.9852,1,0.1264,0.4871,0.9855,10000,2401,10,3.216,554.2,408.7,ndt_r3_i30,2086.3,0.8991,0.2456,0.639,2.568,0.639
8400,1566536774534648188,144.00,-240.00,463,253964,11957,132.16,-240.75,-39.63,0.9586,0,0.2481,0.4549,0.9589,10000,2413,10,12.801,622.5,430.5,none,7.7,0.5717,0.2320,28.978,85.259,12.801
8400,1566536774534648188,144.00,-240.00,463,253964,11957,132.16,-240.75,-39.63,0.9586,0,0.2481,0.4549,0.9589,10000,2413,10,12.801,622.5,430.5,icp_d1_i30,5130.9,0.6350,0.2384,26.953,87.973,13.022
8400,1566536774534648188,144.00,-240.00,463,253964,11957,132.16,-240.75,-39.63,0.9586,0,0.2481,0.4549,0.9589,10000,2413,10,12.801,622.5,430.5,icp_d2_i30,5048.2,0.6395,0.2469,27.345,88.118,13.295
8400,1566536774534648188,144.00,-240.00,463,253964,11957,132.16,-240.75,-39.63,0.9586,0,0.2481,0.4549,0.9589,10000,2413,10,12.801,622.5,430.5,icp_d4_i30,5764.5,0.5464,0.2604,28.498,89.206,13.416
8400,1566536774534648188,144.00,-240.00,463,253964,11957,132.16,-240.75,-39.63,0.9586,0,0.2481,0.4549,0.9589,10000,2413,10,12.801,622.5,430.5,gicp_d1_i30,5103.1,0.6277,0.2375,28.072,85.363,11.825
8400,1566536774534648188,144.00,-240.00,463,253964,11957,132.16,-240.75,-39.63,0.9586,0,0.2481,0.4549,0.9589,10000,2413,10,12.801,622.5,430.5,gicp_d2_i30,5461.6,0.6276,0.2400,27.042,85.932,13.229
8400,1566536774534648188,144.00,-240.00,463,253964,11957,132.16,-240.75,-39.63,0.9586,0,0.2481,0.4549,0.9589,10000,2413,10,12.801,622.5,430.5,gicp_d4_i30,5314.2,0.6267,0.2384,29.098,74.216,16.380
8400,1566536774534648188,144.00,-240.00,463,253964,11957,132.16,-240.75,-39.63,0.9586,0,0.2481,0.4549,0.9589,10000,2413,10,12.801,622.5,430.5,ndt_r1_i30,1620.6,0.6265,0.2492,26.846,87.723,13.217
8400,1566536774534648188,144.00,-240.00,463,253964,11957,132.16,-240.75,-39.63,0.9586,0,0.2481,0.4549,0.9589,10000,2413,10,12.801,622.5,430.5,ndt_r2_i30,2152.7,0.6306,0.2358,27.368,87.353,14.933
8400,1566536774534648188,144.00,-240.00,463,253964,11957,132.16,-240.75,-39.63,0.9586,0,0.2481,0.4549,0.9589,10000,2413,10,12.801,622.5,430.5,ndt_r3_i30,2082.2,0.6285,0.2389,27.660,87.136,13.507
8473,1566536781833143632,96.00,-192.00,636,273980,11495,107.47,-202.73,-58.08,0.9708,1,0.1960,0.3732,0.9711,10000,3532,10,1.867,575.1,416.6,none,6.9,0.7139,0.2501,7.073,5.407,1.867
8473,1566536781833143632,96.00,-192.00,636,273980,11495,107.47,-202.73,-58.08,0.9708,1,0.1960,0.3732,0.9711,10000,3532,10,1.867,575.1,416.6,icp_d1_i30,4203.2,0.8152,0.2514,2.869,3.703,2.027
8473,1566536781833143632,96.00,-192.00,636,273980,11495,107.47,-202.73,-58.08,0.9708,1,0.1960,0.3732,0.9711,10000,3532,10,1.867,575.1,416.6,icp_d2_i30,5030.0,0.9329,0.2512,1.303,1.561,1.303
8473,1566536781833143632,96.00,-192.00,636,273980,11495,107.47,-202.73,-58.08,0.9708,1,0.1960,0.3732,0.9711,10000,3532,10,1.867,575.1,416.6,icp_d4_i30,4665.6,0.9599,0.2549,0.958,0.751,0.958
8473,1566536781833143632,96.00,-192.00,636,273980,11495,107.47,-202.73,-58.08,0.9708,1,0.1960,0.3732,0.9711,10000,3532,10,1.867,575.1,416.6,gicp_d1_i30,5206.1,0.9712,0.2550,0.195,0.360,0.195
8473,1566536781833143632,96.00,-192.00,636,273980,11495,107.47,-202.73,-58.08,0.9708,1,0.1960,0.3732,0.9711,10000,3532,10,1.867,575.1,416.6,gicp_d2_i30,5591.7,0.9711,0.2553,0.186,0.391,0.186
8473,1566536781833143632,96.00,-192.00,636,273980,11495,107.47,-202.73,-58.08,0.9708,1,0.1960,0.3732,0.9711,10000,3532,10,1.867,575.1,416.6,gicp_d4_i30,5450.6,0.9710,0.2555,0.230,0.447,0.230
8473,1566536781833143632,96.00,-192.00,636,273980,11495,107.47,-202.73,-58.08,0.9708,1,0.1960,0.3732,0.9711,10000,3532,10,1.867,575.1,416.6,ndt_r1_i30,1814.5,0.9425,0.2538,0.711,1.816,0.711
8473,1566536781833143632,96.00,-192.00,636,273980,11495,107.47,-202.73,-58.08,0.9708,1,0.1960,0.3732,0.9711,10000,3532,10,1.867,575.1,416.6,ndt_r2_i30,2326.1,0.9711,0.2553,0.329,0.550,0.329
8473,1566536781833143632,96.00,-192.00,636,273980,11495,107.47,-202.73,-58.08,0.9708,1,0.1960,0.3732,0.9711,10000,3532,10,1.867,575.1,416.6,ndt_r3_i30,2243.0,0.9710,0.2552,0.275,0.460,0.275
8546,1566536789137248433,72.00,-168.00,559,256598,12176,78.60,-156.69,-57.61,0.9593,1,0.1760,0.3372,0.9601,10000,3736,10,6.495,708.0,394.1,none,7.7,0.6446,0.2470,33.955,177.854,6.495
8546,1566536789137248433,72.00,-168.00,559,256598,12176,78.60,-156.69,-57.61,0.9593,1,0.1760,0.3372,0.9601,10000,3736,10,6.495,708.0,394.1,icp_d1_i30,3576.4,0.6921,0.2428,11.838,7.510,5.970
8546,1566536789137248433,72.00,-168.00,559,256598,12176,78.60,-156.69,-57.61,0.9593,1,0.1760,0.3372,0.9601,10000,3736,10,6.495,708.0,394.1,icp_d2_i30,4822.0,0.7006,0.2550,11.342,7.721,5.751
8546,1566536789137248433,72.00,-168.00,559,256598,12176,78.60,-156.69,-57.61,0.9593,1,0.1760,0.3372,0.9601,10000,3736,10,6.495,708.0,394.1,icp_d4_i30,5461.8,0.6514,0.2563,10.579,7.692,5.003
8546,1566536789137248433,72.00,-168.00,559,256598,12176,78.60,-156.69,-57.61,0.9593,1,0.1760,0.3372,0.9601,10000,3736,10,6.495,708.0,394.1,gicp_d1_i30,5215.2,0.6873,0.2492,12.450,8.661,5.073
8546,1566536789137248433,72.00,-168.00,559,256598,12176,78.60,-156.69,-57.61,0.9593,1,0.1760,0.3372,0.9601,10000,3736,10,6.495,708.0,394.1,gicp_d2_i30,5542.9,0.7059,0.2460,10.317,7.171,3.857
8546,1566536789137248433,72.00,-168.00,559,256598,12176,78.60,-156.69,-57.61,0.9593,1,0.1760,0.3372,0.9601,10000,3736,10,6.495,708.0,394.1,gicp_d4_i30,5503.9,0.9601,0.2471,0.111,0.537,0.111
8546,1566536789137248433,72.00,-168.00,559,256598,12176,78.60,-156.69,-57.61,0.9593,1,0.1760,0.3372,0.9601,10000,3736,10,6.495,708.0,394.1,ndt_r1_i30,1928.2,0.6837,0.2571,11.603,7.287,5.178
8546,1566536789137248433,72.00,-168.00,559,256598,12176,78.60,-156.69,-57.61,0.9593,1,0.1760,0.3372,0.9601,10000,3736,10,6.495,708.0,394.1,ndt_r2_i30,2221.8,0.7071,0.2426,10.699,5.537,4.823
8546,1566536789137248433,72.00,-168.00,559,256598,12176,78.60,-156.69,-57.61,0.9593,1,0.1760,0.3372,0.9601,10000,3736,10,6.495,708.0,394.1,ndt_r3_i30,2439.0,0.7284,0.2419,9.534,6.373,3.978
8619,1566536796434238591,48.00,-120.00,528,219318,10039,55.93,-117.93,-62.92,0.9701,1,0.2264,0.2062,0.9705,10000,3563,10,0.959,445.7,348.7,none,6.7,0.7359,0.2459,0.959,6.778,0.959
8619,1566536796434238591,48.00,-120.00,528,219318,10039,55.93,-117.93,-62.92,0.9701,1,0.2264,0.2062,0.9705,10000,3563,10,0.959,445.7,348.7,icp_d1_i30,2948.4,0.9603,0.2454,0.217,1.408,0.217
8619,1566536796434238591,48.00,-120.00,528,219318,10039,55.93,-117.93,-62.92,0.9701,1,0.2264,0.2062,0.9705,10000,3563,10,0.959,445.7,348.7,icp_d2_i30,3482.5,0.9686,0.2461,0.246,0.951,0.246
8619,1566536796434238591,48.00,-120.00,528,219318,10039,55.93,-117.93,-62.92,0.9701,1,0.2264,0.2062,0.9705,10000,3563,10,0.959,445.7,348.7,icp_d4_i30,3718.2,0.9698,0.2441,0.343,0.997,0.343
8619,1566536796434238591,48.00,-120.00,528,219318,10039,55.93,-117.93,-62.92,0.9701,1,0.2264,0.2062,0.9705,10000,3563,10,0.959,445.7,348.7,gicp_d1_i30,5274.8,0.9704,0.2484,0.234,0.155,0.234
8619,1566536796434238591,48.00,-120.00,528,219318,10039,55.93,-117.93,-62.92,0.9701,1,0.2264,0.2062,0.9705,10000,3563,10,0.959,445.7,348.7,gicp_d2_i30,4672.6,0.9705,0.2482,0.229,0.159,0.229
8619,1566536796434238591,48.00,-120.00,528,219318,10039,55.93,-117.93,-62.92,0.9701,1,0.2264,0.2062,0.9705,10000,3563,10,0.959,445.7,348.7,gicp_d4_i30,4991.5,0.9704,0.2475,0.212,0.217,0.212
8619,1566536796434238591,48.00,-120.00,528,219318,10039,55.93,-117.93,-62.92,0.9701,1,0.2264,0.2062,0.9705,10000,3563,10,0.959,445.7,348.7,ndt_r1_i30,2060.0,0.9701,0.2496,0.143,0.355,0.143
8619,1566536796434238591,48.00,-120.00,528,219318,10039,55.93,-117.93,-62.92,0.9701,1,0.2264,0.2062,0.9705,10000,3563,10,0.959,445.7,348.7,ndt_r2_i30,2025.0,0.9699,0.2477,0.223,0.370,0.223
8619,1566536796434238591,48.00,-120.00,528,219318,10039,55.93,-117.93,-62.92,0.9701,1,0.2264,0.2062,0.9705,10000,3563,10,0.959,445.7,348.7,ndt_r3_i30,2010.1,0.9703,0.2459,0.288,0.437,0.288
8692,1566536803735211805,24.00,-72.00,522,225257,9516,31.24,-66.36,-64.21,0.9790,1,0.1718,0.3521,0.9790,10000,1459,10,2.046,455.9,305.8,none,8.6,0.6765,0.2390,5.620,2.994,2.046
8692,1566536803735211805,24.00,-72.00,522,225257,9516,31.24,-66.36,-64.21,0.9790,1,0.1718,0.3521,0.9790,10000,1459,10,2.046,455.9,305.8,icp_d1_i30,2368.7,0.9173,0.2517,1.881,0.756,1.781
8692,1566536803735211805,24.00,-72.00,522,225257,9516,31.24,-66.36,-64.21,0.9790,1,0.1718,0.3521,0.9790,10000,1459,10,2.046,455.9,305.8,icp_d2_i30,3957.5,0.9788,0.2485,0.203,0.413,0.203
8692,1566536803735211805,24.00,-72.00,522,225257,9516,31.24,-66.36,-64.21,0.9790,1,0.1718,0.3521,0.9790,10000,1459,10,2.046,455.9,305.8,icp_d4_i30,3891.7,0.9788,0.2523,0.426,0.249,0.301
8692,1566536803735211805,24.00,-72.00,522,225257,9516,31.24,-66.36,-64.21,0.9790,1,0.1718,0.3521,0.9790,10000,1459,10,2.046,455.9,305.8,gicp_d1_i30,5192.1,0.9793,0.2512,0.259,0.335,0.165
8692,1566536803735211805,24.00,-72.00,522,225257,9516,31.24,-66.36,-64.21,0.9790,1,0.1718,0.3521,0.9790,10000,1459,10,2.046,455.9,305.8,gicp_d2_i30,5129.1,0.9795,0.2509,0.213,0.344,0.167
8692,1566536803735211805,24.00,-72.00,522,225257,9516,31.24,-66.36,-64.21,0.9790,1,0.1718,0.3521,0.9790,10000,1459,10,2.046,455.9,305.8,gicp_d4_i30,5138.1,0.9794,0.2510,0.210,0.333,0.161
8692,1566536803735211805,24.00,-72.00,522,225257,9516,31.24,-66.36,-64.21,0.9790,1,0.1718,0.3521,0.9790,10000,1459,10,2.046,455.9,305.8,ndt_r1_i30,1974.7,0.9158,0.2580,1.921,1.079,1.302
8692,1566536803735211805,24.00,-72.00,522,225257,9516,31.24,-66.36,-64.21,0.9790,1,0.1718,0.3521,0.9790,10000,1459,10,2.046,455.9,305.8,ndt_r2_i30,1910.1,0.9356,0.2462,1.410,1.802,1.305
8692,1566536803735211805,24.00,-72.00,522,225257,9516,31.24,-66.36,-64.21,0.9790,1,0.1718,0.3521,0.9790,10000,1459,10,2.046,455.9,305.8,ndt_r3_i30,2159.3,0.9498,0.2494,0.793,0.874,0.793
8765,1566536811031422073,0.00,-24.00,617,257232,12726,9.01,-18.94,-64.97,0.9877,1,0.1878,0.5498,0.9875,10000,4012,10,3.405,674.2,440.6,none,8.0,0.6681,0.2495,4.576,10.733,3.405
8765,1566536811031422073,0.00,-24.00,617,257232,12726,9.01,-18.94,-64.97,0.9877,1,0.1878,0.5498,0.9875,10000,4012,10,3.405,674.2,440.6,icp_d1_i30,2948.3,0.9197,0.2433,1.745,2.461,1.745
8765,1566536811031422073,0.00,-24.00,617,257232,12726,9.01,-18.94,-64.97,0.9877,1,0.1878,0.5498,0.9875,10000,4012,10,3.405,674.2,440.6,icp_d2_i30,4322.1,0.9834,0.2418,1.132,1.241,1.132
8765,1566536811031422073,0.00,-24.00,617,257232,12726,9.01,-18.94,-64.97,0.9877,1,0.1878,0.5498,0.9875,10000,4012,10,3.405,674.2,440.6,icp_d4_i30,4947.9,0.9854,0.2416,1.122,1.055,1.122
8765,1566536811031422073,0.00,-24.00,617,257232,12726,9.01,-18.94,-64.97,0.9877,1,0.1878,0.5498,0.9875,10000,4012,10,3.405,674.2,440.6,gicp_d1_i30,5391.1,0.9873,0.2437,0.261,0.562,0.261
8765,1566536811031422073,0.00,-24.00,617,257232,12726,9.01,-18.94,-64.97,0.9877,1,0.1878,0.5498,0.9875,10000,4012,10,3.405,674.2,440.6,gicp_d2_i30,4914.1,0.9876,0.2461,0.179,0.556,0.177
8765,1566536811031422073,0.00,-24.00,617,257232,12726,9.01,-18.94,-64.97,0.9877,1,0.1878,0.5498,0.9875,10000,4012,10,3.405,674.2,440.6,gicp_d4_i30,5005.6,0.9876,0.2460,0.183,0.534,0.182
8765,1566536811031422073,0.00,-24.00,617,257232,12726,9.01,-18.94,-64.97,0.9877,1,0.1878,0.5498,0.9875,10000,4012,10,3.405,674.2,440.6,ndt_r1_i30,2111.5,0.9840,0.2438,0.860,1.355,0.860
8765,1566536811031422073,0.00,-24.00,617,257232,12726,9.01,-18.94,-64.97,0.9877,1,0.1878,0.5498,0.9875,10000,4012,10,3.405,674.2,440.6,ndt_r2_i30,2299.4,0.9871,0.2409,0.719,0.898,0.719
8765,1566536811031422073,0.00,-24.00,617,257232,12726,9.01,-18.94,-64.97,0.9877,1,0.1878,0.5498,0.9875,10000,4012,10,3.405,674.2,440.6,ndt_r3_i30,2311.6,0.9873,0.2410,0.520,0.858,0.520
8838,1566536818336536959,0.00,24.00,671,282715,13823,-6.15,13.25,-64.24,0.9763,1,0.3499,0.4553,0.9765,10000,3132,10,1.964,580.5,441.8,none,7.7,0.6747,0.2410,3.611,13.811,1.964
8838,1566536818336536959,0.00,24.00,671,282715,13823,-6.15,13.25,-64.24,0.9763,1,0.3499,0.4553,0.9765,10000,3132,10,1.964,580.5,441.8,icp_d1_i30,2069.7,0.9538,0.2477,0.312,1.971,0.312
8838,1566536818336536959,0.00,24.00,671,282715,13823,-6.15,13.25,-64.24,0.9763,1,0.3499,0.4553,0.9765,10000,3132,10,1.964,580.5,441.8,icp_d2_i30,3814.4,0.9696,0.2468,0.175,1.666,0.175
8838,1566536818336536959,0.00,24.00,671,282715,13823,-6.15,13.25,-64.24,0.9763,1,0.3499,0.4553,0.9765,10000,3132,10,1.964,580.5,441.8,icp_d4_i30,5099.7,0.9725,0.2469,0.141,1.575,0.141
8838,1566536818336536959,0.00,24.00,671,282715,13823,-6.15,13.25,-64.24,0.9763,1,0.3499,0.4553,0.9765,10000,3132,10,1.964,580.5,441.8,gicp_d1_i30,5165.1,0.9765,0.2480,0.375,0.480,0.375
8838,1566536818336536959,0.00,24.00,671,282715,13823,-6.15,13.25,-64.24,0.9763,1,0.3499,0.4553,0.9765,10000,3132,10,1.964,580.5,441.8,gicp_d2_i30,5149.1,0.9769,0.2468,0.681,0.524,0.291
8838,1566536818336536959,0.00,24.00,671,282715,13823,-6.15,13.25,-64.24,0.9763,1,0.3499,0.4553,0.9765,10000,3132,10,1.964,580.5,441.8,gicp_d4_i30,5086.9,0.9769,0.2472,0.750,0.541,0.311
8838,1566536818336536959,0.00,24.00,671,282715,13823,-6.15,13.25,-64.24,0.9763,1,0.3499,0.4553,0.9765,10000,3132,10,1.964,580.5,441.8,ndt_r1_i30,1945.5,0.9766,0.2463,0.196,0.539,0.196
8838,1566536818336536959,0.00,24.00,671,282715,13823,-6.15,13.25,-64.24,0.9763,1,0.3499,0.4553,0.9765,10000,3132,10,1.964,580.5,441.8,ndt_r2_i30,2196.1,0.9767,0.2456,0.118,0.567,0.118
8838,1566536818336536959,0.00,24.00,671,282715,13823,-6.15,13.25,-64.24,0.9763,1,0.3499,0.4553,0.9765,10000,3132,10,1.964,580.5,441.8,ndt_r3_i30,2352.0,0.9771,0.2453,0.160,0.634,0.160
8911,1566536825634958594,-24.00,24.00,693,281568,13195,-12.78,27.12,-64.43,0.9009,1,0.6714,0.4218,0.9018,10000,2182,10,3.291,630.4,457.6,none,12.9,0.6733,0.2517,3.808,6.347,3.291
8911,1566536825634958594,-24.00,24.00,693,281568,13195,-12.78,27.12,-64.43,0.9009,1,0.6714,0.4218,0.9018,10000,2182,10,3.291,630.4,457.6,icp_d1_i30,3388.3,0.8042,0.2585,2.911,4.231,2.911
8911,1566536825634958594,-24.00,24.00,693,281568,13195,-12.78,27.12,-64.43,0.9009,1,0.6714,0.4218,0.9018,10000,2182,10,3.291,630.4,457.6,icp_d2_i30,4465.1,0.8290,0.2608,2.157,3.112,2.157
8911,1566536825634958594,-24.00,24.00,693,281568,13195,-12.78,27.12,-64.43,0.9009,1,0.6714,0.4218,0.9018,10000,2182,10,3.291,630.4,457.6,icp_d4_i30,5564.5,0.8827,0.2531,1.318,1.511,1.318
8911,1566536825634958594,-24.00,24.00,693,281568,13195,-12.78,27.12,-64.43,0.9009,1,0.6714,0.4218,0.9018,10000,2182,10,3.291,630.4,457.6,gicp_d1_i30,4923.9,0.9019,0.2493,0.675,0.432,0.507
8911,1566536825634958594,-24.00,24.00,693,281568,13195,-12.78,27.12,-64.43,0.9009,1,0.6714,0.4218,0.9018,10000,2182,10,3.291,630.4,457.6,gicp_d2_i30,5557.2,0.9024,0.2495,0.387,0.433,0.387
8911,1566536825634958594,-24.00,24.00,693,281568,13195,-12.78,27.12,-64.43,0.9009,1,0.6714,0.4218,0.9018,10000,2182,10,3.291,630.4,457.6,gicp_d4_i30,5408.8,0.9021,0.2492,0.567,0.422,0.459
8911,1566536825634958594,-24.00,24.00,693,281568,13195,-12.78,27.12,-64.43,0.9009,1,0.6714,0.4218,0.9018,10000,2182,10,3.291,630.4,457.6,ndt_r1_i30,2069.7,0.8963,0.2544,1.054,1.036,1.054
8911,1566536825634958594,-24.00,24.00,693,281568,13195,-12.78,27.12,-64.43,0.9009,1,0.6714,0.4218,0.9018,10000,2182,10,3.291,630.4,457.6,ndt_r2_i30,2229.1,0.8996,0.2479,0.877,0.910,0.877
8911,1566536825634958594,-24.00,24.00,693,281568,13195,-12.78,27.12,-64.43,0.9009,1,0.6714,0.4218,0.9018,10000,2182,10,3.291,630.4,457.6,ndt_r3_i30,2224.0,0.8996,0.2475,0.831,0.950,0.831
