frame,timestamp_ns,tile_x,tile_y,tile_frames,tile_points,query_points,gt_x,gt_y,gt_yaw_deg,gt_inlier,gt_probe_ok,gt_probe_dt,gt_probe_dr,gt_probe_inlier,evaluated,passed,distinct,oracle_dt,feature_ms,ransac_ms,config,omp_threads,polish_input_points,target_prep_ms,polish_ms,best_inlier,best_error,err_trans,err_rot_deg,oracle_polished_dt
151,1566535949647802761,48.00,-120.00,528,219318,9689,52.05,-110.55,-63.56,0.9645,1,0.2383,0.4196,0.9638,10000,3326,10,2.889,488.9,382.4,icp_d4_i120,1,9689,0.0,7333.5,0.9649,0.2478,0.944,0.619,0.944
151,1566535949647802761,48.00,-120.00,528,219318,9689,52.05,-110.55,-63.56,0.9645,1,0.2383,0.4196,0.9638,10000,3326,10,2.889,488.9,382.4,icp_d4_i120_p5000,1,5000,0.0,3249.9,0.9648,0.2478,0.963,0.607,0.963
151,1566535949647802761,48.00,-120.00,528,219318,9689,52.05,-110.55,-63.56,0.9645,1,0.2383,0.4196,0.9638,10000,3326,10,2.889,488.9,382.4,icp_d4_i120_p2000,1,2000,0.0,1532.3,0.9650,0.2467,0.973,0.588,0.973
151,1566535949647802761,48.00,-120.00,528,219318,9689,52.05,-110.55,-63.56,0.9645,1,0.2383,0.4196,0.9638,10000,3326,10,2.889,488.9,382.4,icp_d4_i120_p1000,1,1000,0.0,731.2,0.9645,0.2492,0.908,0.540,0.908
151,1566535949647802761,48.00,-120.00,528,219318,9689,52.05,-110.55,-63.56,0.9645,1,0.2383,0.4196,0.9638,10000,3326,10,2.889,488.9,382.4,gicp_d4_i120,16,9689,113.7,15866.8,0.9637,0.2488,0.226,0.414,0.226
151,1566535949647802761,48.00,-120.00,528,219318,9689,52.05,-110.55,-63.56,0.9645,1,0.2383,0.4196,0.9638,10000,3326,10,2.889,488.9,382.4,gicp_d4_i120_p5000,16,5000,102.9,15261.2,0.9638,0.2489,0.238,0.393,0.238
151,1566535949647802761,48.00,-120.00,528,219318,9689,52.05,-110.55,-63.56,0.9645,1,0.2383,0.4196,0.9638,10000,3326,10,2.889,488.9,382.4,gicp_d4_i120_p2000,16,2000,106.5,17748.8,0.9639,0.2476,0.937,0.692,0.937
151,1566535949647802761,48.00,-120.00,528,219318,9689,52.05,-110.55,-63.56,0.9645,1,0.2383,0.4196,0.9638,10000,3326,10,2.889,488.9,382.4,gicp_d4_i120_p1000,16,1000,108.1,19577.7,0.9636,0.2462,1.149,0.420,1.149
151,1566535949647802761,48.00,-120.00,528,219318,9689,52.05,-110.55,-63.56,0.9645,1,0.2383,0.4196,0.9638,10000,3326,10,2.889,488.9,382.4,ndt_r3_i120,16,9689,7.7,2043.5,0.9644,0.2452,0.220,0.514,0.220
151,1566535949647802761,48.00,-120.00,528,219318,9689,52.05,-110.55,-63.56,0.9645,1,0.2383,0.4196,0.9638,10000,3326,10,2.889,488.9,382.4,ndt_r3_i120_p5000,16,5000,6.6,2101.7,0.9646,0.2446,0.216,0.499,0.216
151,1566535949647802761,48.00,-120.00,528,219318,9689,52.05,-110.55,-63.56,0.9645,1,0.2383,0.4196,0.9638,10000,3326,10,2.889,488.9,382.4,ndt_r3_i120_p2000,16,2000,6.6,1698.2,0.9644,0.2455,0.219,0.558,0.219
151,1566535949647802761,48.00,-120.00,528,219318,9689,52.05,-110.55,-63.56,0.9645,1,0.2383,0.4196,0.9638,10000,3326,10,2.889,488.9,382.4,ndt_r3_i120_p1000,16,1000,7.7,1448.1,0.9644,0.2451,0.187,0.517,0.187
297,1566535964247888327,0.00,-24.00,617,257232,12943,7.04,-18.22,-60.75,0.9826,1,0.1913,0.7415,0.9834,10000,4085,10,0.380,552.1,517.9,icp_d4_i120,1,12943,0.0,9715.6,0.9832,0.2455,0.343,0.604,0.304
297,1566535964247888327,0.00,-24.00,617,257232,12943,7.04,-18.22,-60.75,0.9826,1,0.1913,0.7415,0.9834,10000,4085,10,0.380,552.1,517.9,icp_d4_i120_p5000,1,5000,0.0,3430.5,0.9832,0.2435,0.206,1.025,0.206
297,1566535964247888327,0.00,-24.00,617,257232,12943,7.04,-18.22,-60.75,0.9826,1,0.1913,0.7415,0.9834,10000,4085,10,0.380,552.1,517.9,icp_d4_i120_p2000,1,2000,0.0,1298.2,0.9832,0.2453,0.350,0.650,0.350
297,1566535964247888327,0.00,-24.00,617,257232,12943,7.04,-18.22,-60.75,0.9826,1,0.1913,0.7415,0.9834,10000,4085,10,0.380,552.1,517.9,icp_d4_i120_p1000,1,1000,0.0,706.2,0.9832,0.2453,0.322,0.545,0.289
297,1566535964247888327,0.00,-24.00,617,257232,12943,7.04,-18.22,-60.75,0.9826,1,0.1913,0.7415,0.9834,10000,4085,10,0.380,552.1,517.9,gicp_d4_i120,16,12943,122.6,5120.7,0.9834,0.2456,0.190,0.740,0.190
297,1566535964247888327,0.00,-24.00,617,257232,12943,7.04,-18.22,-60.75,0.9826,1,0.1913,0.7415,0.9834,10000,4085,10,0.380,552.1,517.9,gicp_d4_i120_p5000,16,5000,130.8,5980.2,0.9835,0.2451,0.181,0.735,0.181
297,1566535964247888327,0.00,-24.00,617,257232,12943,7.04,-18.22,-60.75,0.9826,1,0.1913,0.7415,0.9834,10000,4085,10,0.380,552.1,517.9,gicp_d4_i120_p2000,16,2000,123.8,11945.1,0.9837,0.2459,0.231,0.841,0.207
297,1566535964247888327,0.00,-24.00,617,257232,12943,7.04,-18.22,-60.75,0.9826,1,0.1913,0.7415,0.9834,10000,4085,10,0.380,552.1,517.9,gicp_d4_i120_p1000,16,1000,122.1,10202.8,0.9835,0.2448,0.172,0.696,0.168
297,1566535964247888327,0.00,-24.00,617,257232,12943,7.04,-18.22,-60.75,0.9826,1,0.1913,0.7415,0.9834,10000,4085,10,0.380,552.1,517.9,ndt_r3_i120,16,12943,9.6,4569.8,0.9837,0.2399,0.317,0.920,0.317
297,1566535964247888327,0.00,-24.00,617,257232,12943,7.04,-18.22,-60.75,0.9826,1,0.1913,0.7415,0.9834,10000,4085,10,0.380,552.1,517.9,ndt_r3_i120_p5000,16,5000,8.3,3847.6,0.9836,0.2396,0.329,0.929,0.247
297,1566535964247888327,0.00,-24.00,617,257232,12943,7.04,-18.22,-60.75,0.9826,1,0.1913,0.7415,0.9834,10000,4085,10,0.380,552.1,517.9,ndt_r3_i120_p2000,16,2000,8.3,3592.2,0.9838,0.2397,0.251,0.937,0.236
297,1566535964247888327,0.00,-24.00,617,257232,12943,7.04,-18.22,-60.75,0.9826,1,0.1913,0.7415,0.9834,10000,4085,10,0.380,552.1,517.9,ndt_r3_i120_p1000,16,1000,8.4,3058.7,0.9837,0.2398,0.360,0.969,0.317
443,1566535978854089230,-48.00,72.00,751,277294,10901,-48.60,83.87,-57.34,0.9557,1,0.1392,0.3105,0.9558,10000,3495,10,3.733,461.2,351.3,icp_d4_i120,1,10901,0.0,14021.7,0.9541,0.2412,1.704,0.330,1.704
443,1566535978854089230,-48.00,72.00,751,277294,10901,-48.60,83.87,-57.34,0.9557,1,0.1392,0.3105,0.9558,10000,3495,10,3.733,461.2,351.3,icp_d4_i120_p5000,1,5000,0.0,6265.4,0.9539,0.2433,1.791,0.266,1.791
443,1566535978854089230,-48.00,72.00,751,277294,10901,-48.60,83.87,-57.34,0.9557,1,0.1392,0.3105,0.9558,10000,3495,10,3.733,461.2,351.3,icp_d4_i120_p2000,1,2000,0.0,2572.7,0.9531,0.2423,1.771,0.520,1.771
443,1566535978854089230,-48.00,72.00,751,277294,10901,-48.60,83.87,-57.34,0.9557,1,0.1392,0.3105,0.9558,10000,3495,10,3.733,461.2,351.3,icp_d4_i120_p1000,1,1000,0.0,924.1,0.9498,0.2441,1.896,0.791,1.896
443,1566535978854089230,-48.00,72.00,751,277294,10901,-48.60,83.87,-57.34,0.9557,1,0.1392,0.3105,0.9558,10000,3495,10,3.733,461.2,351.3,gicp_d4_i120,16,10901,125.9,13011.3,0.9565,0.2417,1.332,0.300,0.146
443,1566535978854089230,-48.00,72.00,751,277294,10901,-48.60,83.87,-57.34,0.9557,1,0.1392,0.3105,0.9558,10000,3495,10,3.733,461.2,351.3,gicp_d4_i120_p5000,16,5000,137.8,12280.9,0.9563,0.2440,1.131,0.402,0.107
443,1566535978854089230,-48.00,72.00,751,277294,10901,-48.60,83.87,-57.34,0.9557,1,0.1392,0.3105,0.9558,10000,3495,10,3.733,461.2,351.3,gicp_d4_i120_p2000,16,2000,143.5,17886.0,0.9564,0.2410,0.662,0.641,0.155
443,1566535978854089230,-48.00,72.00,751,277294,10901,-48.60,83.87,-57.34,0.9557,1,0.1392,0.3105,0.9558,10000,3495,10,3.733,461.2,351.3,gicp_d4_i120_p1000,16,1000,130.1,13204.1,0.9565,0.2442,1.028,0.461,1.028
443,1566535978854089230,-48.00,72.00,751,277294,10901,-48.60,83.87,-57.34,0.9557,1,0.1392,0.3105,0.9558,10000,3495,10,3.733,461.2,351.3,ndt_r3_i120,16,10901,16.3,6475.6,0.9571,0.2397,0.552,0.554,0.552
443,1566535978854089230,-48.00,72.00,751,277294,10901,-48.60,83.87,-57.34,0.9557,1,0.1392,0.3105,0.9558,10000,3495,10,3.733,461.2,351.3,ndt_r3_i120_p5000,16,5000,10.9,4967.8,0.9569,0.2396,0.617,0.551,0.617
443,1566535978854089230,-48.00,72.00,751,277294,10901,-48.60,83.87,-57.34,0.9557,1,0.1392,0.3105,0.9558,10000,3495,10,3.733,461.2,351.3,ndt_r3_i120_p2000,16,2000,8.9,2619.8,0.9568,0.2394,0.600,0.579,0.600
443,1566535978854089230,-48.00,72.00,751,277294,10901,-48.60,83.87,-57.34,0.9557,1,0.1392,0.3105,0.9558,10000,3495,10,3.733,461.2,351.3,ndt_r3_i120_p1000,16,1000,9.1,2736.6,0.9569,0.2405,0.746,0.570,0.746
589,1566535993448103142,-120.00,192.00,936,292436,11216,-120.17,184.36,-50.83,0.9796,0,0.1738,0.1839,0.9796,10000,2463,10,1.832,596.6,385.2,icp_d4_i120,1,11216,0.0,11821.6,0.9794,0.2471,0.163,0.243,0.163
589,1566535993448103142,-120.00,192.00,936,292436,11216,-120.17,184.36,-50.83,0.9796,0,0.1738,0.1839,0.9796,10000,2463,10,1.832,596.6,385.2,icp_d4_i120_p5000,1,5000,0.0,5257.7,0.9795,0.2464,0.132,0.383,0.132
589,1566535993448103142,-120.00,192.00,936,292436,11216,-120.17,184.36,-50.83,0.9796,0,0.1738,0.1839,0.9796,10000,2463,10,1.832,596.6,385.2,icp_d4_i120_p2000,1,2000,0.0,2342.3,0.9796,0.2463,0.206,0.341,0.206
589,1566535993448103142,-120.00,192.00,936,292436,11216,-120.17,184.36,-50.83,0.9796,0,0.1738,0.1839,0.9796,10000,2463,10,1.832,596.6,385.2,icp_d4_i120_p1000,1,1000,0.0,1187.4,0.9792,0.2465,0.218,0.539,0.218
589,1566535993448103142,-120.00,192.00,936,292436,11216,-120.17,184.36,-50.83,0.9796,0,0.1738,0.1839,0.9796,10000,2463,10,1.832,596.6,385.2,gicp_d4_i120,16,11216,135.6,17485.5,0.9794,0.2467,0.159,0.185,0.159
589,1566535993448103142,-120.00,192.00,936,292436,11216,-120.17,184.36,-50.83,0.9796,0,0.1738,0.1839,0.9796,10000,2463,10,1.832,596.6,385.2,gicp_d4_i120_p5000,16,5000,139.4,18391.8,0.9796,0.2476,0.018,0.319,0.018
589,1566535993448103142,-120.00,192.00,936,292436,11216,-120.17,184.36,-50.83,0.9796,0,0.1738,0.1839,0.9796,10000,2463,10,1.832,596.6,385.2,gicp_d4_i120_p2000,16,2000,148.5,16108.1,0.9796,0.2455,0.041,0.272,0.041
589,1566535993448103142,-120.00,192.00,936,292436,11216,-120.17,184.36,-50.83,0.9796,0,0.1738,0.1839,0.9796,10000,2463,10,1.832,596.6,385.2,gicp_d4_i120_p1000,16,1000,148.2,16706.4,0.9799,0.2465,0.093,0.297,0.093
589,1566535993448103142,-120.00,192.00,936,292436,11216,-120.17,184.36,-50.83,0.9796,0,0.1738,0.1839,0.9796,10000,2463,10,1.832,596.6,385.2,ndt_r3_i120,16,11216,11.7,4607.7,0.9793,0.2442,0.554,0.209,0.436
589,1566535993448103142,-120.00,192.00,936,292436,11216,-120.17,184.36,-50.83,0.9796,0,0.1738,0.1839,0.9796,10000,2463,10,1.832,596.6,385.2,ndt_r3_i120_p5000,16,5000,9.2,3054.3,0.9795,0.2445,0.451,0.203,0.451
589,1566535993448103142,-120.00,192.00,936,292436,11216,-120.17,184.36,-50.83,0.9796,0,0.1738,0.1839,0.9796,10000,2463,10,1.832,596.6,385.2,ndt_r3_i120_p2000,16,2000,9.1,2119.2,0.9794,0.2442,0.507,0.236,0.507
589,1566535993448103142,-120.00,192.00,936,292436,11216,-120.17,184.36,-50.83,0.9796,0,0.1738,0.1839,0.9796,10000,2463,10,1.832,596.6,385.2,ndt_r3_i120_p1000,16,1000,9.2,1614.5,0.9794,0.2455,0.239,0.229,0.239
735,1566536008046224830,-192.00,264.00,958,326376,12004,-188.30,259.72,-89.70,0.9948,0,0.1347,0.6300,0.9943,10000,2791,10,7.024,659.3,392.3,icp_d4_i120,1,12004,0.0,13730.9,0.9944,0.2405,0.673,0.000,0.517
735,1566536008046224830,-192.00,264.00,958,326376,12004,-188.30,259.72,-89.70,0.9948,0,0.1347,0.6300,0.9943,10000,2791,10,7.024,659.3,392.3,icp_d4_i120_p5000,1,5000,0.0,4837.2,0.9946,0.2395,0.698,0.000,0.530
735,1566536008046224830,-192.00,264.00,958,326376,12004,-188.30,259.72,-89.70,0.9948,0,0.1347,0.6300,0.9943,10000,2791,10,7.024,659.3,392.3,icp_d4_i120_p2000,1,2000,0.0,2117.2,0.9947,0.2426,0.626,0.000,0.554
735,1566536008046224830,-192.00,264.00,958,326376,12004,-188.30,259.72,-89.70,0.9948,0,0.1347,0.6300,0.9943,10000,2791,10,7.024,659.3,392.3,icp_d4_i120_p1000,1,1000,0.0,1281.6,0.9942,0.2407,0.689,0.000,0.689
735,1566536008046224830,-192.00,264.00,958,326376,12004,-188.30,259.72,-89.70,0.9948,0,0.1347,0.6300,0.9943,10000,2791,10,7.024,659.3,392.3,gicp_d4_i120,16,12004,165.2,16890.1,0.9943,0.2467,0.084,0.626,0.084
735,1566536008046224830,-192.00,264.00,958,326376,12004,-188.30,259.72,-89.70,0.9948,0,0.1347,0.6300,0.9943,10000,2791,10,7.024,659.3,392.3,gicp_d4_i120_p5000,16,5000,159.8,15092.5,0.9943,0.2464,0.141,0.694,0.095
735,1566536008046224830,-192.00,264.00,958,326376,12004,-188.30,259.72,-89.70,0.9948,0,0.1347,0.6300,0.9943,10000,2791,10,7.024,659.3,392.3,gicp_d4_i120_p2000,16,2000,156.2,16581.0,0.9949,0.2389,0.179,0.267,0.147
735,1566536008046224830,-192.00,264.00,958,326376,12004,-188.30,259.72,-89.70,0.9948,0,0.1347,0.6300,0.9943,10000,2791,10,7.024,659.3,392.3,gicp_d4_i120_p1000,16,1000,162.0,16896.4,0.9948,0.2435,0.293,0.286,0.293
735,1566536008046224830,-192.00,264.00,958,326376,12004,-188.30,259.72,-89.70,0.9948,0,0.1347,0.6300,0.9943,10000,2791,10,7.024,659.3,392.3,ndt_r3_i120,16,12004,15.3,4590.5,0.9949,0.2428,0.302,0.761,0.260
735,1566536008046224830,-192.00,264.00,958,326376,12004,-188.30,259.72,-89.70,0.9948,0,0.1347,0.6300,0.9943,10000,2791,10,7.024,659.3,392.3,ndt_r3_i120_p5000,16,5000,10.4,4145.9,0.9950,0.2434,0.240,0.707,0.240
735,1566536008046224830,-192.00,264.00,958,326376,12004,-188.30,259.72,-89.70,0.9948,0,0.1347,0.6300,0.9943,10000,2791,10,7.024,659.3,392.3,ndt_r3_i120_p2000,16,2000,10.3,2610.8,0.9952,0.2432,0.204,0.681,0.204
735,1566536008046224830,-192.00,264.00,958,326376,12004,-188.30,259.72,-89.70,0.9948,0,0.1347,0.6300,0.9943,10000,2791,10,7.024,659.3,392.3,ndt_r3_i120_p1000,16,1000,10.5,2185.7,0.9951,0.2424,0.273,0.786,0.182
881,1566536022645760706,-96.00,312.00,1104,321922,12698,-107.76,314.25,-147.43,0.9264,0,0.9256,0.3022,0.9202,10000,3613,10,0.821,630.8,424.3,icp_d4_i120,1,12698,0.0,14309.3,0.9285,0.2491,0.717,0.683,0.542
881,1566536022645760706,-96.00,312.00,1104,321922,12698,-107.76,314.25,-147.43,0.9264,0,0.9256,0.3022,0.9202,10000,3613,10,0.821,630.8,424.3,icp_d4_i120_p5000,1,5000,0.0,5614.1,0.9272,0.2483,0.726,0.744,0.549
881,1566536022645760706,-96.00,312.00,1104,321922,12698,-107.76,314.25,-147.43,0.9264,0,0.9256,0.3022,0.9202,10000,3613,10,0.821,630.8,424.3,icp_d4_i120_p2000,1,2000,0.0,2027.4,0.9291,0.2509,0.869,0.803,0.631
881,1566536022645760706,-96.00,312.00,1104,321922,12698,-107.76,314.25,-147.43,0.9264,0,0.9256,0.3022,0.9202,10000,3613,10,0.821,630.8,424.3,icp_d4_i120_p1000,1,1000,0.0,1018.3,0.9294,0.2489,0.596,0.762,0.367
881,1566536022645760706,-96.00,312.00,1104,321922,12698,-107.76,314.25,-147.43,0.9264,0,0.9256,0.3022,0.9202,10000,3613,10,0.821,630.8,424.3,gicp_d4_i120,16,12698,158.7,18858.6,0.8941,0.2425,1.266,0.458,1.266
881,1566536022645760706,-96.00,312.00,1104,321922,12698,-107.76,314.25,-147.43,0.9264,0,0.9256,0.3022,0.9202,10000,3613,10,0.821,630.8,424.3,gicp_d4_i120_p5000,16,5000,151.7,11264.4,0.9220,0.2448,0.904,0.537,0.904
881,1566536022645760706,-96.00,312.00,1104,321922,12698,-107.76,314.25,-147.43,0.9264,0,0.9256,0.3022,0.9202,10000,3613,10,0.821,630.8,424.3,gicp_d4_i120_p2000,16,2000,168.2,10793.8,0.9264,0.2510,0.703,0.786,0.703
881,1566536022645760706,-96.00,312.00,1104,321922,12698,-107.76,314.25,-147.43,0.9264,0,0.9256,0.3022,0.9202,10000,3613,10,0.821,630.8,424.3,gicp_d4_i120_p1000,16,1000,169.8,17001.2,0.9253,0.2485,0.942,0.618,0.942
881,1566536022645760706,-96.00,312.00,1104,321922,12698,-107.76,314.25,-147.43,0.9264,0,0.9256,0.3022,0.9202,10000,3613,10,0.821,630.8,424.3,ndt_r3_i120,16,12698,13.1,4616.9,0.9253,0.2481,0.500,0.291,0.449
881,1566536022645760706,-96.00,312.00,1104,321922,12698,-107.76,314.25,-147.43,0.9264,0,0.9256,0.3022,0.9202,10000,3613,10,0.821,630.8,424.3,ndt_r3_i120_p5000,16,5000,10.6,4027.5,0.9245,0.2480,0.427,0.308,0.427
881,1566536022645760706,-96.00,312.00,1104,321922,12698,-107.76,314.25,-147.43,0.9264,0,0.9256,0.3022,0.9202,10000,3613,10,0.821,630.8,424.3,ndt_r3_i120_p2000,16,2000,10.5,3481.9,0.9251,0.2478,0.510,0.326,0.392
881,1566536022645760706,-96.00,312.00,1104,321922,12698,-107.76,314.25,-147.43,0.9264,0,0.9256,0.3022,0.9202,10000,3613,10,0.821,630.8,424.3,ndt_r3_i120_p1000,16,1000,11.0,3100.7,0.9238,0.2476,0.513,0.352,0.506
1027,1566536037247571899,-24.00,312.00,918,262121,10204,-25.76,323.82,137.57,0.9579,1,0.2117,0.3504,0.9578,10000,1719,10,2.343,530.5,339.5,icp_d4_i120,1,10204,0.0,8787.4,0.9590,0.2414,0.208,0.259,0.208
1027,1566536037247571899,-24.00,312.00,918,262121,10204,-25.76,323.82,137.57,0.9579,1,0.2117,0.3504,0.9578,10000,1719,10,2.343,530.5,339.5,icp_d4_i120_p5000,1,5000,0.0,4440.6,0.9588,0.2411,0.210,0.148,0.210
1027,1566536037247571899,-24.00,312.00,918,262121,10204,-25.76,323.82,137.57,0.9579,1,0.2117,0.3504,0.9578,10000,1719,10,2.343,530.5,339.5,icp_d4_i120_p2000,1,2000,0.0,2106.1,0.9589,0.2412,0.223,0.394,0.223
1027,1566536037247571899,-24.00,312.00,918,262121,10204,-25.76,323.82,137.57,0.9579,1,0.2117,0.3504,0.9578,10000,1719,10,2.343,530.5,339.5,icp_d4_i120_p1000,1,1000,0.0,1163.8,0.9589,0.2420,0.237,0.274,0.237
1027,1566536037247571899,-24.00,312.00,918,262121,10204,-25.76,323.82,137.57,0.9579,1,0.2117,0.3504,0.9578,10000,1719,10,2.343,530.5,339.5,gicp_d4_i120,16,10204,131.1,10690.9,0.9578,0.2418,0.213,0.352,0.213
1027,1566536037247571899,-24.00,312.00,918,262121,10204,-25.76,323.82,137.57,0.9579,1,0.2117,0.3504,0.9578,10000,1719,10,2.343,530.5,339.5,gicp_d4_i120_p5000,16,5000,139.5,10498.9,0.9575,0.2422,0.184,0.460,0.181
1027,1566536037247571899,-24.00,312.00,918,262121,10204,-25.76,323.82,137.57,0.9579,1,0.2117,0.3504,0.9578,10000,1719,10,2.343,530.5,339.5,gicp_d4_i120_p2000,16,2000,128.8,10628.9,0.9579,0.2420,0.208,0.467,0.204
1027,1566536037247571899,-24.00,312.00,918,262121,10204,-25.76,323.82,137.57,0.9579,1,0.2117,0.3504,0.9578,10000,1719,10,2.343,530.5,339.5,gicp_d4_i120_p1000,16,1000,121.6,6697.1,0.9583,0.2416,0.355,0.594,0.355
1027,1566536037247571899,-24.00,312.00,918,262121,10204,-25.76,323.82,137.57,0.9579,1,0.2117,0.3504,0.9578,10000,1719,10,2.343,530.5,339.5,ndt_r3_i120,16,10204,12.9,3992.9,0.9584,0.2411,0.319,0.530,0.305
1027,1566536037247571899,-24.00,312.00,918,262121,10204,-25.76,323.82,137.57,0.9579,1,0.2117,0.3504,0.9578,10000,1719,10,2.343,530.5,339.5,ndt_r3_i120_p5000,16,5000,8.9,3614.6,0.9583,0.2410,0.320,0.516,0.320
1027,1566536037247571899,-24.00,312.00,918,262121,10204,-25.76,323.82,137.57,0.9579,1,0.2117,0.3504,0.9578,10000,1719,10,2.343,530.5,339.5,ndt_r3_i120_p2000,16,2000,8.8,3132.4,0.9584,0.2404,0.284,0.562,0.282
1027,1566536037247571899,-24.00,312.00,918,262121,10204,-25.76,323.82,137.57,0.9579,1,0.2117,0.3504,0.9578,10000,1719,10,2.343,530.5,339.5,ndt_r3_i120_p1000,16,1000,9.2,3119.5,0.9583,0.2417,0.348,0.510,0.346
1173,1566536051851512454,72.00,264.00,696,273520,11346,75.28,258.12,163.06,0.9730,1,0.2416,0.6756,0.9750,10000,3999,10,0.876,525.5,378.5,icp_d4_i120,1,11346,0.0,12116.3,0.9751,0.2485,0.213,0.759,0.189
1173,1566536051851512454,72.00,264.00,696,273520,11346,75.28,258.12,163.06,0.9730,1,0.2416,0.6756,0.9750,10000,3999,10,0.876,525.5,378.5,icp_d4_i120_p5000,1,5000,0.0,5137.4,0.9751,0.2483,0.201,0.782,0.183
1173,1566536051851512454,72.00,264.00,696,273520,11346,75.28,258.12,163.06,0.9730,1,0.2416,0.6756,0.9750,10000,3999,10,0.876,525.5,378.5,icp_d4_i120_p2000,1,2000,0.0,2166.0,0.9750,0.2489,0.197,0.631,0.185
1173,1566536051851512454,72.00,264.00,696,273520,11346,75.28,258.12,163.06,0.9730,1,0.2416,0.6756,0.9750,10000,3999,10,0.876,525.5,378.5,icp_d4_i120_p1000,1,1000,0.0,1001.0,0.9752,0.2486,0.241,0.789,0.200
1173,1566536051851512454,72.00,264.00,696,273520,11346,75.28,258.12,163.06,0.9730,1,0.2416,0.6756,0.9750,10000,3999,10,0.876,525.5,378.5,gicp_d4_i120,16,11346,128.0,12615.0,0.9751,0.2474,0.242,0.676,0.242
1173,1566536051851512454,72.00,264.00,696,273520,11346,75.28,258.12,163.06,0.9730,1,0.2416,0.6756,0.9750,10000,3999,10,0.876,525.5,378.5,gicp_d4_i120_p5000,16,5000,139.8,15155.5,0.9751,0.2470,0.184,0.627,0.182
1173,1566536051851512454,72.00,264.00,696,273520,11346,75.28,258.12,163.06,0.9730,1,0.2416,0.6756,0.9750,10000,3999,10,0.876,525.5,378.5,gicp_d4_i120_p2000,16,2000,129.1,20198.4,0.9751,0.2476,0.194,0.769,0.194
1173,1566536051851512454,72.00,264.00,696,273520,11346,75.28,258.12,163.06,0.9730,1,0.2416,0.6756,0.9750,10000,3999,10,0.876,525.5,378.5,gicp_d4_i120_p1000,16,1000,139.2,18513.6,0.9751,0.2456,0.170,0.563,0.142
1173,1566536051851512454,72.00,264.00,696,273520,11346,75.28,258.12,163.06,0.9730,1,0.2416,0.6756,0.9750,10000,3999,10,0.876,525.5,378.5,ndt_r3_i120,16,11346,11.0,3856.6,0.9748,0.2467,0.213,0.650,0.213
1173,1566536051851512454,72.00,264.00,696,273520,11346,75.28,258.12,163.06,0.9730,1,0.2416,0.6756,0.9750,10000,3999,10,0.876,525.5,378.5,ndt_r3_i120_p5000,16,5000,9.2,2673.2,0.9747,0.2470,0.217,0.623,0.217
1173,1566536051851512454,72.00,264.00,696,273520,11346,75.28,258.12,163.06,0.9730,1,0.2416,0.6756,0.9750,10000,3999,10,0.876,525.5,378.5,ndt_r3_i120_p2000,16,2000,9.3,2470.8,0.9751,0.2479,0.196,0.776,0.187
1173,1566536051851512454,72.00,264.00,696,273520,11346,75.28,258.12,163.06,0.9730,1,0.2416,0.6756,0.9750,10000,3999,10,0.876,525.5,378.5,ndt_r3_i120_p1000,16,1000,9.3,2416.9,0.9748,0.2473,0.190,0.703,0.182
1319,1566536066447122403,192.00,264.00,329,188020,14809,194.16,256.76,-166.90,0.7994,0,2.0232,0.7532,0.9949,10000,727,10,1.061,564.5,441.8,icp_d4_i120,1,14809,0.0,8587.8,0.9950,0.2456,2.040,0.727,1.954
1319,1566536066447122403,192.00,264.00,329,188020,14809,194.16,256.76,-166.90,0.7994,0,2.0232,0.7532,0.9949,10000,727,10,1.061,564.5,441.8,icp_d4_i120_p5000,1,5000,0.0,3019.8,0.9950,0.2456,2.046,0.761,1.993
1319,1566536066447122403,192.00,264.00,329,188020,14809,194.16,256.76,-166.90,0.7994,0,2.0232,0.7532,0.9949,10000,727,10,1.061,564.5,441.8,icp_d4_i120_p2000,1,2000,0.0,1370.9,0.9949,0.2457,2.023,0.689,1.928
1319,1566536066447122403,192.00,264.00,329,188020,14809,194.16,256.76,-166.90,0.7994,0,2.0232,0.7532,0.9949,10000,727,10,1.061,564.5,441.8,icp_d4_i120_p1000,1,1000,0.0,752.4,0.9951,0.2456,2.103,0.891,1.963
1319,1566536066447122403,192.00,264.00,329,188020,14809,194.16,256.76,-166.90,0.7994,0,2.0232,0.7532,0.9949,10000,727,10,1.061,564.5,441.8,gicp_d4_i120,16,14809,98.8,5048.2,0.9949,0.2463,2.018,0.743,2.018
1319,1566536066447122403,192.00,264.00,329,188020,14809,194.16,256.76,-166.90,0.7994,0,2.0232,0.7532,0.9949,10000,727,10,1.061,564.5,441.8,gicp_d4_i120_p5000,16,5000,98.3,5076.9,0.9947,0.2460,2.053,0.841,2.052
1319,1566536066447122403,192.00,264.00,329,188020,14809,194.16,256.76,-166.90,0.7994,0,2.0232,0.7532,0.9949,10000,727,10,1.061,564.5,441.8,gicp_d4_i120_p2000,16,2000,84.1,9181.9,0.9950,0.2463,1.997,0.713,1.997
1319,1566536066447122403,192.00,264.00,329,188020,14809,194.16,256.76,-166.90,0.7994,0,2.0232,0.7532,0.9949,10000,727,10,1.061,564.5,441.8,gicp_d4_i120_p1000,16,1000,88.1,4214.0,0.9948,0.2469,2.079,0.971,2.062
1319,1566536066447122403,192.00,264.00,329,188020,14809,194.16,256.76,-166.90,0.7994,0,2.0232,0.7532,0.9949,10000,727,10,1.061,564.5,441.8,ndt_r3_i120,16,14809,8.4,3668.6,0.9951,0.2464,2.057,0.790,1.029
1319,1566536066447122403,192.00,264.00,329,188020,14809,194.16,256.76,-166.90,0.7994,0,2.0232,0.7532,0.9949,10000,727,10,1.061,564.5,441.8,ndt_r3_i120_p5000,16,5000,7.3,3274.4,0.9951,0.2464,2.050,0.770,1.026
1319,1566536066447122403,192.00,264.00,329,188020,14809,194.16,256.76,-166.90,0.7994,0,2.0232,0.7532,0.9949,10000,727,10,1.061,564.5,441.8,ndt_r3_i120_p2000,16,2000,7.0,2919.7,0.9951,0.2465,2.069,0.775,1.049
1319,1566536066447122403,192.00,264.00,329,188020,14809,194.16,256.76,-166.90,0.7994,0,2.0232,0.7532,0.9949,10000,727,10,1.061,564.5,441.8,ndt_r3_i120_p1000,16,1000,7.0,3033.2,0.9951,0.2466,2.066,0.762,2.061
1465,1566536081049606321,312.00,288.00,350,158664,11114,307.15,282.23,129.23,0.9873,1,0.6249,0.7910,0.9950,10000,1891,10,1.377,394.8,311.8,icp_d4_i120,1,11114,0.0,9248.2,0.9950,0.2507,0.548,0.812,0.548
1465,1566536081049606321,312.00,288.00,350,158664,11114,307.15,282.23,129.23,0.9873,1,0.6249,0.7910,0.9950,10000,1891,10,1.377,394.8,311.8,icp_d4_i120_p5000,1,5000,0.0,4025.6,0.9951,0.2508,0.628,0.753,0.557
1465,1566536081049606321,312.00,288.00,350,158664,11114,307.15,282.23,129.23,0.9873,1,0.6249,0.7910,0.9950,10000,1891,10,1.377,394.8,311.8,icp_d4_i120_p2000,1,2000,0.0,1622.0,0.9951,0.2501,0.675,0.827,0.580
1465,1566536081049606321,312.00,288.00,350,158664,11114,307.15,282.23,129.23,0.9873,1,0.6249,0.7910,0.9950,10000,1891,10,1.377,394.8,311.8,icp_d4_i120_p1000,1,1000,0.0,966.7,0.9951,0.2502,0.658,0.874,0.605
1465,1566536081049606321,312.00,288.00,350,158664,11114,307.15,282.23,129.23,0.9873,1,0.6249,0.7910,0.9950,10000,1891,10,1.377,394.8,311.8,gicp_d4_i120,16,11114,70.5,7352.7,0.9950,0.2521,0.624,0.791,0.623
1465,1566536081049606321,312.00,288.00,350,158664,11114,307.15,282.23,129.23,0.9873,1,0.6249,0.7910,0.9950,10000,1891,10,1.377,394.8,311.8,gicp_d4_i120_p5000,16,5000,76.9,8431.8,0.9950,0.2516,0.654,0.716,0.654
1465,1566536081049606321,312.00,288.00,350,158664,11114,307.15,282.23,129.23,0.9873,1,0.6249,0.7910,0.9950,10000,1891,10,1.377,394.8,311.8,gicp_d4_i120_p2000,16,2000,83.5,12971.2,0.9950,0.2522,0.630,0.674,0.630
1465,1566536081049606321,312.00,288.00,350,158664,11114,307.15,282.23,129.23,0.9873,1,0.6249,0.7910,0.9950,10000,1891,10,1.377,394.8,311.8,gicp_d4_i120_p1000,16,1000,77.6,4243.0,0.9951,0.2523,0.616,0.872,0.610
1465,1566536081049606321,312.00,288.00,350,158664,11114,307.15,282.23,129.23,0.9873,1,0.6249,0.7910,0.9950,10000,1891,10,1.377,394.8,311.8,ndt_r3_i120,16,11114,6.7,3514.5,0.9951,0.2522,0.640,0.580,0.627
1465,1566536081049606321,312.00,288.00,350,158664,11114,307.15,282.23,129.23,0.9873,1,0.6249,0.7910,0.9950,10000,1891,10,1.377,394.8,311.8,ndt_r3_i120_p5000,16,5000,5.7,2966.6,0.9951,0.2527,0.633,0.611,0.618
1465,1566536081049606321,312.00,288.00,350,158664,11114,307.15,282.23,129.23,0.9873,1,0.6249,0.7910,0.9950,10000,1891,10,1.377,394.8,311.8,ndt_r3_i120_p2000,16,2000,6.0,2615.4,0.9950,0.2524,0.619,0.623,0.615
1465,1566536081049606321,312.00,288.00,350,158664,11114,307.15,282.23,129.23,0.9873,1,0.6249,0.7910,0.9950,10000,1891,10,1.377,394.8,311.8,ndt_r3_i120_p1000,16,1000,8.9,2808.3,0.9950,0.2526,0.631,0.610,0.621
1611,1566536095644964355,360.00,192.00,418,212491,8630,369.62,185.75,122.54,0.9761,1,0.7621,0.4141,0.9815,10000,3085,10,5.058,418.1,276.2,icp_d4_i120,1,8630,0.0,9706.0,0.9815,0.2466,0.820,0.472,0.820
1611,1566536095644964355,360.00,192.00,418,212491,8630,369.62,185.75,122.54,0.9761,1,0.7621,0.4141,0.9815,10000,3085,10,5.058,418.1,276.2,icp_d4_i120_p5000,1,5000,0.0,4571.8,0.9810,0.2474,0.913,0.447,0.913
1611,1566536095644964355,360.00,192.00,418,212491,8630,369.62,185.75,122.54,0.9761,1,0.7621,0.4141,0.9815,10000,3085,10,5.058,418.1,276.2,icp_d4_i120_p2000,1,2000,0.0,2121.2,0.9809,0.2479,0.866,0.602,0.866
1611,1566536095644964355,360.00,192.00,418,212491,8630,369.62,185.75,122.54,0.9761,1,0.7621,0.4141,0.9815,10000,3085,10,5.058,418.1,276.2,icp_d4_i120_p1000,1,1000,0.0,792.9,0.9811,0.2476,0.848,0.590,0.848
1611,1566536095644964355,360.00,192.00,418,212491,8630,369.62,185.75,122.54,0.9761,1,0.7621,0.4141,0.9815,10000,3085,10,5.058,418.1,276.2,gicp_d4_i120,16,8630,96.0,16478.7,0.9815,0.2453,0.779,0.388,0.779
1611,1566536095644964355,360.00,192.00,418,212491,8630,369.62,185.75,122.54,0.9761,1,0.7621,0.4141,0.9815,10000,3085,10,5.058,418.1,276.2,gicp_d4_i120_p5000,16,5000,103.4,17116.6,0.9815,0.2449,0.770,0.384,0.770
1611,1566536095644964355,360.00,192.00,418,212491,8630,369.62,185.75,122.54,0.9761,1,0.7621,0.4141,0.9815,10000,3085,10,5.058,418.1,276.2,gicp_d4_i120_p2000,16,2000,97.5,17757.0,0.9817,0.2433,0.592,0.600,0.592
1611,1566536095644964355,360.00,192.00,418,212491,8630,369.62,185.75,122.54,0.9761,1,0.7621,0.4141,0.9815,10000,3085,10,5.058,418.1,276.2,gicp_d4_i120_p1000,16,1000,110.8,17315.3,0.9811,0.2441,0.650,0.033,0.650
1611,1566536095644964355,360.00,192.00,418,212491,8630,369.62,185.75,122.54,0.9761,1,0.7621,0.4141,0.9815,10000,3085,10,5.058,418.1,276.2,ndt_r3_i120,16,8630,9.7,3237.3,0.9816,0.2467,0.720,0.487,0.720
1611,1566536095644964355,360.00,192.00,418,212491,8630,369.62,185.75,122.54,0.9761,1,0.7621,0.4141,0.9815,10000,3085,10,5.058,418.1,276.2,ndt_r3_i120_p5000,16,5000,7.4,2742.7,0.9813,0.2469,0.759,0.479,0.759
1611,1566536095644964355,360.00,192.00,418,212491,8630,369.62,185.75,122.54,0.9761,1,0.7621,0.4141,0.9815,10000,3085,10,5.058,418.1,276.2,ndt_r3_i120_p2000,16,2000,7.2,2044.9,0.9816,0.2464,0.725,0.480,0.725
1611,1566536095644964355,360.00,192.00,418,212491,8630,369.62,185.75,122.54,0.9761,1,0.7621,0.4141,0.9815,10000,3085,10,5.058,418.1,276.2,ndt_r3_i120_p1000,16,1000,7.1,1670.4,0.9818,0.2462,0.680,0.559,0.680
1757,1566536110248473293,432.00,168.00,389,202322,9627,427.87,179.82,-144.43,0.9816,1,0.6342,0.1902,0.9805,10000,5591,10,3.715,483.2,313.3,icp_d4_i120,1,9627,0.0,9815.3,0.9808,0.2475,0.577,0.129,0.577
1757,1566536110248473293,432.00,168.00,389,202322,9627,427.87,179.82,-144.43,0.9816,1,0.6342,0.1902,0.9805,10000,5591,10,3.715,483.2,313.3,icp_d4_i120_p5000,1,5000,0.0,5008.6,0.9808,0.2474,0.590,0.169,0.590
1757,1566536110248473293,432.00,168.00,389,202322,9627,427.87,179.82,-144.43,0.9816,1,0.6342,0.1902,0.9805,10000,5591,10,3.715,483.2,313.3,icp_d4_i120_p2000,1,2000,0.0,1476.0,0.9807,0.2470,0.584,0.239,0.584
1757,1566536110248473293,432.00,168.00,389,202322,9627,427.87,179.82,-144.43,0.9816,1,0.6342,0.1902,0.9805,10000,5591,10,3.715,483.2,313.3,icp_d4_i120_p1000,1,1000,0.0,958.8,0.9808,0.2468,0.578,0.264,0.578
1757,1566536110248473293,432.00,168.00,389,202322,9627,427.87,179.82,-144.43,0.9816,1,0.6342,0.1902,0.9805,10000,5591,10,3.715,483.2,313.3,gicp_d4_i120,16,9627,97.6,19622.2,0.9805,0.2485,0.611,0.191,0.611
1757,1566536110248473293,432.00,168.00,389,202322,9627,427.87,179.82,-144.43,0.9816,1,0.6342,0.1902,0.9805,10000,5591,10,3.715,483.2,313.3,gicp_d4_i120_p5000,16,5000,91.0,16511.0,0.9806,0.2485,0.631,0.167,0.631
1757,1566536110248473293,432.00,168.00,389,202322,9627,427.87,179.82,-144.43,0.9816,1,0.6342,0.1902,0.9805,10000,5591,10,3.715,483.2,313.3,gicp_d4_i120_p2000,16,2000,97.1,15010.4,0.9808,0.2496,0.488,0.282,0.488
1757,1566536110248473293,432.00,168.00,389,202322,9627,427.87,179.82,-144.43,0.9816,1,0.6342,0.1902,0.9805,10000,5591,10,3.715,483.2,313.3,gicp_d4_i120_p1000,16,1000,99.6,11681.9,0.9608,0.2490,1.239,1.736,1.239
1757,1566536110248473293,432.00,168.00,389,202322,9627,427.87,179.82,-144.43,0.9816,1,0.6342,0.1902,0.9805,10000,5591,10,3.715,483.2,313.3,ndt_r3_i120,16,9627,7.9,2818.7,0.9800,0.2482,0.673,0.442,0.673
1757,1566536110248473293,432.00,168.00,389,202322,9627,427.87,179.82,-144.43,0.9816,1,0.6342,0.1902,0.9805,10000,5591,10,3.715,483.2,313.3,ndt_r3_i120_p5000,16,5000,6.7,2441.1,0.9800,0.2482,0.678,0.419,0.678
1757,1566536110248473293,432.00,168.00,389,202322,9627,427.87,179.82,-144.43,0.9816,1,0.6342,0.1902,0.9805,10000,5591,10,3.715,483.2,313.3,ndt_r3_i120_p2000,16,2000,6.6,1709.0,0.9796,0.2484,0.729,0.317,0.729
1757,1566536110248473293,432.00,168.00,389,202322,9627,427.87,179.82,-144.43,0.9816,1,0.6342,0.1902,0.9805,10000,5591,10,3.715,483.2,313.3,ndt_r3_i120_p1000,16,1000,6.7,1519.4,0.9793,0.2487,0.746,0.200,0.746
1903,1566536124844530056,504.00,240.00,197,175430,12208,515.87,235.72,-147.75,0.9839,1,0.2164,0.2147,0.9830,10000,1557,10,1.006,366.7,366.1,icp_d4_i120,1,12208,0.0,11653.9,0.9835,0.2402,0.175,0.065,0.166
1903,1566536124844530056,504.00,240.00,197,175430,12208,515.87,235.72,-147.75,0.9839,1,0.2164,0.2147,0.9830,10000,1557,10,1.006,366.7,366.1,icp_d4_i120_p5000,1,5000,0.0,3741.6,0.9833,0.2400,0.155,0.068,0.127
1903,1566536124844530056,504.00,240.00,197,175430,12208,515.87,235.72,-147.75,0.9839,1,0.2164,0.2147,0.9830,10000,1557,10,1.006,366.7,366.1,icp_d4_i120_p2000,1,2000,0.0,1891.7,0.9835,0.2404,0.209,0.000,0.159
1903,1566536124844530056,504.00,240.00,197,175430,12208,515.87,235.72,-147.75,0.9839,1,0.2164,0.2147,0.9830,10000,1557,10,1.006,366.7,366.1,icp_d4_i120_p1000,1,1000,0.0,1023.6,0.9832,0.2400,0.148,0.000,0.130
1903,1566536124844530056,504.00,240.00,197,175430,12208,515.87,235.72,-147.75,0.9839,1,0.2164,0.2147,0.9830,10000,1557,10,1.006,366.7,366.1,gicp_d4_i120,16,12208,84.9,4845.2,0.9830,0.2405,0.214,0.216,0.214
1903,1566536124844530056,504.00,240.00,197,175430,12208,515.87,235.72,-147.75,0.9839,1,0.2164,0.2147,0.9830,10000,1557,10,1.006,366.7,366.1,gicp_d4_i120_p5000,16,5000,78.0,4687.9,0.9825,0.2403,0.185,0.293,0.185
1903,1566536124844530056,504.00,240.00,197,175430,12208,515.87,235.72,-147.75,0.9839,1,0.2164,0.2147,0.9830,10000,1557,10,1.006,366.7,366.1,gicp_d4_i120_p2000,16,2000,83.3,5825.9,0.9830,0.2402,0.255,0.219,0.255
1903,1566536124844530056,504.00,240.00,197,175430,12208,515.87,235.72,-147.75,0.9839,1,0.2164,0.2147,0.9830,10000,1557,10,1.006,366.7,366.1,gicp_d4_i120_p1000,16,1000,75.3,3696.3,0.9832,0.2399,0.246,0.207,0.224
1903,1566536124844530056,504.00,240.00,197,175430,12208,515.87,235.72,-147.75,0.9839,1,0.2164,0.2147,0.9830,10000,1557,10,1.006,366.7,366.1,ndt_r3_i120,16,12208,8.7,3779.6,0.9827,0.2416,0.249,0.354,0.188
1903,1566536124844530056,504.00,240.00,197,175430,12208,515.87,235.72,-147.75,0.9839,1,0.2164,0.2147,0.9830,10000,1557,10,1.006,366.7,366.1,ndt_r3_i120_p5000,16,5000,6.2,3436.9,0.9827,0.2415,0.251,0.344,0.206
1903,1566536124844530056,504.00,240.00,197,175430,12208,515.87,235.72,-147.75,0.9839,1,0.2164,0.2147,0.9830,10000,1557,10,1.006,366.7,366.1,ndt_r3_i120_p2000,16,2000,6.2,2754.7,0.9828,0.2413,0.263,0.324,0.164
1903,1566536124844530056,504.00,240.00,197,175430,12208,515.87,235.72,-147.75,0.9839,1,0.2164,0.2147,0.9830,10000,1557,10,1.006,366.7,366.1,ndt_r3_i120_p1000,16,1000,6.3,2196.7,0.9826,0.2413,0.234,0.322,0.168
2049,1566536139444535963,600.00,192.00,175,170683,10030,607.87,197.76,141.57,0.9739,1,0.6706,0.2484,0.9816,10000,5776,10,0.945,451.2,324.1,icp_d4_i120,1,10030,0.0,10292.2,0.9812,0.2440,0.644,0.209,0.644
2049,1566536139444535963,600.00,192.00,175,170683,10030,607.87,197.76,141.57,0.9739,1,0.6706,0.2484,0.9816,10000,5776,10,0.945,451.2,324.1,icp_d4_i120_p5000,1,5000,0.0,4755.1,0.9820,0.2446,0.928,0.374,0.638
2049,1566536139444535963,600.00,192.00,175,170683,10030,607.87,197.76,141.57,0.9739,1,0.6706,0.2484,0.9816,10000,5776,10,0.945,451.2,324.1,icp_d4_i120_p2000,1,2000,0.0,2004.9,0.9813,0.2444,0.701,0.240,0.654
2049,1566536139444535963,600.00,192.00,175,170683,10030,607.87,197.76,141.57,0.9739,1,0.6706,0.2484,0.9816,10000,5776,10,0.945,451.2,324.1,icp_d4_i120_p1000,1,1000,0.0,905.3,0.9815,0.2441,0.721,0.231,0.664
2049,1566536139444535963,600.00,192.00,175,170683,10030,607.87,197.76,141.57,0.9739,1,0.6706,0.2484,0.9816,10000,5776,10,0.945,451.2,324.1,gicp_d4_i120,16,10030,77.4,9192.6,0.9816,0.2443,0.671,0.246,0.671
2049,1566536139444535963,600.00,192.00,175,170683,10030,607.87,197.76,141.57,0.9739,1,0.6706,0.2484,0.9816,10000,5776,10,0.945,451.2,324.1,gicp_d4_i120_p5000,16,5000,79.1,10140.7,0.9818,0.2451,0.603,0.318,0.603
2049,1566536139444535963,600.00,192.00,175,170683,10030,607.87,197.76,141.57,0.9739,1,0.6706,0.2484,0.9816,10000,5776,10,0.945,451.2,324.1,gicp_d4_i120_p2000,16,2000,82.5,7976.4,0.9823,0.2443,0.786,0.281,0.786
2049,1566536139444535963,600.00,192.00,175,170683,10030,607.87,197.76,141.57,0.9739,1,0.6706,0.2484,0.9816,10000,5776,10,0.945,451.2,324.1,gicp_d4_i120_p1000,16,1000,82.2,11912.5,0.9816,0.2442,0.686,0.292,0.686
2049,1566536139444535963,600.00,192.00,175,170683,10030,607.87,197.76,141.57,0.9739,1,0.6706,0.2484,0.9816,10000,5776,10,0.945,451.2,324.1,ndt_r3_i120,16,10030,10.0,3474.7,0.9823,0.2450,0.701,0.373,0.636
2049,1566536139444535963,600.00,192.00,175,170683,10030,607.87,197.76,141.57,0.9739,1,0.6706,0.2484,0.9816,10000,5776,10,0.945,451.2,324.1,ndt_r3_i120_p5000,16,5000,6.4,2986.5,0.9820,0.2448,0.726,0.465,0.717
2049,1566536139444535963,600.00,192.00,175,170683,10030,607.87,197.76,141.57,0.9739,1,0.6706,0.2484,0.9816,10000,5776,10,0.945,451.2,324.1,ndt_r3_i120_p2000,16,2000,6.3,2352.8,0.9823,0.2450,0.837,0.304,0.748
2049,1566536139444535963,600.00,192.00,175,170683,10030,607.87,197.76,141.57,0.9739,1,0.6706,0.2484,0.9816,10000,5776,10,0.945,451.2,324.1,ndt_r3_i120_p1000,16,1000,6.5,2306.8,0.9820,0.2449,0.904,0.544,0.665
2195,1566536154043976865,672.00,96.00,182,111710,7324,672.10,86.64,83.20,0.8609,1,1.5352,0.1392,0.9925,10000,4664,10,0.389,183.0,220.2,icp_d4_i120,1,7324,0.0,4259.8,0.9928,0.2465,1.514,0.132,1.501
2195,1566536154043976865,672.00,96.00,182,111710,7324,672.10,86.64,83.20,0.8609,1,1.5352,0.1392,0.9925,10000,4664,10,0.389,183.0,220.2,icp_d4_i120_p5000,1,5000,0.0,2787.1,0.9926,0.2465,1.522,0.117,1.507
2195,1566536154043976865,672.00,96.00,182,111710,7324,672.10,86.64,83.20,0.8609,1,1.5352,0.1392,0.9925,10000,4664,10,0.389,183.0,220.2,icp_d4_i120_p2000,1,2000,0.0,1306.5,0.9926,0.2465,1.498,0.136,1.486
2195,1566536154043976865,672.00,96.00,182,111710,7324,672.10,86.64,83.20,0.8609,1,1.5352,0.1392,0.9925,10000,4664,10,0.389,183.0,220.2,icp_d4_i120_p1000,1,1000,0.0,685.9,0.9929,0.2452,1.551,0.000,0.843
2195,1566536154043976865,672.00,96.00,182,111710,7324,672.10,86.64,83.20,0.8609,1,1.5352,0.1392,0.9925,10000,4664,10,0.389,183.0,220.2,gicp_d4_i120,16,7324,59.9,11072.4,0.9925,0.2441,1.535,0.142,1.535
2195,1566536154043976865,672.00,96.00,182,111710,7324,672.10,86.64,83.20,0.8609,1,1.5352,0.1392,0.9925,10000,4664,10,0.389,183.0,220.2,gicp_d4_i120_p5000,16,5000,50.1,4964.1,0.9925,0.2445,1.534,0.142,1.534
2195,1566536154043976865,672.00,96.00,182,111710,7324,672.10,86.64,83.20,0.8609,1,1.5352,0.1392,0.9925,10000,4664,10,0.389,183.0,220.2,gicp_d4_i120_p2000,16,2000,53.0,20162.1,0.9925,0.2448,1.520,0.136,1.520
2195,1566536154043976865,672.00,96.00,182,111710,7324,672.10,86.64,83.20,0.8609,1,1.5352,0.1392,0.9925,10000,4664,10,0.389,183.0,220.2,gicp_d4_i120_p1000,16,1000,48.9,1401.2,0.9925,0.2454,1.517,0.126,1.517
2195,1566536154043976865,672.00,96.00,182,111710,7324,672.10,86.64,83.20,0.8609,1,1.5352,0.1392,0.9925,10000,4664,10,0.389,183.0,220.2,ndt_r3_i120,16,7324,5.4,2579.3,0.9928,0.2427,1.554,0.134,1.545
2195,1566536154043976865,672.00,96.00,182,111710,7324,672.10,86.64,83.20,0.8609,1,1.5352,0.1392,0.9925,10000,4664,10,0.389,183.0,220.2,ndt_r3_i120_p5000,16,5000,4.4,2557.5,0.9928,0.2427,1.550,0.124,1.540
2195,1566536154043976865,672.00,96.00,182,111710,7324,672.10,86.64,83.20,0.8609,1,1.5352,0.1392,0.9925,10000,4664,10,0.389,183.0,220.2,ndt_r3_i120_p2000,16,2000,4.4,2272.2,0.9926,0.2437,1.547,0.192,1.542
2195,1566536154043976865,672.00,96.00,182,111710,7324,672.10,86.64,83.20,0.8609,1,1.5352,0.1392,0.9925,10000,4664,10,0.389,183.0,220.2,ndt_r3_i120_p1000,16,1000,5.9,1532.2,0.9926,0.2438,1.561,0.227,1.552
2341,1566536168646088078,600.00,24.00,214,142679,8878,607.80,16.52,16.47,0.9543,1,1.0619,0.6534,0.9876,10000,3415,10,2.043,294.2,254.2,icp_d4_i120,1,8878,0.0,11857.8,0.9875,0.2555,1.099,0.753,1.067
2341,1566536168646088078,600.00,24.00,214,142679,8878,607.80,16.52,16.47,0.9543,1,1.0619,0.6534,0.9876,10000,3415,10,2.043,294.2,254.2,icp_d4_i120_p5000,1,5000,0.0,6227.4,0.9875,0.2555,1.106,0.796,1.016
2341,1566536168646088078,600.00,24.00,214,142679,8878,607.80,16.52,16.47,0.9543,1,1.0619,0.6534,0.9876,10000,3415,10,2.043,294.2,254.2,icp_d4_i120_p2000,1,2000,0.0,2543.3,0.9876,0.2562,1.066,0.572,0.865
2341,1566536168646088078,600.00,24.00,214,142679,8878,607.80,16.52,16.47,0.9543,1,1.0619,0.6534,0.9876,10000,3415,10,2.043,294.2,254.2,icp_d4_i120_p1000,1,1000,0.0,1223.3,0.9879,0.2557,1.093,0.783,0.981
2341,1566536168646088078,600.00,24.00,214,142679,8878,607.80,16.52,16.47,0.9543,1,1.0619,0.6534,0.9876,10000,3415,10,2.043,294.2,254.2,gicp_d4_i120,16,8878,73.9,8011.2,0.9876,0.2557,1.062,0.652,1.062
2341,1566536168646088078,600.00,24.00,214,142679,8878,607.80,16.52,16.47,0.9543,1,1.0619,0.6534,0.9876,10000,3415,10,2.043,294.2,254.2,gicp_d4_i120_p5000,16,5000,71.7,15028.9,0.9879,0.2555,0.994,0.627,0.994
2341,1566536168646088078,600.00,24.00,214,142679,8878,607.80,16.52,16.47,0.9543,1,1.0619,0.6534,0.9876,10000,3415,10,2.043,294.2,254.2,gicp_d4_i120_p2000,16,2000,68.3,5337.8,0.9877,0.2567,1.094,0.710,1.094
2341,1566536168646088078,600.00,24.00,214,142679,8878,607.80,16.52,16.47,0.9543,1,1.0619,0.6534,0.9876,10000,3415,10,2.043,294.2,254.2,gicp_d4_i120_p1000,16,1000,72.6,6412.6,0.9876,0.2557,1.092,0.711,1.091
2341,1566536168646088078,600.00,24.00,214,142679,8878,607.80,16.52,16.47,0.9543,1,1.0619,0.6534,0.9876,10000,3415,10,2.043,294.2,254.2,ndt_r3_i120,16,8878,7.1,4229.3,0.9873,0.2582,1.099,0.562,1.060
2341,1566536168646088078,600.00,24.00,214,142679,8878,607.80,16.52,16.47,0.9543,1,1.0619,0.6534,0.9876,10000,3415,10,2.043,294.2,254.2,ndt_r3_i120_p5000,16,5000,5.0,3305.5,0.9873,0.2582,1.095,0.540,1.063
2341,1566536168646088078,600.00,24.00,214,142679,8878,607.80,16.52,16.47,0.9543,1,1.0619,0.6534,0.9876,10000,3415,10,2.043,294.2,254.2,ndt_r3_i120_p2000,16,2000,4.9,3302.4,0.9874,0.2579,1.059,0.525,1.059
2341,1566536168646088078,600.00,24.00,214,142679,8878,607.80,16.52,16.47,0.9543,1,1.0619,0.6534,0.9876,10000,3415,10,2.043,294.2,254.2,ndt_r3_i120_p1000,16,1000,4.9,2458.3,0.9874,0.2579,1.034,0.492,1.034
2487,1566536183242459408,528.00,72.00,366,125887,8611,528.65,62.41,-46.46,0.9224,1,0.4850,0.7736,0.9206,10000,2204,10,2.040,232.7,234.4,icp_d4_i120,1,8611,0.0,8750.1,0.9223,0.2607,0.510,0.706,0.466
2487,1566536183242459408,528.00,72.00,366,125887,8611,528.65,62.41,-46.46,0.9224,1,0.4850,0.7736,0.9206,10000,2204,10,2.040,232.7,234.4,icp_d4_i120_p5000,1,5000,0.0,5329.1,0.9228,0.2618,0.609,0.637,0.486
2487,1566536183242459408,528.00,72.00,366,125887,8611,528.65,62.41,-46.46,0.9224,1,0.4850,0.7736,0.9206,10000,2204,10,2.040,232.7,234.4,icp_d4_i120_p2000,1,2000,0.0,2207.8,0.9229,0.2632,0.599,0.739,0.495
2487,1566536183242459408,528.00,72.00,366,125887,8611,528.65,62.41,-46.46,0.9224,1,0.4850,0.7736,0.9206,10000,2204,10,2.040,232.7,234.4,icp_d4_i120_p1000,1,1000,0.0,912.0,0.9224,0.2608,0.517,0.702,0.472
2487,1566536183242459408,528.00,72.00,366,125887,8611,528.65,62.41,-46.46,0.9224,1,0.4850,0.7736,0.9206,10000,2204,10,2.040,232.7,234.4,gicp_d4_i120,16,8611,62.0,8742.2,0.9207,0.2709,0.484,0.778,0.484
2487,1566536183242459408,528.00,72.00,366,125887,8611,528.65,62.41,-46.46,0.9224,1,0.4850,0.7736,0.9206,10000,2204,10,2.040,232.7,234.4,gicp_d4_i120_p5000,16,5000,62.1,14912.0,0.9213,0.2712,0.572,0.716,0.572
2487,1566536183242459408,528.00,72.00,366,125887,8611,528.65,62.41,-46.46,0.9224,1,0.4850,0.7736,0.9206,10000,2204,10,2.040,232.7,234.4,gicp_d4_i120_p2000,16,2000,59.3,18585.1,0.9192,0.2651,0.782,0.705,0.781
2487,1566536183242459408,528.00,72.00,366,125887,8611,528.65,62.41,-46.46,0.9224,1,0.4850,0.7736,0.9206,10000,2204,10,2.040,232.7,234.4,gicp_d4_i120_p1000,16,1000,57.7,11519.5,0.9210,0.2618,0.482,1.085,0.482
2487,1566536183242459408,528.00,72.00,366,125887,8611,528.65,62.41,-46.46,0.9224,1,0.4850,0.7736,0.9206,10000,2204,10,2.040,232.7,234.4,ndt_r3_i120,16,8611,6.4,3303.7,0.9178,0.2722,0.519,0.543,0.517
2487,1566536183242459408,528.00,72.00,366,125887,8611,528.65,62.41,-46.46,0.9224,1,0.4850,0.7736,0.9206,10000,2204,10,2.040,232.7,234.4,ndt_r3_i120_p5000,16,5000,4.7,3022.7,0.9177,0.2721,0.514,0.562,0.506
2487,1566536183242459408,528.00,72.00,366,125887,8611,528.65,62.41,-46.46,0.9224,1,0.4850,0.7736,0.9206,10000,2204,10,2.040,232.7,234.4,ndt_r3_i120_p2000,16,2000,4.2,2818.7,0.9181,0.2725,0.512,0.542,0.508
2487,1566536183242459408,528.00,72.00,366,125887,8611,528.65,62.41,-46.46,0.9224,1,0.4850,0.7736,0.9206,10000,2204,10,2.040,232.7,234.4,ndt_r3_i120_p1000,16,1000,4.2,2326.3,0.9181,0.2719,0.532,0.582,0.532
2633,1566536197848554647,480.00,24.00,511,211274,8781,471.35,26.54,96.09,0.9912,1,0.2228,0.4402,0.9918,10000,1718,10,2.271,380.5,245.3,icp_d4_i120,1,8781,0.0,12169.2,0.9921,0.2441,0.178,0.582,0.178
2633,1566536197848554647,480.00,24.00,511,211274,8781,471.35,26.54,96.09,0.9912,1,0.2228,0.4402,0.9918,10000,1718,10,2.271,380.5,245.3,icp_d4_i120_p5000,1,5000,0.0,6380.4,0.9923,0.2441,0.166,0.605,0.166
2633,1566536197848554647,480.00,24.00,511,211274,8781,471.35,26.54,96.09,0.9912,1,0.2228,0.4402,0.9918,10000,1718,10,2.271,380.5,245.3,icp_d4_i120_p2000,1,2000,0.0,2750.2,0.9920,0.2447,0.153,0.630,0.153
2633,1566536197848554647,480.00,24.00,511,211274,8781,471.35,26.54,96.09,0.9912,1,0.2228,0.4402,0.9918,10000,1718,10,2.271,380.5,245.3,icp_d4_i120_p1000,1,1000,0.0,1123.5,0.9919,0.2444,0.154,0.617,0.154
2633,1566536197848554647,480.00,24.00,511,211274,8781,471.35,26.54,96.09,0.9912,1,0.2228,0.4402,0.9918,10000,1718,10,2.271,380.5,245.3,gicp_d4_i120,16,8781,98.9,15147.4,0.9921,0.2462,0.678,0.392,0.216
2633,1566536197848554647,480.00,24.00,511,211274,8781,471.35,26.54,96.09,0.9912,1,0.2228,0.4402,0.9918,10000,1718,10,2.271,380.5,245.3,gicp_d4_i120_p5000,16,5000,113.1,14577.4,0.9918,0.2440,0.278,0.277,0.278
2633,1566536197848554647,480.00,24.00,511,211274,8781,471.35,26.54,96.09,0.9912,1,0.2228,0.4402,0.9918,10000,1718,10,2.271,380.5,245.3,gicp_d4_i120_p2000,16,2000,112.3,17998.6,0.9923,0.2441,0.230,0.538,0.230
2633,1566536197848554647,480.00,24.00,511,211274,8781,471.35,26.54,96.09,0.9912,1,0.2228,0.4402,0.9918,10000,1718,10,2.271,380.5,245.3,gicp_d4_i120_p1000,16,1000,105.2,15669.9,0.9924,0.2422,0.347,0.060,0.347
2633,1566536197848554647,480.00,24.00,511,211274,8781,471.35,26.54,96.09,0.9912,1,0.2228,0.4402,0.9918,10000,1718,10,2.271,380.5,245.3,ndt_r3_i120,16,8781,8.1,2759.1,0.9920,0.2471,0.331,0.356,0.331
2633,1566536197848554647,480.00,24.00,511,211274,8781,471.35,26.54,96.09,0.9912,1,0.2228,0.4402,0.9918,10000,1718,10,2.271,380.5,245.3,ndt_r3_i120_p5000,16,5000,6.8,2341.5,0.9919,0.2472,0.314,0.382,0.314
2633,1566536197848554647,480.00,24.00,511,211274,8781,471.35,26.54,96.09,0.9912,1,0.2228,0.4402,0.9918,10000,1718,10,2.271,380.5,245.3,ndt_r3_i120_p2000,16,2000,6.7,2167.0,0.9920,0.2463,0.288,0.295,0.288
2633,1566536197848554647,480.00,24.00,511,211274,8781,471.35,26.54,96.09,0.9912,1,0.2228,0.4402,0.9918,10000,1718,10,2.271,380.5,245.3,ndt_r3_i120_p1000,16,1000,6.6,2563.7,0.9920,0.2469,0.320,0.344,0.320
2779,1566536212448129702,456.00,-72.00,353,177485,12880,460.38,-83.30,47.47,0.9522,1,0.6400,1.7981,0.9911,10000,2830,10,1.092,477.5,375.7,icp_d4_i120,1,12880,0.0,11418.9,0.9912,0.2434,0.666,1.810,0.571
2779,1566536212448129702,456.00,-72.00,353,177485,12880,460.38,-83.30,47.47,0.9522,1,0.6400,1.7981,0.9911,10000,2830,10,1.092,477.5,375.7,icp_d4_i120_p5000,1,5000,0.0,4624.0,0.9912,0.2433,0.700,1.853,0.578
2779,1566536212448129702,456.00,-72.00,353,177485,12880,460.38,-83.30,47.47,0.9522,1,0.6400,1.7981,0.9911,10000,2830,10,1.092,477.5,375.7,icp_d4_i120_p2000,1,2000,0.0,1917.9,0.9911,0.2438,0.660,1.749,0.497
2779,1566536212448129702,456.00,-72.00,353,177485,12880,460.38,-83.30,47.47,0.9522,1,0.6400,1.7981,0.9911,10000,2830,10,1.092,477.5,375.7,icp_d4_i120_p1000,1,1000,0.0,1114.6,0.9911,0.2437,0.611,1.726,0.530
2779,1566536212448129702,456.00,-72.00,353,177485,12880,460.38,-83.30,47.47,0.9522,1,0.6400,1.7981,0.9911,10000,2830,10,1.092,477.5,375.7,gicp_d4_i120,16,12880,87.6,13261.9,0.9911,0.2437,0.639,1.799,0.639
2779,1566536212448129702,456.00,-72.00,353,177485,12880,460.38,-83.30,47.47,0.9522,1,0.6400,1.7981,0.9911,10000,2830,10,1.092,477.5,375.7,gicp_d4_i120_p5000,16,5000,85.4,2957.2,0.9912,0.2439,0.639,1.799,0.634
2779,1566536212448129702,456.00,-72.00,353,177485,12880,460.38,-83.30,47.47,0.9522,1,0.6400,1.7981,0.9911,10000,2830,10,1.092,477.5,375.7,gicp_d4_i120_p2000,16,2000,80.4,5363.1,0.9912,0.2436,0.688,1.773,0.688
2779,1566536212448129702,456.00,-72.00,353,177485,12880,460.38,-83.30,47.47,0.9522,1,0.6400,1.7981,0.9911,10000,2830,10,1.092,477.5,375.7,gicp_d4_i120_p1000,16,1000,91.4,6284.0,0.9915,0.2424,0.721,1.829,0.616
2779,1566536212448129702,456.00,-72.00,353,177485,12880,460.38,-83.30,47.47,0.9522,1,0.6400,1.7981,0.9911,10000,2830,10,1.092,477.5,375.7,ndt_r3_i120,16,12880,7.8,3911.4,0.9912,0.2434,0.669,1.809,0.633
2779,1566536212448129702,456.00,-72.00,353,177485,12880,460.38,-83.30,47.47,0.9522,1,0.6400,1.7981,0.9911,10000,2830,10,1.092,477.5,375.7,ndt_r3_i120_p5000,16,5000,6.1,3298.7,0.9913,0.2431,0.711,1.779,0.631
2779,1566536212448129702,456.00,-72.00,353,177485,12880,460.38,-83.30,47.47,0.9522,1,0.6400,1.7981,0.9911,10000,2830,10,1.092,477.5,375.7,ndt_r3_i120_p2000,16,2000,6.8,2805.8,0.9914,0.2432,0.728,1.708,0.614
2779,1566536212448129702,456.00,-72.00,353,177485,12880,460.38,-83.30,47.47,0.9522,1,0.6400,1.7981,0.9911,10000,2830,10,1.092,477.5,375.7,ndt_r3_i120_p1000,16,1000,7.6,2771.4,0.9911,0.2434,0.687,1.773,0.564
2925,1566536227041739012,336.00,-168.00,417,253797,12112,335.96,-166.65,32.19,0.9415,1,1.1637,0.5724,0.9764,10000,2296,10,1.819,688.5,379.4,icp_d4_i120,1,12112,0.0,13521.0,0.9779,0.2450,1.245,0.730,1.177
2925,1566536227041739012,336.00,-168.00,417,253797,12112,335.96,-166.65,32.19,0.9415,1,1.1637,0.5724,0.9764,10000,2296,10,1.819,688.5,379.4,icp_d4_i120_p5000,1,5000,0.0,6002.6,0.9778,0.2444,1.179,0.617,1.163
2925,1566536227041739012,336.00,-168.00,417,253797,12112,335.96,-166.65,32.19,0.9415,1,1.1637,0.5724,0.9764,10000,2296,10,1.819,688.5,379.4,icp_d4_i120_p2000,1,2000,0.0,2475.7,0.9779,0.2445,1.207,0.769,1.194
2925,1566536227041739012,336.00,-168.00,417,253797,12112,335.96,-166.65,32.19,0.9415,1,1.1637,0.5724,0.9764,10000,2296,10,1.819,688.5,379.4,icp_d4_i120_p1000,1,1000,0.0,1229.2,0.9784,0.2451,1.229,0.726,1.119
2925,1566536227041739012,336.00,-168.00,417,253797,12112,335.96,-166.65,32.19,0.9415,1,1.1637,0.5724,0.9764,10000,2296,10,1.819,688.5,379.4,gicp_d4_i120,16,12112,115.9,10149.7,0.9765,0.2444,1.162,0.577,1.160
2925,1566536227041739012,336.00,-168.00,417,253797,12112,335.96,-166.65,32.19,0.9415,1,1.1637,0.5724,0.9764,10000,2296,10,1.819,688.5,379.4,gicp_d4_i120_p5000,16,5000,116.9,12648.5,0.9763,0.2445,1.178,0.597,1.178
2925,1566536227041739012,336.00,-168.00,417,253797,12112,335.96,-166.65,32.19,0.9415,1,1.1637,0.5724,0.9764,10000,2296,10,1.819,688.5,379.4,gicp_d4_i120_p2000,16,2000,121.1,9951.8,0.9759,0.2442,1.113,0.621,1.113
2925,1566536227041739012,336.00,-168.00,417,253797,12112,335.96,-166.65,32.19,0.9415,1,1.1637,0.5724,0.9764,10000,2296,10,1.819,688.5,379.4,gicp_d4_i120_p1000,16,1000,122.1,15347.3,0.9786,0.2450,1.166,0.876,1.114
2925,1566536227041739012,336.00,-168.00,417,253797,12112,335.96,-166.65,32.19,0.9415,1,1.1637,0.5724,0.9764,10000,2296,10,1.819,688.5,379.4,ndt_r3_i120,16,12112,12.2,3300.8,0.9772,0.2438,1.215,0.519,1.206
2925,1566536227041739012,336.00,-168.00,417,253797,12112,335.96,-166.65,32.19,0.9415,1,1.1637,0.5724,0.9764,10000,2296,10,1.819,688.5,379.4,ndt_r3_i120_p5000,16,5000,8.3,2774.4,0.9772,0.2440,1.203,0.526,1.176
2925,1566536227041739012,336.00,-168.00,417,253797,12112,335.96,-166.65,32.19,0.9415,1,1.1637,0.5724,0.9764,10000,2296,10,1.819,688.5,379.4,ndt_r3_i120_p2000,16,2000,9.2,2326.5,0.9770,0.2424,1.205,0.598,1.205
2925,1566536227041739012,336.00,-168.00,417,253797,12112,335.96,-166.65,32.19,0.9415,1,1.1637,0.5724,0.9764,10000,2296,10,1.819,688.5,379.4,ndt_r3_i120_p1000,16,1000,9.2,2215.1,0.9771,0.2443,1.210,0.573,1.181
3071,1566536241644941396,264.00,-216.00,274,233953,11925,255.67,-217.08,30.81,0.9794,1,0.8703,0.5140,0.9928,10000,3849,10,0.965,612.1,409.0,icp_d4_i120,1,11925,0.0,8177.6,0.9931,0.2420,0.869,0.606,0.869
3071,1566536241644941396,264.00,-216.00,274,233953,11925,255.67,-217.08,30.81,0.9794,1,0.8703,0.5140,0.9928,10000,3849,10,0.965,612.1,409.0,icp_d4_i120_p5000,1,5000,0.0,3568.4,0.9931,0.2421,0.869,0.596,0.869
3071,1566536241644941396,264.00,-216.00,274,233953,11925,255.67,-217.08,30.81,0.9794,1,0.8703,0.5140,0.9928,10000,3849,10,0.965,612.1,409.0,icp_d4_i120_p2000,1,2000,0.0,1661.3,0.9930,0.2421,0.890,0.642,0.850
3071,1566536241644941396,264.00,-216.00,274,233953,11925,255.67,-217.08,30.81,0.9794,1,0.8703,0.5140,0.9928,10000,3849,10,0.965,612.1,409.0,icp_d4_i120_p1000,1,1000,0.0,954.6,0.9930,0.2422,0.863,0.589,0.863
3071,1566536241644941396,264.00,-216.00,274,233953,11925,255.67,-217.08,30.81,0.9794,1,0.8703,0.5140,0.9928,10000,3849,10,0.965,612.1,409.0,gicp_d4_i120,16,11925,116.4,4674.7,0.9928,0.2421,0.870,0.522,0.870
3071,1566536241644941396,264.00,-216.00,274,233953,11925,255.67,-217.08,30.81,0.9794,1,0.8703,0.5140,0.9928,10000,3849,10,0.965,612.1,409.0,gicp_d4_i120_p5000,16,5000,112.1,6866.7,0.9930,0.2415,0.851,0.526,0.850
3071,1566536241644941396,264.00,-216.00,274,233953,11925,255.67,-217.08,30.81,0.9794,1,0.8703,0.5140,0.9928,10000,3849,10,0.965,612.1,409.0,gicp_d4_i120_p2000,16,2000,108.6,7200.2,0.9930,0.2415,0.939,0.704,0.931
3071,1566536241644941396,264.00,-216.00,274,233953,11925,255.67,-217.08,30.81,0.9794,1,0.8703,0.5140,0.9928,10000,3849,10,0.965,612.1,409.0,gicp_d4_i120_p1000,16,1000,113.5,19542.1,0.9930,0.2392,0.979,0.606,0.858
3071,1566536241644941396,264.00,-216.00,274,233953,11925,255.67,-217.08,30.81,0.9794,1,0.8703,0.5140,0.9928,10000,3849,10,0.965,612.1,409.0,ndt_r3_i120,16,11925,10.4,3229.7,0.9929,0.2425,0.930,0.667,0.926
3071,1566536241644941396,264.00,-216.00,274,233953,11925,255.67,-217.08,30.81,0.9794,1,0.8703,0.5140,0.9928,10000,3849,10,0.965,612.1,409.0,ndt_r3_i120_p5000,16,5000,11.9,2575.9,0.9930,0.2426,0.915,0.623,0.909
3071,1566536241644941396,264.00,-216.00,274,233953,11925,255.67,-217.08,30.81,0.9794,1,0.8703,0.5140,0.9928,10000,3849,10,0.965,612.1,409.0,ndt_r3_i120_p2000,16,2000,8.1,2402.7,0.9930,0.2422,0.884,0.653,0.882
3071,1566536241644941396,264.00,-216.00,274,233953,11925,255.67,-217.08,30.81,0.9794,1,0.8703,0.5140,0.9928,10000,3849,10,0.965,612.1,409.0,ndt_r3_i120_p1000,16,1000,8.3,2200.1,0.9929,0.2427,0.835,0.571,0.822
3217,1566536256241428148,144.00,-240.00,463,253964,11256,149.28,-241.95,26.01,0.9860,0,0.1415,0.3576,0.9866,10000,2575,10,1.089,608.0,345.9,icp_d4_i120,1,11256,0.0,12637.0,0.9875,0.2426,0.703,0.910,0.040
3217,1566536256241428148,144.00,-240.00,463,253964,11256,149.28,-241.95,26.01,0.9860,0,0.1415,0.3576,0.9866,10000,2575,10,1.089,608.0,345.9,icp_d4_i120_p5000,1,5000,0.0,5680.9,0.9877,0.2425,0.683,0.874,0.088
3217,1566536256241428148,144.00,-240.00,463,253964,11256,149.28,-241.95,26.01,0.9860,0,0.1415,0.3576,0.9866,10000,2575,10,1.089,608.0,345.9,icp_d4_i120_p2000,1,2000,0.0,2489.3,0.9875,0.2417,0.582,0.853,0.049
3217,1566536256241428148,144.00,-240.00,463,253964,11256,149.28,-241.95,26.01,0.9860,0,0.1415,0.3576,0.9866,10000,2575,10,1.089,608.0,345.9,icp_d4_i120_p1000,1,1000,0.0,1169.6,0.9880,0.2439,0.737,0.714,0.048
3217,1566536256241428148,144.00,-240.00,463,253964,11256,149.28,-241.95,26.01,0.9860,0,0.1415,0.3576,0.9866,10000,2575,10,1.089,608.0,345.9,gicp_d4_i120,16,11256,108.3,15124.5,0.9868,0.2437,0.189,0.467,0.141
3217,1566536256241428148,144.00,-240.00,463,253964,11256,149.28,-241.95,26.01,0.9860,0,0.1415,0.3576,0.9866,10000,2575,10,1.089,608.0,345.9,gicp_d4_i120_p5000,16,5000,115.2,14337.8,0.9869,0.2422,0.203,0.393,0.165
3217,1566536256241428148,144.00,-240.00,463,253964,11256,149.28,-241.95,26.01,0.9860,0,0.1415,0.3576,0.9866,10000,2575,10,1.089,608.0,345.9,gicp_d4_i120_p2000,16,2000,127.0,10832.5,0.9874,0.2428,0.146,0.699,0.142
3217,1566536256241428148,144.00,-240.00,463,253964,11256,149.28,-241.95,26.01,0.9860,0,0.1415,0.3576,0.9866,10000,2575,10,1.089,608.0,345.9,gicp_d4_i120_p1000,16,1000,114.6,10771.4,0.9869,0.2429,0.400,0.677,0.332
3217,1566536256241428148,144.00,-240.00,463,253964,11256,149.28,-241.95,26.01,0.9860,0,0.1415,0.3576,0.9866,10000,2575,10,1.089,608.0,345.9,ndt_r3_i120,16,11256,11.3,4923.0,0.9866,0.2436,0.117,0.449,0.107
3217,1566536256241428148,144.00,-240.00,463,253964,11256,149.28,-241.95,26.01,0.9860,0,0.1415,0.3576,0.9866,10000,2575,10,1.089,608.0,345.9,ndt_r3_i120_p5000,16,5000,8.4,4331.8,0.9869,0.2440,0.123,0.476,0.106
3217,1566536256241428148,144.00,-240.00,463,253964,11256,149.28,-241.95,26.01,0.9860,0,0.1415,0.3576,0.9866,10000,2575,10,1.089,608.0,345.9,ndt_r3_i120_p2000,16,2000,8.2,3499.3,0.9869,0.2433,0.144,0.405,0.130
3217,1566536256241428148,144.00,-240.00,463,253964,11256,149.28,-241.95,26.01,0.9860,0,0.1415,0.3576,0.9866,10000,2575,10,1.089,608.0,345.9,ndt_r3_i120_p1000,16,1000,9.7,2582.3,0.9872,0.2446,0.230,0.640,0.141
3363,1566536270847211078,96.00,-168.00,610,270040,11218,89.21,-173.98,-57.64,0.9817,1,0.0703,0.2663,0.9815,10000,2956,10,3.472,608.7,410.6,icp_d4_i120,1,11218,0.0,8160.4,0.9820,0.2548,0.064,0.247,0.064
3363,1566536270847211078,96.00,-168.00,610,270040,11218,89.21,-173.98,-57.64,0.9817,1,0.0703,0.2663,0.9815,10000,2956,10,3.472,608.7,410.6,icp_d4_i120_p5000,1,5000,0.0,3436.0,0.9822,0.2533,0.092,0.357,0.092
3363,1566536270847211078,96.00,-168.00,610,270040,11218,89.21,-173.98,-57.64,0.9817,1,0.0703,0.2663,0.9815,10000,2956,10,3.472,608.7,410.6,icp_d4_i120_p2000,1,2000,0.0,1473.3,0.9818,0.2520,0.042,0.311,0.042
3363,1566536270847211078,96.00,-168.00,610,270040,11218,89.21,-173.98,-57.64,0.9817,1,0.0703,0.2663,0.9815,10000,2956,10,3.472,608.7,410.6,icp_d4_i120_p1000,1,1000,0.0,931.6,0.9822,0.2533,0.100,0.365,0.100
3363,1566536270847211078,96.00,-168.00,610,270040,11218,89.21,-173.98,-57.64,0.9817,1,0.0703,0.2663,0.9815,10000,2956,10,3.472,608.7,410.6,gicp_d4_i120,16,11218,123.2,14683.3,0.9816,0.2533,0.069,0.276,0.069
3363,1566536270847211078,96.00,-168.00,610,270040,11218,89.21,-173.98,-57.64,0.9817,1,0.0703,0.2663,0.9815,10000,2956,10,3.472,608.7,410.6,gicp_d4_i120_p5000,16,5000,125.7,14121.3,0.9816,0.2519,0.059,0.366,0.058
3363,1566536270847211078,96.00,-168.00,610,270040,11218,89.21,-173.98,-57.64,0.9817,1,0.0703,0.2663,0.9815,10000,2956,10,3.472,608.7,410.6,gicp_d4_i120_p2000,16,2000,122.5,8020.7,0.9815,0.2520,0.128,0.550,0.074
3363,1566536270847211078,96.00,-168.00,610,270040,11218,89.21,-173.98,-57.64,0.9817,1,0.0703,0.2663,0.9815,10000,2956,10,3.472,608.7,410.6,gicp_d4_i120_p1000,16,1000,131.2,11533.9,0.9818,0.2526,0.161,0.533,0.161
3363,1566536270847211078,96.00,-168.00,610,270040,11218,89.21,-173.98,-57.64,0.9817,1,0.0703,0.2663,0.9815,10000,2956,10,3.472,608.7,410.6,ndt_r3_i120,16,11218,10.3,2861.2,0.9818,0.2547,0.345,0.399,0.324
3363,1566536270847211078,96.00,-168.00,610,270040,11218,89.21,-173.98,-57.64,0.9817,1,0.0703,0.2663,0.9815,10000,2956,10,3.472,608.7,410.6,ndt_r3_i120_p5000,16,5000,8.8,2340.1,0.9818,0.2544,0.350,0.414,0.315
3363,1566536270847211078,96.00,-168.00,610,270040,11218,89.21,-173.98,-57.64,0.9817,1,0.0703,0.2663,0.9815,10000,2956,10,3.472,608.7,410.6,ndt_r3_i120_p2000,16,2000,8.6,2081.7,0.9819,0.2546,0.384,0.402,0.312
3363,1566536270847211078,96.00,-168.00,610,270040,11218,89.21,-173.98,-57.64,0.9817,1,0.0703,0.2663,0.9815,10000,2956,10,3.472,608.7,410.6,ndt_r3_i120_p1000,16,1000,8.7,1676.7,0.9819,0.2542,0.363,0.426,0.340
3509,1566536285443967335,24.00,-48.00,566,234705,11747,26.64,-57.06,-64.41,0.9877,1,0.1358,0.4419,0.9874,10000,2801,10,4.448,560.1,383.7,icp_d4_i120,1,11747,0.0,7853.7,0.9874,0.2489,0.184,0.000,0.184
3509,1566536285443967335,24.00,-48.00,566,234705,11747,26.64,-57.06,-64.41,0.9877,1,0.1358,0.4419,0.9874,10000,2801,10,4.448,560.1,383.7,icp_d4_i120_p5000,1,5000,0.0,3412.5,0.9873,0.2487,0.202,0.067,0.202
3509,1566536285443967335,24.00,-48.00,566,234705,11747,26.64,-57.06,-64.41,0.9877,1,0.1358,0.4419,0.9874,10000,2801,10,4.448,560.1,383.7,icp_d4_i120_p2000,1,2000,0.0,1426.9,0.9874,0.2489,0.180,0.000,0.180
3509,1566536285443967335,24.00,-48.00,566,234705,11747,26.64,-57.06,-64.41,0.9877,1,0.1358,0.4419,0.9874,10000,2801,10,4.448,560.1,383.7,icp_d4_i120_p1000,1,1000,0.0,840.6,0.9874,0.2488,0.151,0.000,0.151
3509,1566536285443967335,24.00,-48.00,566,234705,11747,26.64,-57.06,-64.41,0.9877,1,0.1358,0.4419,0.9874,10000,2801,10,4.448,560.1,383.7,gicp_d4_i120,16,11747,108.5,10003.1,0.9874,0.2414,0.829,0.631,0.135
3509,1566536285443967335,24.00,-48.00,566,234705,11747,26.64,-57.06,-64.41,0.9877,1,0.1358,0.4419,0.9874,10000,2801,10,4.448,560.1,383.7,gicp_d4_i120_p5000,16,5000,112.7,11314.7,0.9874,0.2459,0.139,0.472,0.139
3509,1566536285443967335,24.00,-48.00,566,234705,11747,26.64,-57.06,-64.41,0.9877,1,0.1358,0.4419,0.9874,10000,2801,10,4.448,560.1,383.7,gicp_d4_i120_p2000,16,2000,118.0,11619.0,0.9876,0.2446,0.194,0.558,0.165
3509,1566536285443967335,24.00,-48.00,566,234705,11747,26.64,-57.06,-64.41,0.9877,1,0.1358,0.4419,0.9874,10000,2801,10,4.448,560.1,383.7,gicp_d4_i120_p1000,16,1000,114.9,11713.9,0.9874,0.2460,0.159,0.370,0.159
3509,1566536285443967335,24.00,-48.00,566,234705,11747,26.64,-57.06,-64.41,0.9877,1,0.1358,0.4419,0.9874,10000,2801,10,4.448,560.1,383.7,ndt_r3_i120,16,11747,10.1,4249.5,0.9877,0.2465,0.326,0.657,0.299
3509,1566536285443967335,24.00,-48.00,566,234705,11747,26.64,-57.06,-64.41,0.9877,1,0.1358,0.4419,0.9874,10000,2801,10,4.448,560.1,383.7,ndt_r3_i120_p5000,16,5000,8.0,3664.5,0.9877,0.2464,0.318,0.677,0.318
3509,1566536285443967335,24.00,-48.00,566,234705,11747,26.64,-57.06,-64.41,0.9877,1,0.1358,0.4419,0.9874,10000,2801,10,4.448,560.1,383.7,ndt_r3_i120_p2000,16,2000,7.8,3077.1,0.9878,0.2465,0.352,0.642,0.219
3509,1566536285443967335,24.00,-48.00,566,234705,11747,26.64,-57.06,-64.41,0.9877,1,0.1358,0.4419,0.9874,10000,2801,10,4.448,560.1,383.7,ndt_r3_i120_p1000,16,1000,7.9,3533.9,0.9876,0.2468,0.383,0.707,0.169
3655,1566536300042628620,-24.00,48.00,717,301272,11529,-33.41,57.95,-60.94,0.9270,1,0.0460,0.0758,0.9269,10000,3020,10,1.909,471.4,373.8,icp_d4_i120,1,11529,0.0,8332.6,0.9265,0.2453,1.065,0.053,0.186
3655,1566536300042628620,-24.00,48.00,717,301272,11529,-33.41,57.95,-60.94,0.9270,1,0.0460,0.0758,0.9269,10000,3020,10,1.909,471.4,373.8,icp_d4_i120_p5000,1,5000,0.0,3662.5,0.9265,0.2470,1.058,0.090,0.142
3655,1566536300042628620,-24.00,48.00,717,301272,11529,-33.41,57.95,-60.94,0.9270,1,0.0460,0.0758,0.9269,10000,3020,10,1.909,471.4,373.8,icp_d4_i120_p2000,1,2000,0.0,1389.2,0.9265,0.2478,1.052,0.205,0.253
3655,1566536300042628620,-24.00,48.00,717,301272,11529,-33.41,57.95,-60.94,0.9270,1,0.0460,0.0758,0.9269,10000,3020,10,1.909,471.4,373.8,icp_d4_i120_p1000,1,1000,0.0,791.1,0.9264,0.2581,1.124,0.149,0.384
3655,1566536300042628620,-24.00,48.00,717,301272,11529,-33.41,57.95,-60.94,0.9270,1,0.0460,0.0758,0.9269,10000,3020,10,1.909,471.4,373.8,gicp_d4_i120,16,11529,150.2,9607.9,0.9268,0.2396,0.045,0.070,0.044
3655,1566536300042628620,-24.00,48.00,717,301272,11529,-33.41,57.95,-60.94,0.9270,1,0.0460,0.0758,0.9269,10000,3020,10,1.909,471.4,373.8,gicp_d4_i120_p5000,16,5000,131.0,12083.2,0.9270,0.2395,0.102,0.069,0.094
3655,1566536300042628620,-24.00,48.00,717,301272,11529,-33.41,57.95,-60.94,0.9270,1,0.0460,0.0758,0.9269,10000,3020,10,1.909,471.4,373.8,gicp_d4_i120_p2000,16,2000,146.9,10492.0,0.9269,0.2386,0.977,0.404,0.066
3655,1566536300042628620,-24.00,48.00,717,301272,11529,-33.41,57.95,-60.94,0.9270,1,0.0460,0.0758,0.9269,10000,3020,10,1.909,471.4,373.8,gicp_d4_i120_p1000,16,1000,146.2,12841.5,0.9271,0.2399,0.196,0.254,0.034
3655,1566536300042628620,-24.00,48.00,717,301272,11529,-33.41,57.95,-60.94,0.9270,1,0.0460,0.0758,0.9269,10000,3020,10,1.909,471.4,373.8,ndt_r3_i120,16,11529,14.7,4527.9,0.9275,0.2400,0.391,0.217,0.225
3655,1566536300042628620,-24.00,48.00,717,301272,11529,-33.41,57.95,-60.94,0.9270,1,0.0460,0.0758,0.9269,10000,3020,10,1.909,471.4,373.8,ndt_r3_i120_p5000,16,5000,9.6,2938.8,0.9273,0.2393,0.189,0.166,0.189
3655,1566536300042628620,-24.00,48.00,717,301272,11529,-33.41,57.95,-60.94,0.9270,1,0.0460,0.0758,0.9269,10000,3020,10,1.909,471.4,373.8,ndt_r3_i120_p2000,16,2000,9.5,2246.7,0.9275,0.2399,0.374,0.153,0.128
3655,1566536300042628620,-24.00,48.00,717,301272,11529,-33.41,57.95,-60.94,0.9270,1,0.0460,0.0758,0.9269,10000,3020,10,1.909,471.4,373.8,ndt_r3_i120_p1000,16,1000,12.3,2240.3,0.9273,0.2395,0.194,0.120,0.093
3801,1566536314641427288,-120.00,168.00,852,306784,11229,-108.51,170.49,-50.50,0.9812,0,0.0860,0.2934,0.9811,10000,2100,10,2.346,548.0,374.1,icp_d4_i120,1,11229,0.0,8953.7,0.9816,0.2481,0.995,0.223,0.166
3801,1566536314641427288,-120.00,168.00,852,306784,11229,-108.51,170.49,-50.50,0.9812,0,0.0860,0.2934,0.9811,10000,2100,10,2.346,548.0,374.1,icp_d4_i120_p5000,1,5000,0.0,4422.9,0.9815,0.2499,0.265,0.235,0.172
3801,1566536314641427288,-120.00,168.00,852,306784,11229,-108.51,170.49,-50.50,0.9812,0,0.0860,0.2934,0.9811,10000,2100,10,2.346,548.0,374.1,icp_d4_i120_p2000,1,2000,0.0,1806.5,0.9816,0.2442,0.812,0.457,0.153
3801,1566536314641427288,-120.00,168.00,852,306784,11229,-108.51,170.49,-50.50,0.9812,0,0.0860,0.2934,0.9811,10000,2100,10,2.346,548.0,374.1,icp_d4_i120_p1000,1,1000,0.0,1105.6,0.9818,0.2500,0.234,0.408,0.167
3801,1566536314641427288,-120.00,168.00,852,306784,11229,-108.51,170.49,-50.50,0.9812,0,0.0860,0.2934,0.9811,10000,2100,10,2.346,548.0,374.1,gicp_d4_i120,16,11229,164.8,16530.3,0.9811,0.2501,0.084,0.305,0.084
3801,1566536314641427288,-120.00,168.00,852,306784,11229,-108.51,170.49,-50.50,0.9812,0,0.0860,0.2934,0.9811,10000,2100,10,2.346,548.0,374.1,gicp_d4_i120_p5000,16,5000,141.0,10898.5,0.9824,0.2449,0.647,0.801,0.090
3801,1566536314641427288,-120.00,168.00,852,306784,11229,-108.51,170.49,-50.50,0.9812,0,0.0860,0.2934,0.9811,10000,2100,10,2.346,548.0,374.1,gicp_d4_i120_p2000,16,2000,143.2,11413.6,0.9816,0.2455,0.106,0.365,0.106
3801,1566536314641427288,-120.00,168.00,852,306784,11229,-108.51,170.49,-50.50,0.9812,0,0.0860,0.2934,0.9811,10000,2100,10,2.346,548.0,374.1,gicp_d4_i120_p1000,16,1000,161.8,16448.9,0.9820,0.2458,0.140,0.391,0.140
3801,1566536314641427288,-120.00,168.00,852,306784,11229,-108.51,170.49,-50.50,0.9812,0,0.0860,0.2934,0.9811,10000,2100,10,2.346,548.0,374.1,ndt_r3_i120,16,11229,12.2,3574.3,0.9815,0.2453,0.521,0.326,0.427
3801,1566536314641427288,-120.00,168.00,852,306784,11229,-108.51,170.49,-50.50,0.9812,0,0.0860,0.2934,0.9811,10000,2100,10,2.346,548.0,374.1,ndt_r3_i120_p5000,16,5000,10.2,2796.9,0.9817,0.2457,0.567,0.340,0.407
3801,1566536314641427288,-120.00,168.00,852,306784,11229,-108.51,170.49,-50.50,0.9812,0,0.0860,0.2934,0.9811,10000,2100,10,2.346,548.0,374.1,ndt_r3_i120_p2000,16,2000,10.1,2771.4,0.9817,0.2467,0.612,0.351,0.408
3801,1566536314641427288,-120.00,168.00,852,306784,11229,-108.51,170.49,-50.50,0.9812,0,0.0860,0.2934,0.9811,10000,2100,10,2.346,548.0,374.1,ndt_r3_i120_p1000,16,1000,9.9,1829.8,0.9817,0.2462,0.562,0.338,0.415
3947,1566536329244945631,-192.00,264.00,958,326376,12645,-186.45,252.33,-51.58,0.9838,0,0.1209,0.6814,0.9842,10000,2532,10,5.448,779.3,392.7,icp_d4_i120,1,12645,0.0,16541.7,0.9839,0.2412,0.325,0.318,0.325
3947,1566536329244945631,-192.00,264.00,958,326376,12645,-186.45,252.33,-51.58,0.9838,0,0.1209,0.6814,0.9842,10000,2532,10,5.448,779.3,392.7,icp_d4_i120_p5000,1,5000,0.0,6846.1,0.9842,0.2420,0.241,0.235,0.241
3947,1566536329244945631,-192.00,264.00,958,326376,12645,-186.45,252.33,-51.58,0.9838,0,0.1209,0.6814,0.9842,10000,2532,10,5.448,779.3,392.7,icp_d4_i120_p2000,1,2000,0.0,2672.2,0.9844,0.2434,0.186,0.176,0.186
3947,1566536329244945631,-192.00,264.00,958,326376,12645,-186.45,252.33,-51.58,0.9838,0,0.1209,0.6814,0.9842,10000,2532,10,5.448,779.3,392.7,icp_d4_i120_p1000,1,1000,0.0,1596.8,0.9841,0.2430,0.214,0.147,0.214
3947,1566536329244945631,-192.00,264.00,958,326376,12645,-186.45,252.33,-51.58,0.9838,0,0.1209,0.6814,0.9842,10000,2532,10,5.448,779.3,392.7,gicp_d4_i120,16,12645,160.7,15265.9,0.9840,0.2432,0.116,0.687,0.116
3947,1566536329244945631,-192.00,264.00,958,326376,12645,-186.45,252.33,-51.58,0.9838,0,0.1209,0.6814,0.9842,10000,2532,10,5.448,779.3,392.7,gicp_d4_i120_p5000,16,5000,173.7,17122.1,0.9837,0.2425,0.093,0.786,0.093
3947,1566536329244945631,-192.00,264.00,958,326376,12645,-186.45,252.33,-51.58,0.9838,0,0.1209,0.6814,0.9842,10000,2532,10,5.448,779.3,392.7,gicp_d4_i120_p2000,16,2000,161.5,12567.7,0.9837,0.2431,0.115,0.640,0.115
3947,1566536329244945631,-192.00,264.00,958,326376,12645,-186.45,252.33,-51.58,0.9838,0,0.1209,0.6814,0.9842,10000,2532,10,5.448,779.3,392.7,gicp_d4_i120_p1000,16,1000,152.6,13790.2,0.9829,0.2407,0.175,0.804,0.175
3947,1566536329244945631,-192.00,264.00,958,326376,12645,-186.45,252.33,-51.58,0.9838,0,0.1209,0.6814,0.9842,10000,2532,10,5.448,779.3,392.7,ndt_r3_i120,16,12645,16.0,4678.7,0.9845,0.2409,0.387,0.512,0.283
3947,1566536329244945631,-192.00,264.00,958,326376,12645,-186.45,252.33,-51.58,0.9838,0,0.1209,0.6814,0.9842,10000,2532,10,5.448,779.3,392.7,ndt_r3_i120_p5000,16,5000,10.4,4191.5,0.9848,0.2406,0.482,0.490,0.291
3947,1566536329244945631,-192.00,264.00,958,326376,12645,-186.45,252.33,-51.58,0.9838,0,0.1209,0.6814,0.9842,10000,2532,10,5.448,779.3,392.7,ndt_r3_i120_p2000,16,2000,13.4,3383.9,0.9847,0.2424,0.456,0.521,0.267
3947,1566536329244945631,-192.00,264.00,958,326376,12645,-186.45,252.33,-51.58,0.9838,0,0.1209,0.6814,0.9842,10000,2532,10,5.448,779.3,392.7,ndt_r3_i120_p1000,16,1000,10.4,3127.5,0.9844,0.2432,0.253,0.532,0.245
4093,1566536343839592111,-120.00,312.00,1075,323752,11967,-124.24,304.08,-148.18,0.9536,1,0.1414,0.2661,0.9539,10000,4643,10,9.679,741.1,428.8,icp_d4_i120,1,11967,0.0,10041.3,0.9071,0.2517,2.498,0.396,2.498
4093,1566536343839592111,-120.00,312.00,1075,323752,11967,-124.24,304.08,-148.18,0.9536,1,0.1414,0.2661,0.9539,10000,4643,10,9.679,741.1,428.8,icp_d4_i120_p5000,1,5000,0.0,4737.9,0.9038,0.2529,2.562,0.426,2.562
4093,1566536343839592111,-120.00,312.00,1075,323752,11967,-124.24,304.08,-148.18,0.9536,1,0.1414,0.2661,0.9539,10000,4643,10,9.679,741.1,428.8,icp_d4_i120_p2000,1,2000,0.0,1461.3,0.7088,0.2433,9.949,10.437,8.635
4093,1566536343839592111,-120.00,312.00,1075,323752,11967,-124.24,304.08,-148.18,0.9536,1,0.1414,0.2661,0.9539,10000,4643,10,9.679,741.1,428.8,icp_d4_i120_p1000,1,1000,0.0,901.8,0.7118,0.2425,10.212,10.463,8.691
4093,1566536343839592111,-120.00,312.00,1075,323752,11967,-124.24,304.08,-148.18,0.9536,1,0.1414,0.2661,0.9539,10000,4643,10,9.679,741.1,428.8,gicp_d4_i120,16,11967,149.8,18349.4,0.9523,0.2415,0.749,0.360,0.748
4093,1566536343839592111,-120.00,312.00,1075,323752,11967,-124.24,304.08,-148.18,0.9536,1,0.1414,0.2661,0.9539,10000,4643,10,9.679,741.1,428.8,gicp_d4_i120_p5000,16,5000,166.2,19105.6,0.9540,0.2472,0.395,0.710,0.192
4093,1566536343839592111,-120.00,312.00,1075,323752,11967,-124.24,304.08,-148.18,0.9536,1,0.1414,0.2661,0.9539,10000,4643,10,9.679,741.1,428.8,gicp_d4_i120_p2000,16,2000,168.6,16896.6,0.9536,0.2448,0.280,0.718,0.280
4093,1566536343839592111,-120.00,312.00,1075,323752,11967,-124.24,304.08,-148.18,0.9536,1,0.1414,0.2661,0.9539,10000,4643,10,9.679,741.1,428.8,gicp_d4_i120_p1000,16,1000,161.0,15905.2,0.9537,0.2467,0.117,0.998,0.117
4093,1566536343839592111,-120.00,312.00,1075,323752,11967,-124.24,304.08,-148.18,0.9536,1,0.1414,0.2661,0.9539,10000,4643,10,9.679,741.1,428.8,ndt_r3_i120,16,11967,12.2,3988.6,0.9534,0.2442,0.569,0.243,0.569
4093,1566536343839592111,-120.00,312.00,1075,323752,11967,-124.24,304.08,-148.18,0.9536,1,0.1414,0.2661,0.9539,10000,4643,10,9.679,741.1,428.8,ndt_r3_i120_p5000,16,5000,10.6,2297.9,0.7229,0.2437,8.435,4.538,8.435
4093,1566536343839592111,-120.00,312.00,1075,323752,11967,-124.24,304.08,-148.18,0.9536,1,0.1414,0.2661,0.9539,10000,4643,10,9.679,741.1,428.8,ndt_r3_i120_p2000,16,2000,10.4,1511.6,0.7211,0.2443,9.966,10.479,8.588
4093,1566536343839592111,-120.00,312.00,1075,323752,11967,-124.24,304.08,-148.18,0.9536,1,0.1414,0.2661,0.9539,10000,4643,10,9.679,741.1,428.8,ndt_r3_i120_p1000,16,1000,10.5,1398.5,0.7192,0.2420,10.220,10.197,8.837
4239,1566536358440171103,-48.00,336.00,927,293722,12442,-59.00,341.56,-170.63,0.9871,0,0.3436,0.3600,0.9877,10000,2192,10,1.744,594.3,411.6,icp_d4_i120,1,12442,0.0,12755.2,0.9882,0.2473,0.484,0.482,0.154
4239,1566536358440171103,-48.00,336.00,927,293722,12442,-59.00,341.56,-170.63,0.9871,0,0.3436,0.3600,0.9877,10000,2192,10,1.744,594.3,411.6,icp_d4_i120_p5000,1,5000,0.0,5553.4,0.9883,0.2474,0.488,0.578,0.207
4239,1566536358440171103,-48.00,336.00,927,293722,12442,-59.00,341.56,-170.63,0.9871,0,0.3436,0.3600,0.9877,10000,2192,10,1.744,594.3,411.6,icp_d4_i120_p2000,1,2000,0.0,2469.3,0.9880,0.2461,0.218,0.069,0.218
4239,1566536358440171103,-48.00,336.00,927,293722,12442,-59.00,341.56,-170.63,0.9871,0,0.3436,0.3600,0.9877,10000,2192,10,1.744,594.3,411.6,icp_d4_i120_p1000,1,1000,0.0,1349.6,0.9883,0.2460,0.298,0.192,0.253
4239,1566536358440171103,-48.00,336.00,927,293722,12442,-59.00,341.56,-170.63,0.9871,0,0.3436,0.3600,0.9877,10000,2192,10,1.744,594.3,411.6,gicp_d4_i120,16,12442,139.1,12718.4,0.9876,0.2478,0.311,0.258,0.117
4239,1566536358440171103,-48.00,336.00,927,293722,12442,-59.00,341.56,-170.63,0.9871,0,0.3436,0.3600,0.9877,10000,2192,10,1.744,594.3,411.6,gicp_d4_i120_p5000,16,5000,150.3,8559.8,0.9879,0.2477,0.283,0.217,0.271
4239,1566536358440171103,-48.00,336.00,927,293722,12442,-59.00,341.56,-170.63,0.9871,0,0.3436,0.3600,0.9877,10000,2192,10,1.744,594.3,411.6,gicp_d4_i120_p2000,16,2000,133.0,7000.7,0.9880,0.2476,0.200,0.431,0.140
4239,1566536358440171103,-48.00,336.00,927,293722,12442,-59.00,341.56,-170.63,0.9871,0,0.3436,0.3600,0.9877,10000,2192,10,1.744,594.3,411.6,gicp_d4_i120_p1000,16,1000,142.7,9763.0,0.9875,0.2455,0.173,0.623,0.173
4239,1566536358440171103,-48.00,336.00,927,293722,12442,-59.00,341.56,-170.63,0.9871,0,0.3436,0.3600,0.9877,10000,2192,10,1.744,594.3,411.6,ndt_r3_i120,16,12442,13.2,4706.8,0.9879,0.2454,0.078,0.396,0.072
4239,1566536358440171103,-48.00,336.00,927,293722,12442,-59.00,341.56,-170.63,0.9871,0,0.3436,0.3600,0.9877,10000,2192,10,1.744,594.3,411.6,ndt_r3_i120_p5000,16,5000,9.9,3997.7,0.9879,0.2456,0.084,0.402,0.067
4239,1566536358440171103,-48.00,336.00,927,293722,12442,-59.00,341.56,-170.63,0.9871,0,0.3436,0.3600,0.9877,10000,2192,10,1.744,594.3,411.6,ndt_r3_i120_p2000,16,2000,9.9,3687.7,0.9879,0.2459,0.097,0.439,0.076
4239,1566536358440171103,-48.00,336.00,927,293722,12442,-59.00,341.56,-170.63,0.9871,0,0.3436,0.3600,0.9877,10000,2192,10,1.744,594.3,411.6,ndt_r3_i120_p1000,16,1000,12.8,3104.3,0.9878,0.2457,0.081,0.386,0.076
4385,1566536373043127061,0.00,288.00,608,203247,10521,3.57,297.34,138.76,0.9671,1,0.0669,0.5968,0.9681,10000,1190,10,1.285,412.2,316.1,icp_d4_i120,1,10521,0.0,8733.0,0.9699,0.2465,0.397,0.720,0.149
4385,1566536373043127061,0.00,288.00,608,203247,10521,3.57,297.34,138.76,0.9671,1,0.0669,0.5968,0.9681,10000,1190,10,1.285,412.2,316.1,icp_d4_i120_p5000,1,5000,0.0,3594.5,0.9702,0.2469,0.385,0.734,0.124
4385,1566536373043127061,0.00,288.00,608,203247,10521,3.57,297.34,138.76,0.9671,1,0.0669,0.5968,0.9681,10000,1190,10,1.285,412.2,316.1,icp_d4_i120_p2000,1,2000,0.0,1459.6,0.9693,0.2457,0.461,0.728,0.136
4385,1566536373043127061,0.00,288.00,608,203247,10521,3.57,297.34,138.76,0.9671,1,0.0669,0.5968,0.9681,10000,1190,10,1.285,412.2,316.1,icp_d4_i120_p1000,1,1000,0.0,783.5,0.9690,0.2437,0.091,0.530,0.091
4385,1566536373043127061,0.00,288.00,608,203247,10521,3.57,297.34,138.76,0.9671,1,0.0669,0.5968,0.9681,10000,1190,10,1.285,412.2,316.1,gicp_d4_i120,16,10521,89.2,3293.4,0.9682,0.2430,0.065,0.599,0.065
4385,1566536373043127061,0.00,288.00,608,203247,10521,3.57,297.34,138.76,0.9671,1,0.0669,0.5968,0.9681,10000,1190,10,1.285,412.2,316.1,gicp_d4_i120_p5000,16,5000,93.4,7901.4,0.9680,0.2432,0.039,0.704,0.032
4385,1566536373043127061,0.00,288.00,608,203247,10521,3.57,297.34,138.76,0.9671,1,0.0669,0.5968,0.9681,10000,1190,10,1.285,412.2,316.1,gicp_d4_i120_p2000,16,2000,91.3,9408.0,0.9691,0.2429,0.107,0.731,0.061
4385,1566536373043127061,0.00,288.00,608,203247,10521,3.57,297.34,138.76,0.9671,1,0.0669,0.5968,0.9681,10000,1190,10,1.285,412.2,316.1,gicp_d4_i120_p1000,16,1000,102.2,19323.9,0.9699,0.2419,0.131,0.899,0.130
4385,1566536373043127061,0.00,288.00,608,203247,10521,3.57,297.34,138.76,0.9671,1,0.0669,0.5968,0.9681,10000,1190,10,1.285,412.2,316.1,ndt_r3_i120,16,10521,8.8,3091.7,0.9698,0.2462,0.138,0.243,0.133
4385,1566536373043127061,0.00,288.00,608,203247,10521,3.57,297.34,138.76,0.9671,1,0.0669,0.5968,0.9681,10000,1190,10,1.285,412.2,316.1,ndt_r3_i120_p5000,16,5000,7.3,2625.4,0.9697,0.2462,0.135,0.248,0.131
4385,1566536373043127061,0.00,288.00,608,203247,10521,3.57,297.34,138.76,0.9671,1,0.0669,0.5968,0.9681,10000,1190,10,1.285,412.2,316.1,ndt_r3_i120_p2000,16,2000,8.5,2292.4,0.9698,0.2461,0.148,0.233,0.132
4385,1566536373043127061,0.00,288.00,608,203247,10521,3.57,297.34,138.76,0.9671,1,0.0669,0.5968,0.9681,10000,1190,10,1.285,412.2,316.1,ndt_r3_i120_p1000,16,1000,8.4,2197.3,0.9697,0.2461,0.161,0.190,0.160
4531,1566536387640092244,48.00,264.00,683,228747,11320,53.66,265.70,157.91,0.9479,1,0.3775,0.2902,0.9475,10000,1850,10,0.827,494.0,344.2,icp_d4_i120,1,11320,0.0,9596.0,0.9477,0.2487,0.345,0.194,0.345
4531,1566536387640092244,48.00,264.00,683,228747,11320,53.66,265.70,157.91,0.9479,1,0.3775,0.2902,0.9475,10000,1850,10,0.827,494.0,344.2,icp_d4_i120_p5000,1,5000,0.0,4728.9,0.9476,0.2489,0.321,0.254,0.321
4531,1566536387640092244,48.00,264.00,683,228747,11320,53.66,265.70,157.91,0.9479,1,0.3775,0.2902,0.9475,10000,1850,10,0.827,494.0,344.2,icp_d4_i120_p2000,1,2000,0.0,1992.3,0.9480,0.2484,0.369,0.207,0.356
4531,1566536387640092244,48.00,264.00,683,228747,11320,53.66,265.70,157.91,0.9479,1,0.3775,0.2902,0.9475,10000,1850,10,0.827,494.0,344.2,icp_d4_i120_p1000,1,1000,0.0,984.9,0.9476,0.2489,0.496,0.405,0.290
4531,1566536387640092244,48.00,264.00,683,228747,11320,53.66,265.70,157.91,0.9479,1,0.3775,0.2902,0.9475,10000,1850,10,0.827,494.0,344.2,gicp_d4_i120,16,11320,102.4,5662.6,0.9475,0.2494,0.378,0.285,0.299
4531,1566536387640092244,48.00,264.00,683,228747,11320,53.66,265.70,157.91,0.9479,1,0.3775,0.2902,0.9475,10000,1850,10,0.827,494.0,344.2,gicp_d4_i120_p5000,16,5000,110.9,6600.1,0.9475,0.2494,0.385,0.323,0.375
4531,1566536387640092244,48.00,264.00,683,228747,11320,53.66,265.70,157.91,0.9479,1,0.3775,0.2902,0.9475,10000,1850,10,0.827,494.0,344.2,gicp_d4_i120_p2000,16,2000,113.0,8534.8,0.9479,0.2484,0.392,0.203,0.345
4531,1566536387640092244,48.00,264.00,683,228747,11320,53.66,265.70,157.91,0.9479,1,0.3775,0.2902,0.9475,10000,1850,10,0.827,494.0,344.2,gicp_d4_i120_p1000,16,1000,112.6,8325.4,0.9474,0.2492,0.387,0.399,0.387
4531,1566536387640092244,48.00,264.00,683,228747,11320,53.66,265.70,157.91,0.9479,1,0.3775,0.2902,0.9475,10000,1850,10,0.827,494.0,344.2,ndt_r3_i120,16,11320,10.1,3101.7,0.9480,0.2472,0.119,0.378,0.085
4531,1566536387640092244,48.00,264.00,683,228747,11320,53.66,265.70,157.91,0.9479,1,0.3775,0.2902,0.9475,10000,1850,10,0.827,494.0,344.2,ndt_r3_i120_p5000,16,5000,8.1,2612.7,0.9481,0.2471,0.114,0.371,0.085
4531,1566536387640092244,48.00,264.00,683,228747,11320,53.66,265.70,157.91,0.9479,1,0.3775,0.2902,0.9475,10000,1850,10,0.827,494.0,344.2,ndt_r3_i120_p2000,16,2000,7.8,2254.8,0.9476,0.2470,0.120,0.364,0.088
4531,1566536387640092244,48.00,264.00,683,228747,11320,53.66,265.70,157.91,0.9479,1,0.3775,0.2902,0.9475,10000,1850,10,0.827,494.0,344.2,ndt_r3_i120_p1000,16,1000,7.8,2088.9,0.9479,0.2469,0.091,0.367,0.071
4677,1566536402244751841,96.00,240.00,678,291314,13968,102.67,251.83,172.63,0.9220,1,0.8726,1.4501,0.9475,10000,2744,10,2.695,684.0,479.1,icp_d4_i120,1,13968,0.0,18203.9,0.9487,0.2459,0.619,1.532,0.277
4677,1566536402244751841,96.00,240.00,678,291314,13968,102.67,251.83,172.63,0.9220,1,0.8726,1.4501,0.9475,10000,2744,10,2.695,684.0,479.1,icp_d4_i120_p5000,1,5000,0.0,6640.7,0.9487,0.2461,0.632,1.497,0.375
4677,1566536402244751841,96.00,240.00,678,291314,13968,102.67,251.83,172.63,0.9220,1,0.8726,1.4501,0.9475,10000,2744,10,2.695,684.0,479.1,icp_d4_i120_p2000,1,2000,0.0,2624.5,0.9487,0.2458,0.496,1.977,0.225
4677,1566536402244751841,96.00,240.00,678,291314,13968,102.67,251.83,172.63,0.9220,1,0.8726,1.4501,0.9475,10000,2744,10,2.695,684.0,479.1,icp_d4_i120_p1000,1,1000,0.0,1420.1,0.9483,0.2437,0.362,1.961,0.230
4677,1566536402244751841,96.00,240.00,678,291314,13968,102.67,251.83,172.63,0.9220,1,0.8726,1.4501,0.9475,10000,2744,10,2.695,684.0,479.1,gicp_d4_i120,16,13968,143.2,9196.9,0.9475,0.2441,0.871,1.441,0.871
4677,1566536402244751841,96.00,240.00,678,291314,13968,102.67,251.83,172.63,0.9220,1,0.8726,1.4501,0.9475,10000,2744,10,2.695,684.0,479.1,gicp_d4_i120_p5000,16,5000,144.9,8192.3,0.9482,0.2450,0.881,1.391,0.881
4677,1566536402244751841,96.00,240.00,678,291314,13968,102.67,251.83,172.63,0.9220,1,0.8726,1.4501,0.9475,10000,2744,10,2.695,684.0,479.1,gicp_d4_i120_p2000,16,2000,133.3,13448.8,0.9484,0.2455,0.771,1.726,0.741
4677,1566536402244751841,96.00,240.00,678,291314,13968,102.67,251.83,172.63,0.9220,1,0.8726,1.4501,0.9475,10000,2744,10,2.695,684.0,479.1,gicp_d4_i120_p1000,16,1000,136.0,11709.1,0.9476,0.2452,0.860,1.336,0.368
4677,1566536402244751841,96.00,240.00,678,291314,13968,102.67,251.83,172.63,0.9220,1,0.8726,1.4501,0.9475,10000,2744,10,2.695,684.0,479.1,ndt_r3_i120,16,13968,13.9,5973.8,0.9482,0.2442,0.601,1.639,0.223
4677,1566536402244751841,96.00,240.00,678,291314,13968,102.67,251.83,172.63,0.9220,1,0.8726,1.4501,0.9475,10000,2744,10,2.695,684.0,479.1,ndt_r3_i120_p5000,16,5000,9.8,4922.1,0.9480,0.2443,0.531,1.612,0.159
4677,1566536402244751841,96.00,240.00,678,291314,13968,102.67,251.83,172.63,0.9220,1,0.8726,1.4501,0.9475,10000,2744,10,2.695,684.0,479.1,ndt_r3_i120_p2000,16,2000,9.8,4343.3,0.9480,0.2438,0.552,1.692,0.490
4677,1566536402244751841,96.00,240.00,678,291314,13968,102.67,251.83,172.63,0.9220,1,0.8726,1.4501,0.9475,10000,2744,10,2.695,684.0,479.1,ndt_r3_i120_p1000,16,1000,10.1,4042.2,0.9477,0.2431,0.608,1.595,0.578
4823,1566536416839603235,168.00,240.00,591,282939,14515,158.98,250.32,-176.85,0.8147,1,2.1123,0.5448,0.9732,10000,939,10,1.833,679.5,467.3,icp_d4_i120,1,14515,0.0,12279.6,0.9740,0.2467,2.022,0.540,2.022
4823,1566536416839603235,168.00,240.00,591,282939,14515,158.98,250.32,-176.85,0.8147,1,2.1123,0.5448,0.9732,10000,939,10,1.833,679.5,467.3,icp_d4_i120_p5000,1,5000,0.0,4368.1,0.9746,0.2473,2.157,0.444,2.041
4823,1566536416839603235,168.00,240.00,591,282939,14515,158.98,250.32,-176.85,0.8147,1,2.1123,0.5448,0.9732,10000,939,10,1.833,679.5,467.3,icp_d4_i120_p2000,1,2000,0.0,1943.5,0.9752,0.2478,2.102,0.599,1.971
4823,1566536416839603235,168.00,240.00,591,282939,14515,158.98,250.32,-176.85,0.8147,1,2.1123,0.5448,0.9732,10000,939,10,1.833,679.5,467.3,icp_d4_i120_p1000,1,1000,0.0,1132.1,0.9753,0.2481,2.166,0.593,1.768
4823,1566536416839603235,168.00,240.00,591,282939,14515,158.98,250.32,-176.85,0.8147,1,2.1123,0.5448,0.9732,10000,939,10,1.833,679.5,467.3,gicp_d4_i120,16,14515,136.1,3365.2,0.9732,0.2474,2.112,0.543,2.112
4823,1566536416839603235,168.00,240.00,591,282939,14515,158.98,250.32,-176.85,0.8147,1,2.1123,0.5448,0.9732,10000,939,10,1.833,679.5,467.3,gicp_d4_i120_p5000,16,5000,127.0,1382.6,0.9733,0.2471,2.095,0.487,2.095
4823,1566536416839603235,168.00,240.00,591,282939,14515,158.98,250.32,-176.85,0.8147,1,2.1123,0.5448,0.9732,10000,939,10,1.833,679.5,467.3,gicp_d4_i120_p2000,16,2000,134.5,10285.1,0.9747,0.2481,2.095,0.765,2.094
4823,1566536416839603235,168.00,240.00,591,282939,14515,158.98,250.32,-176.85,0.8147,1,2.1123,0.5448,0.9732,10000,939,10,1.833,679.5,467.3,gicp_d4_i120_p1000,16,1000,137.1,6852.7,0.9698,0.2500,2.330,1.169,2.328
4823,1566536416839603235,168.00,240.00,591,282939,14515,158.98,250.32,-176.85,0.8147,1,2.1123,0.5448,0.9732,10000,939,10,1.833,679.5,467.3,ndt_r3_i120,16,14515,14.3,4426.8,0.9741,0.2481,2.076,0.516,2.031
4823,1566536416839603235,168.00,240.00,591,282939,14515,158.98,250.32,-176.85,0.8147,1,2.1123,0.5448,0.9732,10000,939,10,1.833,679.5,467.3,ndt_r3_i120_p5000,16,5000,10.0,3716.3,0.9742,0.2484,2.058,0.460,2.013
4823,1566536416839603235,168.00,240.00,591,282939,14515,158.98,250.32,-176.85,0.8147,1,2.1123,0.5448,0.9732,10000,939,10,1.833,679.5,467.3,ndt_r3_i120_p2000,16,2000,10.0,3225.0,0.9744,0.2484,2.103,0.569,2.057
4823,1566536416839603235,168.00,240.00,591,282939,14515,158.98,250.32,-176.85,0.8147,1,2.1123,0.5448,0.9732,10000,939,10,1.833,679.5,467.3,ndt_r3_i120_p1000,16,1000,10.4,3077.7,0.9744,0.2487,2.073,0.454,2.021
4969,1566536431440022906,240.00,288.00,363,160559,7009,245.94,280.52,-146.43,0.9358,1,0.9383,1.1096,0.9730,10000,2020,10,1.740,260.4,198.6,icp_d4_i120,1,7009,0.0,6319.1,0.9756,0.2466,0.880,0.952,0.880
4969,1566536431440022906,240.00,288.00,363,160559,7009,245.94,280.52,-146.43,0.9358,1,0.9383,1.1096,0.9730,10000,2020,10,1.740,260.4,198.6,icp_d4_i120_p5000,1,5000,0.0,4634.9,0.9756,0.2461,0.889,0.976,0.889
4969,1566536431440022906,240.00,288.00,363,160559,7009,245.94,280.52,-146.43,0.9358,1,0.9383,1.1096,0.9730,10000,2020,10,1.740,260.4,198.6,icp_d4_i120_p2000,1,2000,0.0,1782.1,0.9755,0.2468,0.885,0.974,0.885
4969,1566536431440022906,240.00,288.00,363,160559,7009,245.94,280.52,-146.43,0.9358,1,0.9383,1.1096,0.9730,10000,2020,10,1.740,260.4,198.6,icp_d4_i120_p1000,1,1000,0.0,926.4,0.9759,0.2464,0.901,0.921,0.886
4969,1566536431440022906,240.00,288.00,363,160559,7009,245.94,280.52,-146.43,0.9358,1,0.9383,1.1096,0.9730,10000,2020,10,1.740,260.4,198.6,gicp_d4_i120,16,7009,78.0,7645.0,0.9733,0.2467,0.941,1.125,0.941
4969,1566536431440022906,240.00,288.00,363,160559,7009,245.94,280.52,-146.43,0.9358,1,0.9383,1.1096,0.9730,10000,2020,10,1.740,260.4,198.6,gicp_d4_i120_p5000,16,5000,72.8,7021.0,0.9735,0.2466,0.940,1.115,0.940
4969,1566536431440022906,240.00,288.00,363,160559,7009,245.94,280.52,-146.43,0.9358,1,0.9383,1.1096,0.9730,10000,2020,10,1.740,260.4,198.6,gicp_d4_i120_p2000,16,2000,71.7,16314.9,0.9737,0.2471,0.920,1.141,0.919
4969,1566536431440022906,240.00,288.00,363,160559,7009,245.94,280.52,-146.43,0.9358,1,0.9383,1.1096,0.9730,10000,2020,10,1.740,260.4,198.6,gicp_d4_i120_p1000,16,1000,74.4,2998.0,0.9757,0.2443,0.975,1.115,0.967
4969,1566536431440022906,240.00,288.00,363,160559,7009,245.94,280.52,-146.43,0.9358,1,0.9383,1.1096,0.9730,10000,2020,10,1.740,260.4,198.6,ndt_r3_i120,16,7009,8.4,2863.1,0.9740,0.2462,0.977,1.035,0.975
4969,1566536431440022906,240.00,288.00,363,160559,7009,245.94,280.52,-146.43,0.9358,1,0.9383,1.1096,0.9730,10000,2020,10,1.740,260.4,198.6,ndt_r3_i120_p5000,16,5000,6.7,2921.1,0.9739,0.2464,0.978,1.026,0.977
4969,1566536431440022906,240.00,288.00,363,160559,7009,245.94,280.52,-146.43,0.9358,1,0.9383,1.1096,0.9730,10000,2020,10,1.740,260.4,198.6,ndt_r3_i120_p2000,16,2000,6.2,2333.4,0.9739,0.2458,0.975,1.064,0.973
4969,1566536431440022906,240.00,288.00,363,160559,7009,245.94,280.52,-146.43,0.9358,1,0.9383,1.1096,0.9730,10000,2020,10,1.740,260.4,198.6,ndt_r3_i120_p1000,16,1000,6.1,2046.5,0.9747,0.2454,0.957,1.021,0.957
5115,1566536446040042155,312.00,264.00,393,175180,10306,317.36,267.03,123.69,0.9584,1,0.8387,0.9490,0.9934,10000,2405,10,1.229,426.9,302.6,icp_d4_i120,1,10306,0.0,7597.0,0.9934,0.2482,0.835,0.962,0.826
5115,1566536446040042155,312.00,264.00,393,175180,10306,317.36,267.03,123.69,0.9584,1,0.8387,0.9490,0.9934,10000,2405,10,1.229,426.9,302.6,icp_d4_i120_p5000,1,5000,0.0,3535.3,0.9934,0.2481,0.832,0.993,0.823
5115,1566536446040042155,312.00,264.00,393,175180,10306,317.36,267.03,123.69,0.9584,1,0.8387,0.9490,0.9934,10000,2405,10,1.229,426.9,302.6,icp_d4_i120_p2000,1,2000,0.0,1773.9,0.9939,0.2465,0.829,0.959,0.813
5115,1566536446040042155,312.00,264.00,393,175180,10306,317.36,267.03,123.69,0.9584,1,0.8387,0.9490,0.9934,10000,2405,10,1.229,426.9,302.6,icp_d4_i120_p1000,1,1000,0.0,693.7,0.9940,0.2463,0.842,0.986,0.816
5115,1566536446040042155,312.00,264.00,393,175180,10306,317.36,267.03,123.69,0.9584,1,0.8387,0.9490,0.9934,10000,2405,10,1.229,426.9,302.6,gicp_d4_i120,16,10306,77.4,7316.0,0.9934,0.2477,0.838,0.947,0.837
5115,1566536446040042155,312.00,264.00,393,175180,10306,317.36,267.03,123.69,0.9584,1,0.8387,0.9490,0.9934,10000,2405,10,1.229,426.9,302.6,gicp_d4_i120_p5000,16,5000,87.5,5918.8,0.9939,0.2464,0.813,0.941,0.813
5115,1566536446040042155,312.00,264.00,393,175180,10306,317.36,267.03,123.69,0.9584,1,0.8387,0.9490,0.9934,10000,2405,10,1.229,426.9,302.6,gicp_d4_i120_p2000,16,2000,79.5,5959.6,0.9934,0.2477,0.820,0.954,0.820
5115,1566536446040042155,312.00,264.00,393,175180,10306,317.36,267.03,123.69,0.9584,1,0.8387,0.9490,0.9934,10000,2405,10,1.229,426.9,302.6,gicp_d4_i120_p1000,16,1000,87.1,7642.3,0.9940,0.2469,0.804,0.845,0.796
5115,1566536446040042155,312.00,264.00,393,175180,10306,317.36,267.03,123.69,0.9584,1,0.8387,0.9490,0.9934,10000,2405,10,1.229,426.9,302.6,ndt_r3_i120,16,10306,10.4,3226.6,0.9930,0.2483,0.876,1.001,0.874
5115,1566536446040042155,312.00,264.00,393,175180,10306,317.36,267.03,123.69,0.9584,1,0.8387,0.9490,0.9934,10000,2405,10,1.229,426.9,302.6,ndt_r3_i120_p5000,16,5000,6.3,2596.3,0.9934,0.2485,0.850,0.957,0.850
5115,1566536446040042155,312.00,264.00,393,175180,10306,317.36,267.03,123.69,0.9584,1,0.8387,0.9490,0.9934,10000,2405,10,1.229,426.9,302.6,ndt_r3_i120_p2000,16,2000,6.1,2457.6,0.9935,0.2482,0.870,1.013,0.845
5115,1566536446040042155,312.00,264.00,393,175180,10306,317.36,267.03,123.69,0.9584,1,0.8387,0.9490,0.9934,10000,2405,10,1.229,426.9,302.6,ndt_r3_i120_p1000,16,1000,6.1,2558.4,0.9934,0.2481,0.847,1.022,0.809
5261,1566536460646590877,360.00,192.00,418,212491,10251,360.05,201.10,122.58,0.9370,1,1.0330,0.3239,0.9872,10000,2520,10,6.197,412.7,310.0,icp_d4_i120,1,10251,0.0,10551.0,0.9874,0.2451,1.023,0.368,1.023
5261,1566536460646590877,360.00,192.00,418,212491,10251,360.05,201.10,122.58,0.9370,1,1.0330,0.3239,0.9872,10000,2520,10,6.197,412.7,310.0,icp_d4_i120_p5000,1,5000,0.0,4288.1,0.9874,0.2452,1.025,0.402,1.025
5261,1566536460646590877,360.00,192.00,418,212491,10251,360.05,201.10,122.58,0.9370,1,1.0330,0.3239,0.9872,10000,2520,10,6.197,412.7,310.0,icp_d4_i120_p2000,1,2000,0.0,2078.0,0.9875,0.2449,1.041,0.344,1.041
5261,1566536460646590877,360.00,192.00,418,212491,10251,360.05,201.10,122.58,0.9370,1,1.0330,0.3239,0.9872,10000,2520,10,6.197,412.7,310.0,icp_d4_i120_p1000,1,1000,0.0,1034.0,0.9874,0.2450,0.992,0.365,0.992
5261,1566536460646590877,360.00,192.00,418,212491,10251,360.05,201.10,122.58,0.9370,1,1.0330,0.3239,0.9872,10000,2520,10,6.197,412.7,310.0,gicp_d4_i120,16,10251,104.9,17286.0,0.9872,0.2447,1.033,0.318,1.033
5261,1566536460646590877,360.00,192.00,418,212491,10251,360.05,201.10,122.58,0.9370,1,1.0330,0.3239,0.9872,10000,2520,10,6.197,412.7,310.0,gicp_d4_i120_p5000,16,5000,100.3,18716.3,0.9873,0.2446,1.021,0.334,1.021
5261,1566536460646590877,360.00,192.00,418,212491,10251,360.05,201.10,122.58,0.9370,1,1.0330,0.3239,0.9872,10000,2520,10,6.197,412.7,310.0,gicp_d4_i120_p2000,16,2000,97.8,17718.1,0.9868,0.2448,1.061,0.307,1.061
5261,1566536460646590877,360.00,192.00,418,212491,10251,360.05,201.10,122.58,0.9370,1,1.0330,0.3239,0.9872,10000,2520,10,6.197,412.7,310.0,gicp_d4_i120_p1000,16,1000,103.6,15310.0,0.9876,0.2450,0.949,0.319,0.949
5261,1566536460646590877,360.00,192.00,418,212491,10251,360.05,201.10,122.58,0.9370,1,1.0330,0.3239,0.9872,10000,2520,10,6.197,412.7,310.0,ndt_r3_i120,16,10251,9.1,3473.6,0.9874,0.2450,1.062,0.484,1.062
5261,1566536460646590877,360.00,192.00,418,212491,10251,360.05,201.10,122.58,0.9370,1,1.0330,0.3239,0.9872,10000,2520,10,6.197,412.7,310.0,ndt_r3_i120_p5000,16,5000,7.1,2632.2,0.9874,0.2450,1.067,0.497,1.067
5261,1566536460646590877,360.00,192.00,418,212491,10251,360.05,201.10,122.58,0.9370,1,1.0330,0.3239,0.9872,10000,2520,10,6.197,412.7,310.0,ndt_r3_i120_p2000,16,2000,6.9,2265.1,0.9874,0.2452,1.076,0.417,1.076
5261,1566536460646590877,360.00,192.00,418,212491,10251,360.05,201.10,122.58,0.9370,1,1.0330,0.3239,0.9872,10000,2520,10,6.197,412.7,310.0,ndt_r3_i120_p1000,16,1000,6.9,1602.3,0.9874,0.2453,1.079,0.456,1.079
5407,1566536475239296031,384.00,168.00,410,217597,10801,387.36,157.50,121.52,0.9669,0,0.6793,0.5098,0.9732,10000,3213,10,5.517,507.5,349.3,icp_d4_i120,1,10801,0.0,11637.4,0.6989,0.2504,43.598,26.404,7.193
5407,1566536475239296031,384.00,168.00,410,217597,10801,387.36,157.50,121.52,0.9669,0,0.6793,0.5098,0.9732,10000,3213,10,5.517,507.5,349.3,icp_d4_i120_p5000,1,5000,0.0,5442.1,0.6989,0.2491,43.704,26.443,7.097
5407,1566536475239296031,384.00,168.00,410,217597,10801,387.36,157.50,121.52,0.9669,0,0.6793,0.5098,0.9732,10000,3213,10,5.517,507.5,349.3,icp_d4_i120_p2000,1,2000,0.0,1731.2,0.6891,0.2503,43.561,26.855,6.423
5407,1566536475239296031,384.00,168.00,410,217597,10801,387.36,157.50,121.52,0.9669,0,0.6793,0.5098,0.9732,10000,3213,10,5.517,507.5,349.3,icp_d4_i120_p1000,1,1000,0.0,773.2,0.6860,0.2576,40.686,2.114,6.164
5407,1566536475239296031,384.00,168.00,410,217597,10801,387.36,157.50,121.52,0.9669,0,0.6793,0.5098,0.9732,10000,3213,10,5.517,507.5,349.3,gicp_d4_i120,16,10801,97.9,14290.8,0.9731,0.2410,0.506,1.667,0.506
5407,1566536475239296031,384.00,168.00,410,217597,10801,387.36,157.50,121.52,0.9669,0,0.6793,0.5098,0.9732,10000,3213,10,5.517,507.5,349.3,gicp_d4_i120_p5000,16,5000,107.0,16852.0,0.9732,0.2412,0.570,1.661,0.570
5407,1566536475239296031,384.00,168.00,410,217597,10801,387.36,157.50,121.52,0.9669,0,0.6793,0.5098,0.9732,10000,3213,10,5.517,507.5,349.3,gicp_d4_i120_p2000,16,2000,103.2,17255.9,0.9733,0.2426,0.660,1.445,0.352
5407,1566536475239296031,384.00,168.00,410,217597,10801,387.36,157.50,121.52,0.9669,0,0.6793,0.5098,0.9732,10000,3213,10,5.517,507.5,349.3,gicp_d4_i120_p1000,16,1000,116.4,16671.4,0.9732,0.2433,0.683,1.440,0.683
5407,1566536475239296031,384.00,168.00,410,217597,10801,387.36,157.50,121.52,0.9669,0,0.6793,0.5098,0.9732,10000,3213,10,5.517,507.5,349.3,ndt_r3_i120,16,10801,12.4,3657.9,0.9732,0.2472,0.620,0.854,0.620
5407,1566536475239296031,384.00,168.00,410,217597,10801,387.36,157.50,121.52,0.9669,0,0.6793,0.5098,0.9732,10000,3213,10,5.517,507.5,349.3,ndt_r3_i120_p5000,16,5000,7.2,2490.9,0.9732,0.2471,0.607,0.874,0.607
5407,1566536475239296031,384.00,168.00,410,217597,10801,387.36,157.50,121.52,0.9669,0,0.6793,0.5098,0.9732,10000,3213,10,5.517,507.5,349.3,ndt_r3_i120_p2000,16,2000,7.2,1790.1,0.7060,0.2455,39.615,3.608,5.467
5407,1566536475239296031,384.00,168.00,410,217597,10801,387.36,157.50,121.52,0.9669,0,0.6793,0.5098,0.9732,10000,3213,10,5.517,507.5,349.3,ndt_r3_i120_p1000,16,1000,7.3,1630.8,0.6975,0.2486,39.928,2.102,5.384
5553,1566536489839656962,456.00,48.00,429,137405,6498,452.76,54.17,122.33,0.9738,1,0.3370,0.3470,0.9731,10000,1636,10,3.419,188.6,175.4,icp_d4_i120,1,6498,0.0,7426.3,0.9737,0.2428,0.337,0.323,0.337
5553,1566536489839656962,456.00,48.00,429,137405,6498,452.76,54.17,122.33,0.9738,1,0.3370,0.3470,0.9731,10000,1636,10,3.419,188.6,175.4,icp_d4_i120_p5000,1,5000,0.0,5228.6,0.9732,0.2426,0.336,0.285,0.336
5553,1566536489839656962,456.00,48.00,429,137405,6498,452.76,54.17,122.33,0.9738,1,0.3370,0.3470,0.9731,10000,1636,10,3.419,188.6,175.4,icp_d4_i120_p2000,1,2000,0.0,2089.2,0.9735,0.2428,0.372,0.338,0.372
5553,1566536489839656962,456.00,48.00,429,137405,6498,452.76,54.17,122.33,0.9738,1,0.3370,0.3470,0.9731,10000,1636,10,3.419,188.6,175.4,icp_d4_i120_p1000,1,1000,0.0,1033.7,0.9734,0.2426,0.411,0.407,0.410
5553,1566536489839656962,456.00,48.00,429,137405,6498,452.76,54.17,122.33,0.9738,1,0.3370,0.3470,0.9731,10000,1636,10,3.419,188.6,175.4,gicp_d4_i120,16,6498,65.3,12950.9,0.9731,0.2423,0.337,0.345,0.337
5553,1566536489839656962,456.00,48.00,429,137405,6498,452.76,54.17,122.33,0.9738,1,0.3370,0.3470,0.9731,10000,1636,10,3.419,188.6,175.4,gicp_d4_i120_p5000,16,5000,62.6,11354.0,0.9734,0.2428,0.351,0.391,0.351
5553,1566536489839656962,456.00,48.00,429,137405,6498,452.76,54.17,122.33,0.9738,1,0.3370,0.3470,0.9731,10000,1636,10,3.419,188.6,175.4,gicp_d4_i120_p2000,16,2000,62.5,15264.1,0.9734,0.2425,0.337,0.414,0.337
5553,1566536489839656962,456.00,48.00,429,137405,6498,452.76,54.17,122.33,0.9738,1,0.3370,0.3470,0.9731,10000,1636,10,3.419,188.6,175.4,gicp_d4_i120_p1000,16,1000,66.0,13361.0,0.9732,0.2443,0.463,0.623,0.463
5553,1566536489839656962,456.00,48.00,429,137405,6498,452.76,54.17,122.33,0.9738,1,0.3370,0.3470,0.9731,10000,1636,10,3.419,188.6,175.4,ndt_r3_i120,16,6498,7.8,2569.1,0.9738,0.2422,0.397,0.545,0.397
5553,1566536489839656962,456.00,48.00,429,137405,6498,452.76,54.17,122.33,0.9738,1,0.3370,0.3470,0.9731,10000,1636,10,3.419,188.6,175.4,ndt_r3_i120_p5000,16,5000,5.1,2502.9,0.9738,0.2422,0.390,0.546,0.390
5553,1566536489839656962,456.00,48.00,429,137405,6498,452.76,54.17,122.33,0.9738,1,0.3370,0.3470,0.9731,10000,1636,10,3.419,188.6,175.4,ndt_r3_i120_p2000,16,2000,5.0,2307.3,0.9737,0.2421,0.404,0.516,0.404
5553,1566536489839656962,456.00,48.00,429,137405,6498,452.76,54.17,122.33,0.9738,1,0.3370,0.3470,0.9731,10000,1636,10,3.419,188.6,175.4,ndt_r3_i120_p1000,16,1000,5.3,1793.7,0.9738,0.2421,0.355,0.504,0.355
5699,1566536504446557814,480.00,-48.00,375,167958,9933,481.53,-44.46,75.19,0.9385,1,1.1794,0.4905,0.9931,10000,3458,10,2.278,437.0,309.8,icp_d4_i120,1,9933,0.0,9177.1,0.9938,0.2453,1.173,0.530,1.149
5699,1566536504446557814,480.00,-48.00,375,167958,9933,481.53,-44.46,75.19,0.9385,1,1.1794,0.4905,0.9931,10000,3458,10,2.278,437.0,309.8,icp_d4_i120_p5000,1,5000,0.0,4979.9,0.9939,0.2450,1.177,0.578,1.156
5699,1566536504446557814,480.00,-48.00,375,167958,9933,481.53,-44.46,75.19,0.9385,1,1.1794,0.4905,0.9931,10000,3458,10,2.278,437.0,309.8,icp_d4_i120_p2000,1,2000,0.0,2153.0,0.9938,0.2450,1.154,0.527,1.140
5699,1566536504446557814,480.00,-48.00,375,167958,9933,481.53,-44.46,75.19,0.9385,1,1.1794,0.4905,0.9931,10000,3458,10,2.278,437.0,309.8,icp_d4_i120_p1000,1,1000,0.0,955.2,0.9935,0.2471,1.192,0.493,1.150
5699,1566536504446557814,480.00,-48.00,375,167958,9933,481.53,-44.46,75.19,0.9385,1,1.1794,0.4905,0.9931,10000,3458,10,2.278,437.0,309.8,gicp_d4_i120,16,9933,80.5,9327.6,0.9931,0.2454,1.179,0.491,1.179
5699,1566536504446557814,480.00,-48.00,375,167958,9933,481.53,-44.46,75.19,0.9385,1,1.1794,0.4905,0.9931,10000,3458,10,2.278,437.0,309.8,gicp_d4_i120_p5000,16,5000,75.4,9158.9,0.9937,0.2463,1.191,0.619,1.191
5699,1566536504446557814,480.00,-48.00,375,167958,9933,481.53,-44.46,75.19,0.9385,1,1.1794,0.4905,0.9931,10000,3458,10,2.278,437.0,309.8,gicp_d4_i120_p2000,16,2000,86.6,10898.3,0.9935,0.2455,1.141,0.514,1.139
5699,1566536504446557814,480.00,-48.00,375,167958,9933,481.53,-44.46,75.19,0.9385,1,1.1794,0.4905,0.9931,10000,3458,10,2.278,437.0,309.8,gicp_d4_i120_p1000,16,1000,82.0,8693.8,0.9934,0.2461,1.182,0.582,1.182
5699,1566536504446557814,480.00,-48.00,375,167958,9933,481.53,-44.46,75.19,0.9385,1,1.1794,0.4905,0.9931,10000,3458,10,2.278,437.0,309.8,ndt_r3_i120,16,9933,7.4,2798.3,0.9932,0.2444,1.215,0.776,1.197
5699,1566536504446557814,480.00,-48.00,375,167958,9933,481.53,-44.46,75.19,0.9385,1,1.1794,0.4905,0.9931,10000,3458,10,2.278,437.0,309.8,ndt_r3_i120_p5000,16,5000,5.9,2271.4,0.9931,0.2444,1.221,0.748,1.210
5699,1566536504446557814,480.00,-48.00,375,167958,9933,481.53,-44.46,75.19,0.9385,1,1.1794,0.4905,0.9931,10000,3458,10,2.278,437.0,309.8,ndt_r3_i120_p2000,16,2000,5.6,2230.0,0.9932,0.2438,1.250,0.735,1.205
5699,1566536504446557814,480.00,-48.00,375,167958,9933,481.53,-44.46,75.19,0.9385,1,1.1794,0.4905,0.9931,10000,3458,10,2.278,437.0,309.8,ndt_r3_i120_p1000,16,1000,5.6,2047.0,0.9931,0.2448,1.203,0.798,1.203
5845,1566536519039107172,408.00,-120.00,324,194269,12483,414.71,-116.93,33.30,0.9244,1,1.1674,0.9785,0.9875,10000,2734,10,1.741,557.9,397.5,icp_d4_i120,1,12483,0.0,11511.2,0.9878,0.2500,1.140,0.927,1.068
5845,1566536519039107172,408.00,-120.00,324,194269,12483,414.71,-116.93,33.30,0.9244,1,1.1674,0.9785,0.9875,10000,2734,10,1.741,557.9,397.5,icp_d4_i120_p5000,1,5000,0.0,4852.9,0.9883,0.2498,1.141,0.912,1.069
5845,1566536519039107172,408.00,-120.00,324,194269,12483,414.71,-116.93,33.30,0.9244,1,1.1674,0.9785,0.9875,10000,2734,10,1.741,557.9,397.5,icp_d4_i120_p2000,1,2000,0.0,2058.9,0.9882,0.2502,1.139,0.830,1.099
5845,1566536519039107172,408.00,-120.00,324,194269,12483,414.71,-116.93,33.30,0.9244,1,1.1674,0.9785,0.9875,10000,2734,10,1.741,557.9,397.5,icp_d4_i120_p1000,1,1000,0.0,998.4,0.9884,0.2496,1.143,0.876,1.125
5845,1566536519039107172,408.00,-120.00,324,194269,12483,414.71,-116.93,33.30,0.9244,1,1.1674,0.9785,0.9875,10000,2734,10,1.741,557.9,397.5,gicp_d4_i120,16,12483,85.5,8872.6,0.9876,0.2528,1.168,0.977,1.167
5845,1566536519039107172,408.00,-120.00,324,194269,12483,414.71,-116.93,33.30,0.9244,1,1.1674,0.9785,0.9875,10000,2734,10,1.741,557.9,397.5,gicp_d4_i120_p5000,16,5000,91.8,7371.0,0.9875,0.2513,1.087,0.812,1.082
5845,1566536519039107172,408.00,-120.00,324,194269,12483,414.71,-116.93,33.30,0.9244,1,1.1674,0.9785,0.9875,10000,2734,10,1.741,557.9,397.5,gicp_d4_i120_p2000,16,2000,98.1,6479.1,0.9881,0.2508,1.139,0.877,1.139
5845,1566536519039107172,408.00,-120.00,324,194269,12483,414.71,-116.93,33.30,0.9244,1,1.1674,0.9785,0.9875,10000,2734,10,1.741,557.9,397.5,gicp_d4_i120_p1000,16,1000,87.5,6637.0,0.9872,0.2494,1.012,0.740,0.946
5845,1566536519039107172,408.00,-120.00,324,194269,12483,414.71,-116.93,33.30,0.9244,1,1.1674,0.9785,0.9875,10000,2734,10,1.741,557.9,397.5,ndt_r3_i120,16,12483,8.2,2779.9,0.9873,0.2515,1.094,0.943,1.094
5845,1566536519039107172,408.00,-120.00,324,194269,12483,414.71,-116.93,33.30,0.9244,1,1.1674,0.9785,0.9875,10000,2734,10,1.741,557.9,397.5,ndt_r3_i120_p5000,16,5000,6.8,2270.7,0.9873,0.2515,1.097,0.919,1.097
5845,1566536519039107172,408.00,-120.00,324,194269,12483,414.71,-116.93,33.30,0.9244,1,1.1674,0.9785,0.9875,10000,2734,10,1.741,557.9,397.5,ndt_r3_i120_p2000,16,2000,6.6,1905.7,0.9875,0.2515,1.103,0.935,1.103
5845,1566536519039107172,408.00,-120.00,324,194269,12483,414.71,-116.93,33.30,0.9244,1,1.1674,0.9785,0.9875,10000,2734,10,1.741,557.9,397.5,ndt_r3_i120_p1000,16,1000,7.7,1902.0,0.9873,0.2514,1.104,0.918,1.104
5991,1566536533642614377,312.00,-168.00,421,272319,13306,320.67,-170.35,-8.03,0.9588,0,0.9821,1.2608,0.9781,10000,2269,10,3.430,863.1,405.3,icp_d4_i120,1,13306,0.0,16627.6,0.9787,0.2386,1.067,1.140,1.067
5991,1566536533642614377,312.00,-168.00,421,272319,13306,320.67,-170.35,-8.03,0.9588,0,0.9821,1.2608,0.9781,10000,2269,10,3.430,863.1,405.3,icp_d4_i120_p5000,1,5000,0.0,5470.2,0.9787,0.2384,1.093,1.097,1.072
5991,1566536533642614377,312.00,-168.00,421,272319,13306,320.67,-170.35,-8.03,0.9588,0,0.9821,1.2608,0.9781,10000,2269,10,3.430,863.1,405.3,icp_d4_i120_p2000,1,2000,0.0,1885.9,0.9789,0.2380,1.137,1.125,1.097
5991,1566536533642614377,312.00,-168.00,421,272319,13306,320.67,-170.35,-8.03,0.9588,0,0.9821,1.2608,0.9781,10000,2269,10,3.430,863.1,405.3,icp_d4_i120_p1000,1,1000,0.0,724.0,0.9787,0.2392,1.273,1.430,1.029
5991,1566536533642614377,312.00,-168.00,421,272319,13306,320.67,-170.35,-8.03,0.9588,0,0.9821,1.2608,0.9781,10000,2269,10,3.430,863.1,405.3,gicp_d4_i120,16,13306,135.2,17432.9,0.9781,0.2378,1.184,0.812,0.937
5991,1566536533642614377,312.00,-168.00,421,272319,13306,320.67,-170.35,-8.03,0.9588,0,0.9821,1.2608,0.9781,10000,2269,10,3.430,863.1,405.3,gicp_d4_i120_p5000,16,5000,132.5,14874.4,0.9786,0.2396,0.898,1.387,0.898
5991,1566536533642614377,312.00,-168.00,421,272319,13306,320.67,-170.35,-8.03,0.9588,0,0.9821,1.2608,0.9781,10000,2269,10,3.430,863.1,405.3,gicp_d4_i120_p2000,16,2000,122.4,13162.6,0.9790,0.2388,1.099,1.408,1.099
5991,1566536533642614377,312.00,-168.00,421,272319,13306,320.67,-170.35,-8.03,0.9588,0,0.9821,1.2608,0.9781,10000,2269,10,3.430,863.1,405.3,gicp_d4_i120_p1000,16,1000,131.8,11588.1,0.9781,0.2381,1.107,1.532,1.106
5991,1566536533642614377,312.00,-168.00,421,272319,13306,320.67,-170.35,-8.03,0.9588,0,0.9821,1.2608,0.9781,10000,2269,10,3.430,863.1,405.3,ndt_r3_i120,16,13306,10.4,4436.2,0.9781,0.2385,1.111,1.027,1.103
5991,1566536533642614377,312.00,-168.00,421,272319,13306,320.67,-170.35,-8.03,0.9588,0,0.9821,1.2608,0.9781,10000,2269,10,3.430,863.1,405.3,ndt_r3_i120_p5000,16,5000,9.2,3680.9,0.9782,0.2390,1.102,1.050,1.102
5991,1566536533642614377,312.00,-168.00,421,272319,13306,320.67,-170.35,-8.03,0.9588,0,0.9821,1.2608,0.9781,10000,2269,10,3.430,863.1,405.3,ndt_r3_i120_p2000,16,2000,9.1,2099.6,0.9784,0.2388,1.151,1.057,1.123
5991,1566536533642614377,312.00,-168.00,421,272319,13306,320.67,-170.35,-8.03,0.9588,0,0.9821,1.2608,0.9781,10000,2269,10,3.430,863.1,405.3,ndt_r3_i120_p1000,16,1000,8.8,1835.1,0.9784,0.2385,1.147,0.996,1.147
6137,1566536548237379035,264.00,-72.00,156,133306,10172,258.02,-77.20,-58.03,0.8432,1,1.2339,0.5243,0.9771,10000,1161,10,1.151,215.8,295.3,icp_d4_i120,1,10172,0.0,4823.1,0.9779,0.2595,1.239,0.643,1.218
6137,1566536548237379035,264.00,-72.00,156,133306,10172,258.02,-77.20,-58.03,0.8432,1,1.2339,0.5243,0.9771,10000,1161,10,1.151,215.8,295.3,icp_d4_i120_p5000,1,5000,0.0,2512.0,0.9776,0.2585,1.221,0.757,1.207
6137,1566536548237379035,264.00,-72.00,156,133306,10172,258.02,-77.20,-58.03,0.8432,1,1.2339,0.5243,0.9771,10000,1161,10,1.151,215.8,295.3,icp_d4_i120_p2000,1,2000,0.0,1077.1,0.9777,0.2588,1.247,0.607,1.217
6137,1566536548237379035,264.00,-72.00,156,133306,10172,258.02,-77.20,-58.03,0.8432,1,1.2339,0.5243,0.9771,10000,1161,10,1.151,215.8,295.3,icp_d4_i120_p1000,1,1000,0.0,610.8,0.9777,0.2590,1.209,0.731,1.205
6137,1566536548237379035,264.00,-72.00,156,133306,10172,258.02,-77.20,-58.03,0.8432,1,1.2339,0.5243,0.9771,10000,1161,10,1.151,215.8,295.3,gicp_d4_i120,16,10172,64.0,3925.7,0.9771,0.2568,1.234,0.527,1.234
6137,1566536548237379035,264.00,-72.00,156,133306,10172,258.02,-77.20,-58.03,0.8432,1,1.2339,0.5243,0.9771,10000,1161,10,1.151,215.8,295.3,gicp_d4_i120_p5000,16,5000,62.6,1903.8,0.9769,0.2556,1.244,0.479,1.244
6137,1566536548237379035,264.00,-72.00,156,133306,10172,258.02,-77.20,-58.03,0.8432,1,1.2339,0.5243,0.9771,10000,1161,10,1.151,215.8,295.3,gicp_d4_i120_p2000,16,2000,59.7,1458.1,0.9768,0.2563,1.243,0.509,1.243
6137,1566536548237379035,264.00,-72.00,156,133306,10172,258.02,-77.20,-58.03,0.8432,1,1.2339,0.5243,0.9771,10000,1161,10,1.151,215.8,295.3,gicp_d4_i120_p1000,16,1000,63.1,6637.9,0.9775,0.2574,1.197,0.558,1.197
6137,1566536548237379035,264.00,-72.00,156,133306,10172,258.02,-77.20,-58.03,0.8432,1,1.2339,0.5243,0.9771,10000,1161,10,1.151,215.8,295.3,ndt_r3_i120,16,10172,9.8,3411.9,0.9775,0.2600,1.229,0.660,1.203
6137,1566536548237379035,264.00,-72.00,156,133306,10172,258.02,-77.20,-58.03,0.8432,1,1.2339,0.5243,0.9771,10000,1161,10,1.151,215.8,295.3,ndt_r3_i120_p5000,16,5000,5.3,3033.9,0.9772,0.2589,1.217,0.616,1.217
6137,1566536548237379035,264.00,-72.00,156,133306,10172,258.02,-77.20,-58.03,0.8432,1,1.2339,0.5243,0.9771,10000,1161,10,1.151,215.8,295.3,ndt_r3_i120_p2000,16,2000,5.2,2749.4,0.9774,0.2595,1.273,0.665,1.199
6137,1566536548237379035,264.00,-72.00,156,133306,10172,258.02,-77.20,-58.03,0.8432,1,1.2339,0.5243,0.9771,10000,1161,10,1.151,215.8,295.3,ndt_r3_i120_p1000,16,1000,5.2,2213.9,0.9774,0.2603,1.242,0.694,1.198
6283,1566536562843212498,216.00,24.00,312,209561,11698,208.24,25.69,-130.38,0.9752,1,0.5299,0.8485,0.9830,10000,3421,10,3.513,441.2,372.2,icp_d4_i120,1,11698,0.0,10761.4,0.9833,0.2596,0.608,0.822,0.608
6283,1566536562843212498,216.00,24.00,312,209561,11698,208.24,25.69,-130.38,0.9752,1,0.5299,0.8485,0.9830,10000,3421,10,3.513,441.2,372.2,icp_d4_i120_p5000,1,5000,0.0,4373.7,0.9833,0.2592,0.605,0.843,0.605
6283,1566536562843212498,216.00,24.00,312,209561,11698,208.24,25.69,-130.38,0.9752,1,0.5299,0.8485,0.9830,10000,3421,10,3.513,441.2,372.2,icp_d4_i120_p2000,1,2000,0.0,1478.7,0.9832,0.2595,0.589,0.847,0.589
6283,1566536562843212498,216.00,24.00,312,209561,11698,208.24,25.69,-130.38,0.9752,1,0.5299,0.8485,0.9830,10000,3421,10,3.513,441.2,372.2,icp_d4_i120_p1000,1,1000,0.0,788.7,0.9826,0.2606,0.674,0.743,0.674
6283,1566536562843212498,216.00,24.00,312,209561,11698,208.24,25.69,-130.38,0.9752,1,0.5299,0.8485,0.9830,10000,3421,10,3.513,441.2,372.2,gicp_d4_i120,16,11698,114.4,14750.9,0.9830,0.2601,0.529,0.846,0.522
6283,1566536562843212498,216.00,24.00,312,209561,11698,208.24,25.69,-130.38,0.9752,1,0.5299,0.8485,0.9830,10000,3421,10,3.513,441.2,372.2,gicp_d4_i120_p5000,16,5000,94.2,12737.7,0.9828,0.2614,0.503,0.776,0.481
6283,1566536562843212498,216.00,24.00,312,209561,11698,208.24,25.69,-130.38,0.9752,1,0.5299,0.8485,0.9830,10000,3421,10,3.513,441.2,372.2,gicp_d4_i120_p2000,16,2000,97.9,15253.6,0.9832,0.2614,0.580,0.731,0.575
6283,1566536562843212498,216.00,24.00,312,209561,11698,208.24,25.69,-130.38,0.9752,1,0.5299,0.8485,0.9830,10000,3421,10,3.513,441.2,372.2,gicp_d4_i120_p1000,16,1000,103.8,13309.2,0.9832,0.2624,0.526,0.666,0.518
6283,1566536562843212498,216.00,24.00,312,209561,11698,208.24,25.69,-130.38,0.9752,1,0.5299,0.8485,0.9830,10000,3421,10,3.513,441.2,372.2,ndt_r3_i120,16,11698,8.2,3743.1,0.9826,0.2511,0.746,0.900,0.746
6283,1566536562843212498,216.00,24.00,312,209561,11698,208.24,25.69,-130.38,0.9752,1,0.5299,0.8485,0.9830,10000,3421,10,3.513,441.2,372.2,ndt_r3_i120_p5000,16,5000,7.0,3326.0,0.9828,0.2509,0.747,0.879,0.725
6283,1566536562843212498,216.00,24.00,312,209561,11698,208.24,25.69,-130.38,0.9752,1,0.5299,0.8485,0.9830,10000,3421,10,3.513,441.2,372.2,ndt_r3_i120_p2000,16,2000,7.3,2789.1,0.9826,0.2508,0.766,0.884,0.757
6283,1566536562843212498,216.00,24.00,312,209561,11698,208.24,25.69,-130.38,0.9752,1,0.5299,0.8485,0.9830,10000,3421,10,3.513,441.2,372.2,ndt_r3_i120_p1000,16,1000,7.1,2742.1,0.9826,0.2521,0.798,0.858,0.776
6429,1566536577440034625,264.00,72.00,214,134982,10556,273.52,78.01,-149.46,0.5621,1,1.4403,1.4180,0.7364,10000,1134,10,1.880,297.6,268.0,icp_d4_i120,1,10556,0.0,5601.5,0.7370,0.2454,1.488,1.353,1.488
6429,1566536577440034625,264.00,72.00,214,134982,10556,273.52,78.01,-149.46,0.5621,1,1.4403,1.4180,0.7364,10000,1134,10,1.880,297.6,268.0,icp_d4_i120_p5000,1,5000,0.0,3150.2,0.7365,0.2440,1.503,1.412,1.503
6429,1566536577440034625,264.00,72.00,214,134982,10556,273.52,78.01,-149.46,0.5621,1,1.4403,1.4180,0.7364,10000,1134,10,1.880,297.6,268.0,icp_d4_i120_p2000,1,2000,0.0,1500.8,0.7366,0.2452,1.568,1.658,1.483
6429,1566536577440034625,264.00,72.00,214,134982,10556,273.52,78.01,-149.46,0.5621,1,1.4403,1.4180,0.7364,10000,1134,10,1.880,297.6,268.0,icp_d4_i120_p1000,1,1000,0.0,769.3,0.7348,0.2409,1.591,1.585,1.591
6429,1566536577440034625,264.00,72.00,214,134982,10556,273.52,78.01,-149.46,0.5621,1,1.4403,1.4180,0.7364,10000,1134,10,1.880,297.6,268.0,gicp_d4_i120,16,10556,65.0,12998.7,0.7369,0.2434,1.453,1.417,1.450
6429,1566536577440034625,264.00,72.00,214,134982,10556,273.52,78.01,-149.46,0.5621,1,1.4403,1.4180,0.7364,10000,1134,10,1.880,297.6,268.0,gicp_d4_i120_p5000,16,5000,62.4,10558.9,0.7382,0.2450,1.431,1.328,1.431
6429,1566536577440034625,264.00,72.00,214,134982,10556,273.52,78.01,-149.46,0.5621,1,1.4403,1.4180,0.7364,10000,1134,10,1.880,297.6,268.0,gicp_d4_i120_p2000,16,2000,58.5,17684.3,0.7346,0.2425,1.422,1.415,1.417
6429,1566536577440034625,264.00,72.00,214,134982,10556,273.52,78.01,-149.46,0.5621,1,1.4403,1.4180,0.7364,10000,1134,10,1.880,297.6,268.0,gicp_d4_i120_p1000,16,1000,61.0,16623.6,0.7354,0.2442,1.386,1.383,1.381
6429,1566536577440034625,264.00,72.00,214,134982,10556,273.52,78.01,-149.46,0.5621,1,1.4403,1.4180,0.7364,10000,1134,10,1.880,297.6,268.0,ndt_r3_i120,16,10556,7.5,2012.3,0.7374,0.2492,1.401,1.020,1.401
6429,1566536577440034625,264.00,72.00,214,134982,10556,273.52,78.01,-149.46,0.5621,1,1.4403,1.4180,0.7364,10000,1134,10,1.880,297.6,268.0,ndt_r3_i120_p5000,16,5000,6.7,1675.1,0.7375,0.2512,1.400,1.008,1.396
6429,1566536577440034625,264.00,72.00,214,134982,10556,273.52,78.01,-149.46,0.5621,1,1.4403,1.4180,0.7364,10000,1134,10,1.880,297.6,268.0,ndt_r3_i120_p2000,16,2000,4.7,1520.2,0.7372,0.2504,1.431,0.854,1.431
6429,1566536577440034625,264.00,72.00,214,134982,10556,273.52,78.01,-149.46,0.5621,1,1.4403,1.4180,0.7364,10000,1134,10,1.880,297.6,268.0,ndt_r3_i120_p1000,16,1000,4.6,1256.9,0.7363,0.2514,1.425,0.797,1.425
6575,1566536592038416724,336.00,120.00,225,82849,10792,335.68,117.08,-148.63,0.4144,1,1.8321,0.6281,0.4824,10000,115,10,27.008,274.7,249.8,icp_d4_i120,1,10792,0.0,11788.4,0.3707,0.2491,33.388,2.793,26.062
6575,1566536592038416724,336.00,120.00,225,82849,10792,335.68,117.08,-148.63,0.4144,1,1.8321,0.6281,0.4824,10000,115,10,27.008,274.7,249.8,icp_d4_i120_p5000,1,5000,0.0,6123.3,0.3651,0.2504,33.865,2.331,26.033
6575,1566536592038416724,336.00,120.00,225,82849,10792,335.68,117.08,-148.63,0.4144,1,1.8321,0.6281,0.4824,10000,115,10,27.008,274.7,249.8,icp_d4_i120_p2000,1,2000,0.0,1870.5,0.3685,0.2480,33.947,2.697,27.651
6575,1566536592038416724,336.00,120.00,225,82849,10792,335.68,117.08,-148.63,0.4144,1,1.8321,0.6281,0.4824,10000,115,10,27.008,274.7,249.8,icp_d4_i120_p1000,1,1000,0.0,925.3,0.3703,0.2478,34.103,2.743,26.605
6575,1566536592038416724,336.00,120.00,225,82849,10792,335.68,117.08,-148.63,0.4144,1,1.8321,0.6281,0.4824,10000,115,10,27.008,274.7,249.8,gicp_d4_i120,16,10792,39.9,19771.2,0.4027,0.2461,34.457,1.259,26.398
6575,1566536592038416724,336.00,120.00,225,82849,10792,335.68,117.08,-148.63,0.4144,1,1.8321,0.6281,0.4824,10000,115,10,27.008,274.7,249.8,gicp_d4_i120_p5000,16,5000,37.3,18572.0,0.3861,0.2501,31.034,4.791,23.608
6575,1566536592038416724,336.00,120.00,225,82849,10792,335.68,117.08,-148.63,0.4144,1,1.8321,0.6281,0.4824,10000,115,10,27.008,274.7,249.8,gicp_d4_i120_p2000,16,2000,41.5,16612.9,0.4083,0.2517,22.371,2.297,22.371
6575,1566536592038416724,336.00,120.00,225,82849,10792,335.68,117.08,-148.63,0.4144,1,1.8321,0.6281,0.4824,10000,115,10,27.008,274.7,249.8,gicp_d4_i120_p1000,16,1000,36.5,17438.0,0.4122,0.2404,34.403,1.566,19.282
6575,1566536592038416724,336.00,120.00,225,82849,10792,335.68,117.08,-148.63,0.4144,1,1.8321,0.6281,0.4824,10000,115,10,27.008,274.7,249.8,ndt_r3_i120,16,10792,4.7,2728.0,0.4091,0.2527,33.406,2.089,27.494
6575,1566536592038416724,336.00,120.00,225,82849,10792,335.68,117.08,-148.63,0.4144,1,1.8321,0.6281,0.4824,10000,115,10,27.008,274.7,249.8,ndt_r3_i120_p5000,16,5000,4.5,2652.5,0.4105,0.2527,33.212,2.333,28.138
6575,1566536592038416724,336.00,120.00,225,82849,10792,335.68,117.08,-148.63,0.4144,1,1.8321,0.6281,0.4824,10000,115,10,27.008,274.7,249.8,ndt_r3_i120_p2000,16,2000,3.4,1694.7,0.4002,0.2523,34.058,1.236,27.643
6575,1566536592038416724,336.00,120.00,225,82849,10792,335.68,117.08,-148.63,0.4144,1,1.8321,0.6281,0.4824,10000,115,10,27.008,274.7,249.8,ndt_r3_i120_p1000,16,1000,3.0,1636.0,0.4029,0.2525,33.993,1.328,27.394
6721,1566536606640053797,384.00,168.00,410,217597,9763,379.32,173.90,-68.73,0.8806,1,1.4052,0.6242,0.9692,10000,2756,10,1.223,460.6,273.5,icp_d4_i120,1,9763,0.0,7864.1,0.9691,0.2554,1.443,0.607,1.443
6721,1566536606640053797,384.00,168.00,410,217597,9763,379.32,173.90,-68.73,0.8806,1,1.4052,0.6242,0.9692,10000,2756,10,1.223,460.6,273.5,icp_d4_i120_p5000,1,5000,0.0,4675.6,0.9692,0.2553,1.422,0.643,1.422
6721,1566536606640053797,384.00,168.00,410,217597,9763,379.32,173.90,-68.73,0.8806,1,1.4052,0.6242,0.9692,10000,2756,10,1.223,460.6,273.5,icp_d4_i120_p2000,1,2000,0.0,1992.5,0.9687,0.2552,1.404,0.702,1.404
6721,1566536606640053797,384.00,168.00,410,217597,9763,379.32,173.90,-68.73,0.8806,1,1.4052,0.6242,0.9692,10000,2756,10,1.223,460.6,273.5,icp_d4_i120_p1000,1,1000,0.0,927.9,0.9687,0.2557,1.352,0.725,1.352
6721,1566536606640053797,384.00,168.00,410,217597,9763,379.32,173.90,-68.73,0.8806,1,1.4052,0.6242,0.9692,10000,2756,10,1.223,460.6,273.5,gicp_d4_i120,16,9763,103.9,18286.9,0.9693,0.2560,1.413,0.617,1.413
6721,1566536606640053797,384.00,168.00,410,217597,9763,379.32,173.90,-68.73,0.8806,1,1.4052,0.6242,0.9692,10000,2756,10,1.223,460.6,273.5,gicp_d4_i120_p5000,16,5000,117.0,15806.6,0.9690,0.2552,1.497,0.610,1.497
6721,1566536606640053797,384.00,168.00,410,217597,9763,379.32,173.90,-68.73,0.8806,1,1.4052,0.6242,0.9692,10000,2756,10,1.223,460.6,273.5,gicp_d4_i120_p2000,16,2000,104.0,18205.1,0.9689,0.2544,1.342,0.619,1.342
6721,1566536606640053797,384.00,168.00,410,217597,9763,379.32,173.90,-68.73,0.8806,1,1.4052,0.6242,0.9692,10000,2756,10,1.223,460.6,273.5,gicp_d4_i120_p1000,16,1000,102.6,16031.2,0.9692,0.2544,1.454,0.629,1.454
6721,1566536606640053797,384.00,168.00,410,217597,9763,379.32,173.90,-68.73,0.8806,1,1.4052,0.6242,0.9692,10000,2756,10,1.223,460.6,273.5,ndt_r3_i120,16,9763,8.3,3337.8,0.9688,0.2559,1.437,0.787,1.437
6721,1566536606640053797,384.00,168.00,410,217597,9763,379.32,173.90,-68.73,0.8806,1,1.4052,0.6242,0.9692,10000,2756,10,1.223,460.6,273.5,ndt_r3_i120_p5000,16,5000,7.2,2558.6,0.9689,0.2557,1.481,0.778,1.481
6721,1566536606640053797,384.00,168.00,410,217597,9763,379.32,173.90,-68.73,0.8806,1,1.4052,0.6242,0.9692,10000,2756,10,1.223,460.6,273.5,ndt_r3_i120_p2000,16,2000,6.9,2037.6,0.9687,0.2555,1.436,0.800,1.436
6721,1566536606640053797,384.00,168.00,410,217597,9763,379.32,173.90,-68.73,0.8806,1,1.4052,0.6242,0.9692,10000,2756,10,1.223,460.6,273.5,ndt_r3_i120_p1000,16,1000,6.8,992.3,0.9690,0.2549,1.497,0.780,1.497
6867,1566536621239184436,312.00,288.00,350,158664,11428,312.85,279.69,-55.38,0.7409,1,2.0863,1.0103,0.9863,10000,2399,10,1.839,383.0,311.7,icp_d4_i120,1,11428,0.0,10316.0,0.9870,0.2513,2.047,1.110,2.009
6867,1566536621239184436,312.00,288.00,350,158664,11428,312.85,279.69,-55.38,0.7409,1,2.0863,1.0103,0.9863,10000,2399,10,1.839,383.0,311.7,icp_d4_i120_p5000,1,5000,0.0,4298.2,0.9868,0.2507,2.093,1.021,1.992
6867,1566536621239184436,312.00,288.00,350,158664,11428,312.85,279.69,-55.38,0.7409,1,2.0863,1.0103,0.9863,10000,2399,10,1.839,383.0,311.7,icp_d4_i120_p2000,1,2000,0.0,1520.2,0.9868,0.2510,2.065,1.115,2.024
6867,1566536621239184436,312.00,288.00,350,158664,11428,312.85,279.69,-55.38,0.7409,1,2.0863,1.0103,0.9863,10000,2399,10,1.839,383.0,311.7,icp_d4_i120_p1000,1,1000,0.0,739.9,0.9868,0.2504,2.057,1.092,2.026
6867,1566536621239184436,312.00,288.00,350,158664,11428,312.85,279.69,-55.38,0.7409,1,2.0863,1.0103,0.9863,10000,2399,10,1.839,383.0,311.7,gicp_d4_i120,16,11428,71.4,10059.3,0.9863,0.2493,2.088,1.014,2.088
6867,1566536621239184436,312.00,288.00,350,158664,11428,312.85,279.69,-55.38,0.7409,1,2.0863,1.0103,0.9863,10000,2399,10,1.839,383.0,311.7,gicp_d4_i120_p5000,16,5000,71.4,8349.0,0.9864,0.2492,2.101,1.021,2.101
6867,1566536621239184436,312.00,288.00,350,158664,11428,312.85,279.69,-55.38,0.7409,1,2.0863,1.0103,0.9863,10000,2399,10,1.839,383.0,311.7,gicp_d4_i120_p2000,16,2000,75.1,8898.2,0.9855,0.2484,2.139,0.834,2.095
6867,1566536621239184436,312.00,288.00,350,158664,11428,312.85,279.69,-55.38,0.7409,1,2.0863,1.0103,0.9863,10000,2399,10,1.839,383.0,311.7,gicp_d4_i120_p1000,16,1000,76.6,8363.8,0.9849,0.2488,2.093,0.751,2.088
6867,1566536621239184436,312.00,288.00,350,158664,11428,312.85,279.69,-55.38,0.7409,1,2.0863,1.0103,0.9863,10000,2399,10,1.839,383.0,311.7,ndt_r3_i120,16,11428,7.0,2910.5,0.9863,0.2502,2.029,0.892,2.014
6867,1566536621239184436,312.00,288.00,350,158664,11428,312.85,279.69,-55.38,0.7409,1,2.0863,1.0103,0.9863,10000,2399,10,1.839,383.0,311.7,ndt_r3_i120_p5000,16,5000,5.8,2433.1,0.9863,0.2503,2.024,0.905,2.014
6867,1566536621239184436,312.00,288.00,350,158664,11428,312.85,279.69,-55.38,0.7409,1,2.0863,1.0103,0.9863,10000,2399,10,1.839,383.0,311.7,ndt_r3_i120_p2000,16,2000,5.5,2021.1,0.9863,0.2502,2.023,0.893,2.000
6867,1566536621239184436,312.00,288.00,350,158664,11428,312.85,279.69,-55.38,0.7409,1,2.0863,1.0103,0.9863,10000,2399,10,1.839,383.0,311.7,ndt_r3_i120_p1000,16,1000,5.4,2109.0,0.9863,0.2497,2.043,0.899,2.002
7013,1566536635840259050,216.00,264.00,327,176882,12479,222.09,267.18,28.69,0.9331,1,1.1449,0.5493,0.9873,10000,529,10,1.386,471.3,366.0,icp_d4_i120,1,12479,0.0,10946.7,0.9877,0.2420,1.237,0.686,1.161
7013,1566536635840259050,216.00,264.00,327,176882,12479,222.09,267.18,28.69,0.9331,1,1.1449,0.5493,0.9873,10000,529,10,1.386,471.3,366.0,icp_d4_i120_p5000,1,5000,0.0,4675.7,0.9879,0.2422,1.212,0.786,1.212
7013,1566536635840259050,216.00,264.00,327,176882,12479,222.09,267.18,28.69,0.9331,1,1.1449,0.5493,0.9873,10000,529,10,1.386,471.3,366.0,icp_d4_i120_p2000,1,2000,0.0,2012.1,0.9879,0.2419,1.271,0.737,1.175
7013,1566536635840259050,216.00,264.00,327,176882,12479,222.09,267.18,28.69,0.9331,1,1.1449,0.5493,0.9873,10000,529,10,1.386,471.3,366.0,icp_d4_i120_p1000,1,1000,0.0,851.2,0.9877,0.2418,1.278,0.774,1.195
7013,1566536635840259050,216.00,264.00,327,176882,12479,222.09,267.18,28.69,0.9331,1,1.1449,0.5493,0.9873,10000,529,10,1.386,471.3,366.0,gicp_d4_i120,16,12479,82.7,3841.1,0.9873,0.2429,1.147,0.549,1.144
7013,1566536635840259050,216.00,264.00,327,176882,12479,222.09,267.18,28.69,0.9331,1,1.1449,0.5493,0.9873,10000,529,10,1.386,471.3,366.0,gicp_d4_i120_p5000,16,5000,81.3,12063.9,0.9872,0.2432,1.133,0.581,1.129
7013,1566536635840259050,216.00,264.00,327,176882,12479,222.09,267.18,28.69,0.9331,1,1.1449,0.5493,0.9873,10000,529,10,1.386,471.3,366.0,gicp_d4_i120_p2000,16,2000,84.0,20234.8,0.9874,0.2426,1.202,0.574,1.202
7013,1566536635840259050,216.00,264.00,327,176882,12479,222.09,267.18,28.69,0.9331,1,1.1449,0.5493,0.9873,10000,529,10,1.386,471.3,366.0,gicp_d4_i120_p1000,16,1000,80.8,6805.8,0.9872,0.2419,1.274,0.535,1.107
7013,1566536635840259050,216.00,264.00,327,176882,12479,222.09,267.18,28.69,0.9331,1,1.1449,0.5493,0.9873,10000,529,10,1.386,471.3,366.0,ndt_r3_i120,16,12479,8.5,3675.4,0.9873,0.2429,1.151,0.647,0.422
7013,1566536635840259050,216.00,264.00,327,176882,12479,222.09,267.18,28.69,0.9331,1,1.1449,0.5493,0.9873,10000,529,10,1.386,471.3,366.0,ndt_r3_i120_p5000,16,5000,6.9,3735.8,0.9873,0.2429,1.154,0.654,0.438
7013,1566536635840259050,216.00,264.00,327,176882,12479,222.09,267.18,28.69,0.9331,1,1.1449,0.5493,0.9873,10000,529,10,1.386,471.3,366.0,ndt_r3_i120_p2000,16,2000,6.4,3277.0,0.9875,0.2428,1.181,0.693,0.514
7013,1566536635840259050,216.00,264.00,327,176882,12479,222.09,267.18,28.69,0.9331,1,1.1449,0.5493,0.9873,10000,529,10,1.386,471.3,366.0,ndt_r3_i120_p1000,16,1000,6.3,2369.7,0.9875,0.2432,1.158,0.757,1.158
7159,1566536650434671547,120.00,240.00,667,302018,13887,120.38,250.86,-1.11,0.9785,1,0.4657,1.1155,0.9860,10000,3230,10,1.649,651.5,473.8,icp_d4_i120,1,13887,0.0,14332.1,0.9881,0.2445,0.452,1.220,0.394
7159,1566536650434671547,120.00,240.00,667,302018,13887,120.38,250.86,-1.11,0.9785,1,0.4657,1.1155,0.9860,10000,3230,10,1.649,651.5,473.8,icp_d4_i120_p5000,1,5000,0.0,5347.9,0.9882,0.2446,0.441,1.252,0.377
7159,1566536650434671547,120.00,240.00,667,302018,13887,120.38,250.86,-1.11,0.9785,1,0.4657,1.1155,0.9860,10000,3230,10,1.649,651.5,473.8,icp_d4_i120_p2000,1,2000,0.0,2086.3,0.9884,0.2446,0.437,1.339,0.437
7159,1566536650434671547,120.00,240.00,667,302018,13887,120.38,250.86,-1.11,0.9785,1,0.4657,1.1155,0.9860,10000,3230,10,1.649,651.5,473.8,icp_d4_i120_p1000,1,1000,0.0,1188.1,0.9883,0.2456,0.425,1.313,0.425
7159,1566536650434671547,120.00,240.00,667,302018,13887,120.38,250.86,-1.11,0.9785,1,0.4657,1.1155,0.9860,10000,3230,10,1.649,651.5,473.8,gicp_d4_i120,16,13887,148.5,9456.4,0.9875,0.2444,0.490,0.879,0.462
7159,1566536650434671547,120.00,240.00,667,302018,13887,120.38,250.86,-1.11,0.9785,1,0.4657,1.1155,0.9860,10000,3230,10,1.649,651.5,473.8,gicp_d4_i120_p5000,16,5000,140.5,9529.5,0.9841,0.2437,0.432,0.621,0.431
7159,1566536650434671547,120.00,240.00,667,302018,13887,120.38,250.86,-1.11,0.9785,1,0.4657,1.1155,0.9860,10000,3230,10,1.649,651.5,473.8,gicp_d4_i120_p2000,16,2000,156.2,10104.6,0.9847,0.2447,0.512,1.138,0.512
7159,1566536650434671547,120.00,240.00,667,302018,13887,120.38,250.86,-1.11,0.9785,1,0.4657,1.1155,0.9860,10000,3230,10,1.649,651.5,473.8,gicp_d4_i120_p1000,16,1000,145.1,11106.9,0.9871,0.2446,0.541,0.798,0.541
7159,1566536650434671547,120.00,240.00,667,302018,13887,120.38,250.86,-1.11,0.9785,1,0.4657,1.1155,0.9860,10000,3230,10,1.649,651.5,473.8,ndt_r3_i120,16,13887,11.6,4379.6,0.9860,0.2442,0.357,0.967,0.353
7159,1566536650434671547,120.00,240.00,667,302018,13887,120.38,250.86,-1.11,0.9785,1,0.4657,1.1155,0.9860,10000,3230,10,1.649,651.5,473.8,ndt_r3_i120_p5000,16,5000,11.9,3429.8,0.9865,0.2443,0.368,0.976,0.360
7159,1566536650434671547,120.00,240.00,667,302018,13887,120.38,250.86,-1.11,0.9785,1,0.4657,1.1155,0.9860,10000,3230,10,1.649,651.5,473.8,ndt_r3_i120_p2000,16,2000,11.7,3330.4,0.9873,0.2446,0.391,1.018,0.356
7159,1566536650434671547,120.00,240.00,667,302018,13887,120.38,250.86,-1.11,0.9785,1,0.4657,1.1155,0.9860,10000,3230,10,1.649,651.5,473.8,ndt_r3_i120_p1000,16,1000,10.0,3573.3,0.9870,0.2443,0.359,0.927,0.344
7305,1566536665042761007,120.00,192.00,561,191865,10829,115.69,203.18,110.23,0.9041,1,1.1094,0.6882,0.9536,10000,625,10,1.213,440.6,327.1,icp_d4_i120,1,10829,0.0,10210.2,0.9540,0.2449,1.216,0.841,1.121
7305,1566536665042761007,120.00,192.00,561,191865,10829,115.69,203.18,110.23,0.9041,1,1.1094,0.6882,0.9536,10000,625,10,1.213,440.6,327.1,icp_d4_i120_p5000,1,5000,0.0,4600.7,0.9543,0.2447,1.188,0.745,1.111
7305,1566536665042761007,120.00,192.00,561,191865,10829,115.69,203.18,110.23,0.9041,1,1.1094,0.6882,0.9536,10000,625,10,1.213,440.6,327.1,icp_d4_i120_p2000,1,2000,0.0,1872.1,0.9544,0.2445,1.183,0.809,1.065
7305,1566536665042761007,120.00,192.00,561,191865,10829,115.69,203.18,110.23,0.9041,1,1.1094,0.6882,0.9536,10000,625,10,1.213,440.6,327.1,icp_d4_i120_p1000,1,1000,0.0,951.4,0.9539,0.2445,1.175,0.841,1.053
7305,1566536665042761007,120.00,192.00,561,191865,10829,115.69,203.18,110.23,0.9041,1,1.1094,0.6882,0.9536,10000,625,10,1.213,440.6,327.1,gicp_d4_i120,16,10829,102.1,9348.1,0.9536,0.2461,1.111,0.689,1.109
7305,1566536665042761007,120.00,192.00,561,191865,10829,115.69,203.18,110.23,0.9041,1,1.1094,0.6882,0.9536,10000,625,10,1.213,440.6,327.1,gicp_d4_i120_p5000,16,5000,97.0,2987.6,0.9532,0.2483,1.128,0.600,1.127
7305,1566536665042761007,120.00,192.00,561,191865,10829,115.69,203.18,110.23,0.9041,1,1.1094,0.6882,0.9536,10000,625,10,1.213,440.6,327.1,gicp_d4_i120_p2000,16,2000,89.6,19692.2,0.9535,0.2472,1.179,0.630,1.179
7305,1566536665042761007,120.00,192.00,561,191865,10829,115.69,203.18,110.23,0.9041,1,1.1094,0.6882,0.9536,10000,625,10,1.213,440.6,327.1,gicp_d4_i120_p1000,16,1000,95.2,18871.0,0.9534,0.2481,1.336,0.641,1.336
7305,1566536665042761007,120.00,192.00,561,191865,10829,115.69,203.18,110.23,0.9041,1,1.1094,0.6882,0.9536,10000,625,10,1.213,440.6,327.1,ndt_r3_i120,16,10829,9.1,3549.3,0.9538,0.2463,1.088,0.748,1.064
7305,1566536665042761007,120.00,192.00,561,191865,10829,115.69,203.18,110.23,0.9041,1,1.1094,0.6882,0.9536,10000,625,10,1.213,440.6,327.1,ndt_r3_i120_p5000,16,5000,7.8,3203.6,0.9538,0.2467,1.094,0.769,1.074
7305,1566536665042761007,120.00,192.00,561,191865,10829,115.69,203.18,110.23,0.9041,1,1.1094,0.6882,0.9536,10000,625,10,1.213,440.6,327.1,ndt_r3_i120_p2000,16,2000,8.0,3058.4,0.9538,0.2456,1.105,0.754,1.071
7305,1566536665042761007,120.00,192.00,561,191865,10829,115.69,203.18,110.23,0.9041,1,1.1094,0.6882,0.9536,10000,625,10,1.213,440.6,327.1,ndt_r3_i120_p1000,16,1000,10.1,2453.5,0.9539,0.2463,1.088,0.841,1.023
7451,1566536679636538508,168.00,120.00,202,139777,10628,171.97,113.89,121.10,0.8452,1,1.5801,0.3336,0.9853,10000,1681,10,1.980,318.7,296.1,icp_d4_i120,1,10628,0.0,9924.1,0.9868,0.2521,1.585,0.378,1.585
7451,1566536679636538508,168.00,120.00,202,139777,10628,171.97,113.89,121.10,0.8452,1,1.5801,0.3336,0.9853,10000,1681,10,1.980,318.7,296.1,icp_d4_i120_p5000,1,5000,0.0,4460.1,0.9865,0.2518,1.626,0.316,1.517
7451,1566536679636538508,168.00,120.00,202,139777,10628,171.97,113.89,121.10,0.8452,1,1.5801,0.3336,0.9853,10000,1681,10,1.980,318.7,296.1,icp_d4_i120_p2000,1,2000,0.0,1762.9,0.9869,0.2528,1.548,0.402,1.548
7451,1566536679636538508,168.00,120.00,202,139777,10628,171.97,113.89,121.10,0.8452,1,1.5801,0.3336,0.9853,10000,1681,10,1.980,318.7,296.1,icp_d4_i120_p1000,1,1000,0.0,818.2,0.9866,0.2525,1.518,0.442,1.518
7451,1566536679636538508,168.00,120.00,202,139777,10628,171.97,113.89,121.10,0.8452,1,1.5801,0.3336,0.9853,10000,1681,10,1.980,318.7,296.1,gicp_d4_i120,16,10628,64.1,13783.6,0.9853,0.2514,1.581,0.331,1.580
7451,1566536679636538508,168.00,120.00,202,139777,10628,171.97,113.89,121.10,0.8452,1,1.5801,0.3336,0.9853,10000,1681,10,1.980,318.7,296.1,gicp_d4_i120_p5000,16,5000,70.5,10736.9,0.9854,0.2539,1.652,0.711,1.652
7451,1566536679636538508,168.00,120.00,202,139777,10628,171.97,113.89,121.10,0.8452,1,1.5801,0.3336,0.9853,10000,1681,10,1.980,318.7,296.1,gicp_d4_i120_p2000,16,2000,72.6,14918.0,0.9862,0.2521,1.598,0.304,1.598
7451,1566536679636538508,168.00,120.00,202,139777,10628,171.97,113.89,121.10,0.8452,1,1.5801,0.3336,0.9853,10000,1681,10,1.980,318.7,296.1,gicp_d4_i120_p1000,16,1000,71.5,11618.5,0.9865,0.2561,1.674,0.482,1.672
7451,1566536679636538508,168.00,120.00,202,139777,10628,171.97,113.89,121.10,0.8452,1,1.5801,0.3336,0.9853,10000,1681,10,1.980,318.7,296.1,ndt_r3_i120,16,10628,7.8,3180.0,0.9873,0.2554,1.588,0.374,1.586
7451,1566536679636538508,168.00,120.00,202,139777,10628,171.97,113.89,121.10,0.8452,1,1.5801,0.3336,0.9853,10000,1681,10,1.980,318.7,296.1,ndt_r3_i120_p5000,16,5000,5.6,2745.2,0.9873,0.2556,1.584,0.378,1.555
7451,1566536679636538508,168.00,120.00,202,139777,10628,171.97,113.89,121.10,0.8452,1,1.5801,0.3336,0.9853,10000,1681,10,1.980,318.7,296.1,ndt_r3_i120_p2000,16,2000,5.3,1982.9,0.9873,0.2551,1.590,0.344,1.588
7451,1566536679636538508,168.00,120.00,202,139777,10628,171.97,113.89,121.10,0.8452,1,1.5801,0.3336,0.9853,10000,1681,10,1.980,318.7,296.1,ndt_r3_i120_p1000,16,1000,5.9,1731.3,0.9874,0.2551,1.587,0.343,1.567
7597,1566536694241993207,240.00,72.00,281,177986,11712,241.26,69.21,165.79,0.8952,1,1.0614,1.0928,0.9820,10000,2401,10,1.929,354.8,348.2,icp_d4_i120,1,11712,0.0,7017.4,0.9825,0.2538,1.189,1.018,1.068
7597,1566536694241993207,240.00,72.00,281,177986,11712,241.26,69.21,165.79,0.8952,1,1.0614,1.0928,0.9820,10000,2401,10,1.929,354.8,348.2,icp_d4_i120_p5000,1,5000,0.0,2782.1,0.9824,0.2543,1.210,0.984,1.064
7597,1566536694241993207,240.00,72.00,281,177986,11712,241.26,69.21,165.79,0.8952,1,1.0614,1.0928,0.9820,10000,2401,10,1.929,354.8,348.2,icp_d4_i120_p2000,1,2000,0.0,1243.7,0.9823,0.2532,1.240,0.973,1.073
7597,1566536694241993207,240.00,72.00,281,177986,11712,241.26,69.21,165.79,0.8952,1,1.0614,1.0928,0.9820,10000,2401,10,1.929,354.8,348.2,icp_d4_i120_p1000,1,1000,0.0,649.7,0.9824,0.2537,1.263,0.942,1.102
7597,1566536694241993207,240.00,72.00,281,177986,11712,241.26,69.21,165.79,0.8952,1,1.0614,1.0928,0.9820,10000,2401,10,1.929,354.8,348.2,gicp_d4_i120,16,11712,84.3,7786.9,0.9820,0.2526,1.062,1.093,1.062
7597,1566536694241993207,240.00,72.00,281,177986,11712,241.26,69.21,165.79,0.8952,1,1.0614,1.0928,0.9820,10000,2401,10,1.929,354.8,348.2,gicp_d4_i120_p5000,16,5000,87.5,5785.9,0.9820,0.2527,1.030,1.048,1.024
7597,1566536694241993207,240.00,72.00,281,177986,11712,241.26,69.21,165.79,0.8952,1,1.0614,1.0928,0.9820,10000,2401,10,1.929,354.8,348.2,gicp_d4_i120_p2000,16,2000,83.6,12229.4,0.9822,0.2527,0.948,1.251,0.948
7597,1566536694241993207,240.00,72.00,281,177986,11712,241.26,69.21,165.79,0.8952,1,1.0614,1.0928,0.9820,10000,2401,10,1.929,354.8,348.2,gicp_d4_i120_p1000,16,1000,77.3,8689.0,0.9819,0.2534,0.955,1.101,0.955
7597,1566536694241993207,240.00,72.00,281,177986,11712,241.26,69.21,165.79,0.8952,1,1.0614,1.0928,0.9820,10000,2401,10,1.929,354.8,348.2,ndt_r3_i120,16,11712,7.4,3961.4,0.9825,0.2476,1.107,0.891,1.055
7597,1566536694241993207,240.00,72.00,281,177986,11712,241.26,69.21,165.79,0.8952,1,1.0614,1.0928,0.9820,10000,2401,10,1.929,354.8,348.2,ndt_r3_i120_p5000,16,5000,6.1,2892.9,0.9823,0.2478,1.097,0.907,1.046
7597,1566536694241993207,240.00,72.00,281,177986,11712,241.26,69.21,165.79,0.8952,1,1.0614,1.0928,0.9820,10000,2401,10,1.929,354.8,348.2,ndt_r3_i120_p2000,16,2000,6.0,2761.7,0.9824,0.2466,1.106,0.929,1.103
7597,1566536694241993207,240.00,72.00,281,177986,11712,241.26,69.21,165.79,0.8952,1,1.0614,1.0928,0.9820,10000,2401,10,1.929,354.8,348.2,ndt_r3_i120_p1000,16,1000,6.1,2597.2,0.9822,0.2463,1.085,0.967,1.068
7743,1566536708839097846,192.00,24.00,312,187696,12337,201.17,21.86,64.86,0.9183,0,1.4808,1.6410,0.9775,10000,3675,10,2.740,461.9,381.6,icp_d4_i120,1,12337,0.0,7746.1,0.9775,0.2573,1.485,1.450,1.485
7743,1566536708839097846,192.00,24.00,312,187696,12337,201.17,21.86,64.86,0.9183,0,1.4808,1.6410,0.9775,10000,3675,10,2.740,461.9,381.6,icp_d4_i120_p5000,1,5000,0.0,3254.8,0.9778,0.2573,1.523,1.532,1.523
7743,1566536708839097846,192.00,24.00,312,187696,12337,201.17,21.86,64.86,0.9183,0,1.4808,1.6410,0.9775,10000,3675,10,2.740,461.9,381.6,icp_d4_i120_p2000,1,2000,0.0,1366.9,0.9775,0.2566,1.508,1.425,1.398
7743,1566536708839097846,192.00,24.00,312,187696,12337,201.17,21.86,64.86,0.9183,0,1.4808,1.6410,0.9775,10000,3675,10,2.740,461.9,381.6,icp_d4_i120_p1000,1,1000,0.0,771.1,0.9776,0.2573,1.580,1.467,1.472
7743,1566536708839097846,192.00,24.00,312,187696,12337,201.17,21.86,64.86,0.9183,0,1.4808,1.6410,0.9775,10000,3675,10,2.740,461.9,381.6,gicp_d4_i120,16,12337,94.6,20607.7,0.9774,0.2566,1.484,1.648,1.479
7743,1566536708839097846,192.00,24.00,312,187696,12337,201.17,21.86,64.86,0.9183,0,1.4808,1.6410,0.9775,10000,3675,10,2.740,461.9,381.6,gicp_d4_i120_p5000,16,5000,91.0,12956.8,0.9759,0.2564,1.480,1.906,1.478
7743,1566536708839097846,192.00,24.00,312,187696,12337,201.17,21.86,64.86,0.9183,0,1.4808,1.6410,0.9775,10000,3675,10,2.740,461.9,381.6,gicp_d4_i120_p2000,16,2000,81.3,11757.4,0.9772,0.2562,1.479,1.704,1.438
7743,1566536708839097846,192.00,24.00,312,187696,12337,201.17,21.86,64.86,0.9183,0,1.4808,1.6410,0.9775,10000,3675,10,2.740,461.9,381.6,gicp_d4_i120_p1000,16,1000,93.9,17528.1,0.9777,0.2563,1.505,1.580,1.505
7743,1566536708839097846,192.00,24.00,312,187696,12337,201.17,21.86,64.86,0.9183,0,1.4808,1.6410,0.9775,10000,3675,10,2.740,461.9,381.6,ndt_r3_i120,16,12337,8.0,3675.6,0.9772,0.2574,1.434,1.513,1.388
7743,1566536708839097846,192.00,24.00,312,187696,12337,201.17,21.86,64.86,0.9183,0,1.4808,1.6410,0.9775,10000,3675,10,2.740,461.9,381.6,ndt_r3_i120_p5000,16,5000,6.5,2844.7,0.9773,0.2572,1.433,1.416,1.368
7743,1566536708839097846,192.00,24.00,312,187696,12337,201.17,21.86,64.86,0.9183,0,1.4808,1.6410,0.9775,10000,3675,10,2.740,461.9,381.6,ndt_r3_i120_p2000,16,2000,6.2,2048.3,0.9773,0.2575,1.441,1.494,1.431
7743,1566536708839097846,192.00,24.00,312,187696,12337,201.17,21.86,64.86,0.9183,0,1.4808,1.6410,0.9775,10000,3675,10,2.740,461.9,381.6,ndt_r3_i120_p1000,16,1000,7.6,1794.1,0.9775,0.2580,1.533,1.541,1.449
7889,1566536723433023728,264.00,-72.00,156,133306,11630,252.77,-74.44,122.15,0.6788,1,2.5345,0.2439,0.9657,10000,928,10,0.738,272.9,327.1,icp_d4_i120,1,11630,0.0,7603.9,0.9676,0.2552,2.405,0.290,1.736
7889,1566536723433023728,264.00,-72.00,156,133306,11630,252.77,-74.44,122.15,0.6788,1,2.5345,0.2439,0.9657,10000,928,10,0.738,272.9,327.1,icp_d4_i120_p5000,1,5000,0.0,3301.5,0.9672,0.2547,2.407,0.344,1.694
7889,1566536723433023728,264.00,-72.00,156,133306,11630,252.77,-74.44,122.15,0.6788,1,2.5345,0.2439,0.9657,10000,928,10,0.738,272.9,327.1,icp_d4_i120_p2000,1,2000,0.0,1404.5,0.9671,0.2546,2.405,0.378,1.301
7889,1566536723433023728,264.00,-72.00,156,133306,11630,252.77,-74.44,122.15,0.6788,1,2.5345,0.2439,0.9657,10000,928,10,0.738,272.9,327.1,icp_d4_i120_p1000,1,1000,0.0,775.4,0.9675,0.2558,2.429,0.289,1.281
7889,1566536723433023728,264.00,-72.00,156,133306,11630,252.77,-74.44,122.15,0.6788,1,2.5345,0.2439,0.9657,10000,928,10,0.738,272.9,327.1,gicp_d4_i120,16,11630,60.1,1710.3,0.9657,0.2564,2.535,0.243,2.535
7889,1566536723433023728,264.00,-72.00,156,133306,11630,252.77,-74.44,122.15,0.6788,1,2.5345,0.2439,0.9657,10000,928,10,0.738,272.9,327.1,gicp_d4_i120_p5000,16,5000,58.1,2129.1,0.9656,0.2562,2.572,0.288,2.571
7889,1566536723433023728,264.00,-72.00,156,133306,11630,252.77,-74.44,122.15,0.6788,1,2.5345,0.2439,0.9657,10000,928,10,0.738,272.9,327.1,gicp_d4_i120_p2000,16,2000,61.5,2258.7,0.9647,0.2561,2.629,0.314,2.629
7889,1566536723433023728,264.00,-72.00,156,133306,11630,252.77,-74.44,122.15,0.6788,1,2.5345,0.2439,0.9657,10000,928,10,0.738,272.9,327.1,gicp_d4_i120_p1000,16,1000,61.3,3452.1,0.9655,0.2567,2.603,0.266,2.603
7889,1566536723433023728,264.00,-72.00,156,133306,11630,252.77,-74.44,122.15,0.6788,1,2.5345,0.2439,0.9657,10000,928,10,0.738,272.9,327.1,ndt_r3_i120,16,11630,7.1,3055.5,0.9664,0.2581,2.453,0.088,2.453
7889,1566536723433023728,264.00,-72.00,156,133306,11630,252.77,-74.44,122.15,0.6788,1,2.5345,0.2439,0.9657,10000,928,10,0.738,272.9,327.1,ndt_r3_i120_p5000,16,5000,5.4,2886.3,0.9665,0.2580,2.449,0.103,2.437
7889,1566536723433023728,264.00,-72.00,156,133306,11630,252.77,-74.44,122.15,0.6788,1,2.5345,0.2439,0.9657,10000,928,10,0.738,272.9,327.1,ndt_r3_i120_p2000,16,2000,5.3,2436.6,0.9663,0.2580,2.474,0.088,2.471
7889,1566536723433023728,264.00,-72.00,156,133306,11630,252.77,-74.44,122.15,0.6788,1,2.5345,0.2439,0.9657,10000,928,10,0.738,272.9,327.1,ndt_r3_i120_p1000,16,1000,5.2,2050.8,0.9664,0.2580,2.462,0.083,2.454
8035,1566536738038961296,312.00,-168.00,421,272319,13422,311.55,-168.11,121.98,0.8785,1,1.6226,1.2679,0.9604,10000,2426,10,5.486,850.7,419.2,icp_d4_i120,1,13422,0.0,19408.6,0.9610,0.2387,2.238,1.680,1.717
8035,1566536738038961296,312.00,-168.00,421,272319,13422,311.55,-168.11,121.98,0.8785,1,1.6226,1.2679,0.9604,10000,2426,10,5.486,850.7,419.2,icp_d4_i120_p5000,1,5000,0.0,7173.1,0.9612,0.2390,2.236,1.751,1.729
8035,1566536738038961296,312.00,-168.00,421,272319,13422,311.55,-168.11,121.98,0.8785,1,1.6226,1.2679,0.9604,10000,2426,10,5.486,850.7,419.2,icp_d4_i120_p2000,1,2000,0.0,2922.3,0.9612,0.2401,2.330,1.811,1.740
8035,1566536738038961296,312.00,-168.00,421,272319,13422,311.55,-168.11,121.98,0.8785,1,1.6226,1.2679,0.9604,10000,2426,10,5.486,850.7,419.2,icp_d4_i120_p1000,1,1000,0.0,1555.8,0.9616,0.2400,2.350,1.808,1.693
8035,1566536738038961296,312.00,-168.00,421,272319,13422,311.55,-168.11,121.98,0.8785,1,1.6226,1.2679,0.9604,10000,2426,10,5.486,850.7,419.2,gicp_d4_i120,16,13422,126.1,19877.7,0.9605,0.2383,1.639,1.247,1.638
8035,1566536738038961296,312.00,-168.00,421,272319,13422,311.55,-168.11,121.98,0.8785,1,1.6226,1.2679,0.9604,10000,2426,10,5.486,850.7,419.2,gicp_d4_i120_p5000,16,5000,125.9,17590.4,0.9604,0.2389,1.527,1.232,1.526
8035,1566536738038961296,312.00,-168.00,421,272319,13422,311.55,-168.11,121.98,0.8785,1,1.6226,1.2679,0.9604,10000,2426,10,5.486,850.7,419.2,gicp_d4_i120_p2000,16,2000,132.7,18119.5,0.9614,0.2394,2.309,1.754,1.640
8035,1566536738038961296,312.00,-168.00,421,272319,13422,311.55,-168.11,121.98,0.8785,1,1.6226,1.2679,0.9604,10000,2426,10,5.486,850.7,419.2,gicp_d4_i120_p1000,16,1000,137.7,12018.0,0.9607,0.2413,2.296,1.830,1.576
8035,1566536738038961296,312.00,-168.00,421,272319,13422,311.55,-168.11,121.98,0.8785,1,1.6226,1.2679,0.9604,10000,2426,10,5.486,850.7,419.2,ndt_r3_i120,16,13422,14.6,5002.8,0.9610,0.2395,1.758,1.268,1.758
8035,1566536738038961296,312.00,-168.00,421,272319,13422,311.55,-168.11,121.98,0.8785,1,1.6226,1.2679,0.9604,10000,2426,10,5.486,850.7,419.2,ndt_r3_i120_p5000,16,5000,9.4,4191.5,0.9610,0.2398,1.770,1.273,1.715
8035,1566536738038961296,312.00,-168.00,421,272319,13422,311.55,-168.11,121.98,0.8785,1,1.6226,1.2679,0.9604,10000,2426,10,5.486,850.7,419.2,ndt_r3_i120_p2000,16,2000,9.1,2909.5,0.9610,0.2396,1.796,1.290,1.778
8035,1566536738038961296,312.00,-168.00,421,272319,13422,311.55,-168.11,121.98,0.8785,1,1.6226,1.2679,0.9604,10000,2426,10,5.486,850.7,419.2,ndt_r3_i120_p1000,16,1000,9.0,2876.8,0.9610,0.2390,1.707,1.244,1.707
8181,1566536752635490723,264.00,-216.00,274,233953,13849,261.77,-213.72,32.19,0.9688,1,0.9444,0.6106,0.9960,10000,3024,10,3.254,635.8,462.2,icp_d4_i120,1,13849,0.0,14886.0,0.9963,0.2433,0.944,0.562,0.932
8181,1566536752635490723,264.00,-216.00,274,233953,13849,261.77,-213.72,32.19,0.9688,1,0.9444,0.6106,0.9960,10000,3024,10,3.254,635.8,462.2,icp_d4_i120_p5000,1,5000,0.0,5526.5,0.9963,0.2433,0.955,0.567,0.942
8181,1566536752635490723,264.00,-216.00,274,233953,13849,261.77,-213.72,32.19,0.9688,1,0.9444,0.6106,0.9960,10000,3024,10,3.254,635.8,462.2,icp_d4_i120_p2000,1,2000,0.0,2406.3,0.9965,0.2429,0.989,0.482,0.929
8181,1566536752635490723,264.00,-216.00,274,233953,13849,261.77,-213.72,32.19,0.9688,1,0.9444,0.6106,0.9960,10000,3024,10,3.254,635.8,462.2,icp_d4_i120_p1000,1,1000,0.0,1336.5,0.9964,0.2422,0.976,0.466,0.940
8181,1566536752635490723,264.00,-216.00,274,233953,13849,261.77,-213.72,32.19,0.9688,1,0.9444,0.6106,0.9960,10000,3024,10,3.254,635.8,462.2,gicp_d4_i120,16,13849,117.9,10979.7,0.9961,0.2433,0.944,0.609,0.944
8181,1566536752635490723,264.00,-216.00,274,233953,13849,261.77,-213.72,32.19,0.9688,1,0.9444,0.6106,0.9960,10000,3024,10,3.254,635.8,462.2,gicp_d4_i120_p5000,16,5000,109.1,18167.1,0.9960,0.2430,0.947,0.675,0.946
8181,1566536752635490723,264.00,-216.00,274,233953,13849,261.77,-213.72,32.19,0.9688,1,0.9444,0.6106,0.9960,10000,3024,10,3.254,635.8,462.2,gicp_d4_i120_p2000,16,2000,112.5,7360.1,0.9964,0.2429,0.953,0.366,0.913
8181,1566536752635490723,264.00,-216.00,274,233953,13849,261.77,-213.72,32.19,0.9688,1,0.9444,0.6106,0.9960,10000,3024,10,3.254,635.8,462.2,gicp_d4_i120_p1000,16,1000,112.3,10009.9,0.9963,0.2427,0.974,0.487,0.956
8181,1566536752635490723,264.00,-216.00,274,233953,13849,261.77,-213.72,32.19,0.9688,1,0.9444,0.6106,0.9960,10000,3024,10,3.254,635.8,462.2,ndt_r3_i120,16,13849,11.6,5523.3,0.9965,0.2431,1.025,0.721,1.018
8181,1566536752635490723,264.00,-216.00,274,233953,13849,261.77,-213.72,32.19,0.9688,1,0.9444,0.6106,0.9960,10000,3024,10,3.254,635.8,462.2,ndt_r3_i120_p5000,16,5000,10.8,4598.7,0.9965,0.2431,1.028,0.730,1.021
8181,1566536752635490723,264.00,-216.00,274,233953,13849,261.77,-213.72,32.19,0.9688,1,0.9444,0.6106,0.9960,10000,3024,10,3.254,635.8,462.2,ndt_r3_i120_p2000,16,2000,11.6,3802.1,0.9964,0.2431,1.041,0.721,1.034
8181,1566536752635490723,264.00,-216.00,274,233953,13849,261.77,-213.72,32.19,0.9688,1,0.9444,0.6106,0.9960,10000,3024,10,3.254,635.8,462.2,ndt_r3_i120_p1000,16,1000,8.0,3319.6,0.9962,0.2433,1.065,0.764,1.033
8327,1566536767237702900,144.00,-240.00,463,253964,11185,155.79,-238.25,23.67,0.9852,1,0.1264,0.4871,0.9855,10000,2401,10,3.216,554.8,394.0,icp_d4_i120,1,11185,0.0,14238.4,0.9858,0.2473,0.069,0.410,0.069
8327,1566536767237702900,144.00,-240.00,463,253964,11185,155.79,-238.25,23.67,0.9852,1,0.1264,0.4871,0.9855,10000,2401,10,3.216,554.8,394.0,icp_d4_i120_p5000,1,5000,0.0,5538.0,0.9858,0.2481,0.167,0.365,0.141
8327,1566536767237702900,144.00,-240.00,463,253964,11185,155.79,-238.25,23.67,0.9852,1,0.1264,0.4871,0.9855,10000,2401,10,3.216,554.8,394.0,icp_d4_i120_p2000,1,2000,0.0,2445.0,0.9856,0.2469,0.109,0.394,0.072
8327,1566536767237702900,144.00,-240.00,463,253964,11185,155.79,-238.25,23.67,0.9852,1,0.1264,0.4871,0.9855,10000,2401,10,3.216,554.8,394.0,icp_d4_i120_p1000,1,1000,0.0,1179.5,0.9858,0.2474,0.180,0.296,0.142
8327,1566536767237702900,144.00,-240.00,463,253964,11185,155.79,-238.25,23.67,0.9852,1,0.1264,0.4871,0.9855,10000,2401,10,3.216,554.8,394.0,gicp_d4_i120,16,11185,119.6,10838.0,0.9855,0.2470,0.126,0.481,0.126
8327,1566536767237702900,144.00,-240.00,463,253964,11185,155.79,-238.25,23.67,0.9852,1,0.1264,0.4871,0.9855,10000,2401,10,3.216,554.8,394.0,gicp_d4_i120_p5000,16,5000,119.5,12381.3,0.9859,0.2469,0.081,0.427,0.072
8327,1566536767237702900,144.00,-240.00,463,253964,11185,155.79,-238.25,23.67,0.9852,1,0.1264,0.4871,0.9855,10000,2401,10,3.216,554.8,394.0,gicp_d4_i120_p2000,16,2000,117.5,13743.4,0.9857,0.2465,0.136,0.442,0.116
8327,1566536767237702900,144.00,-240.00,463,253964,11185,155.79,-238.25,23.67,0.9852,1,0.1264,0.4871,0.9855,10000,2401,10,3.216,554.8,394.0,gicp_d4_i120_p1000,16,1000,132.0,9978.0,0.9857,0.2463,0.145,0.521,0.145
8327,1566536767237702900,144.00,-240.00,463,253964,11185,155.79,-238.25,23.67,0.9852,1,0.1264,0.4871,0.9855,10000,2401,10,3.216,554.8,394.0,ndt_r3_i120,16,11185,11.0,4456.4,0.9857,0.2482,0.155,0.490,0.136
8327,1566536767237702900,144.00,-240.00,463,253964,11185,155.79,-238.25,23.67,0.9852,1,0.1264,0.4871,0.9855,10000,2401,10,3.216,554.8,394.0,ndt_r3_i120_p5000,16,5000,9.0,3991.8,0.9857,0.2482,0.139,0.496,0.119
8327,1566536767237702900,144.00,-240.00,463,253964,11185,155.79,-238.25,23.67,0.9852,1,0.1264,0.4871,0.9855,10000,2401,10,3.216,554.8,394.0,ndt_r3_i120_p2000,16,2000,8.5,3513.5,0.9857,0.2482,0.123,0.454,0.087
8327,1566536767237702900,144.00,-240.00,463,253964,11185,155.79,-238.25,23.67,0.9852,1,0.1264,0.4871,0.9855,10000,2401,10,3.216,554.8,394.0,ndt_r3_i120_p1000,16,1000,8.4,2807.5,0.9857,0.2480,0.153,0.497,0.096
8473,1566536781833143632,96.00,-192.00,636,273980,11495,107.47,-202.73,-58.08,0.9708,1,0.1960,0.3732,0.9711,10000,3532,10,1.867,620.4,387.1,icp_d4_i120,1,11495,0.0,12166.0,0.9711,0.2559,0.261,0.179,0.261
8473,1566536781833143632,96.00,-192.00,636,273980,11495,107.47,-202.73,-58.08,0.9708,1,0.1960,0.3732,0.9711,10000,3532,10,1.867,620.4,387.1,icp_d4_i120_p5000,1,5000,0.0,5520.3,0.9710,0.2560,0.225,0.159,0.225
8473,1566536781833143632,96.00,-192.00,636,273980,11495,107.47,-202.73,-58.08,0.9708,1,0.1960,0.3732,0.9711,10000,3532,10,1.867,620.4,387.1,icp_d4_i120_p2000,1,2000,0.0,2620.9,0.9712,0.2563,0.292,0.172,0.292
8473,1566536781833143632,96.00,-192.00,636,273980,11495,107.47,-202.73,-58.08,0.9708,1,0.1960,0.3732,0.9711,10000,3532,10,1.867,620.4,387.1,icp_d4_i120_p1000,1,1000,0.0,1081.2,0.9716,0.2552,0.442,0.197,0.442
8473,1566536781833143632,96.00,-192.00,636,273980,11495,107.47,-202.73,-58.08,0.9708,1,0.1960,0.3732,0.9711,10000,3532,10,1.867,620.4,387.1,gicp_d4_i120,16,11495,129.2,20165.4,0.9711,0.2554,0.229,0.425,0.224
8473,1566536781833143632,96.00,-192.00,636,273980,11495,107.47,-202.73,-58.08,0.9708,1,0.1960,0.3732,0.9711,10000,3532,10,1.867,620.4,387.1,gicp_d4_i120_p5000,16,5000,123.5,13584.8,0.9710,0.2555,0.780,0.547,0.160
8473,1566536781833143632,96.00,-192.00,636,273980,11495,107.47,-202.73,-58.08,0.9708,1,0.1960,0.3732,0.9711,10000,3532,10,1.867,620.4,387.1,gicp_d4_i120_p2000,16,2000,133.0,16568.1,0.9714,0.2537,0.955,0.524,0.168
8473,1566536781833143632,96.00,-192.00,636,273980,11495,107.47,-202.73,-58.08,0.9708,1,0.1960,0.3732,0.9711,10000,3532,10,1.867,620.4,387.1,gicp_d4_i120_p1000,16,1000,131.0,12305.0,0.9713,0.2545,0.222,0.333,0.222
8473,1566536781833143632,96.00,-192.00,636,273980,11495,107.47,-202.73,-58.08,0.9708,1,0.1960,0.3732,0.9711,10000,3532,10,1.867,620.4,387.1,ndt_r3_i120,16,11495,13.2,3937.3,0.9711,0.2553,0.267,0.450,0.256
8473,1566536781833143632,96.00,-192.00,636,273980,11495,107.47,-202.73,-58.08,0.9708,1,0.1960,0.3732,0.9711,10000,3532,10,1.867,620.4,387.1,ndt_r3_i120_p5000,16,5000,12.9,3509.3,0.9710,0.2554,0.292,0.457,0.268
8473,1566536781833143632,96.00,-192.00,636,273980,11495,107.47,-202.73,-58.08,0.9708,1,0.1960,0.3732,0.9711,10000,3532,10,1.867,620.4,387.1,ndt_r3_i120_p2000,16,2000,9.0,3350.7,0.9711,0.2560,0.365,0.532,0.302
8473,1566536781833143632,96.00,-192.00,636,273980,11495,107.47,-202.73,-58.08,0.9708,1,0.1960,0.3732,0.9711,10000,3532,10,1.867,620.4,387.1,ndt_r3_i120_p1000,16,1000,9.3,2731.8,0.9711,0.2563,0.294,0.447,0.292
8619,1566536796434238591,48.00,-120.00,528,219318,10039,55.93,-117.93,-62.92,0.9701,1,0.2264,0.2062,0.9705,10000,3563,10,0.959,420.9,341.5,icp_d4_i120,1,10039,0.0,8276.5,0.9701,0.2443,0.392,0.948,0.392
8619,1566536796434238591,48.00,-120.00,528,219318,10039,55.93,-117.93,-62.92,0.9701,1,0.2264,0.2062,0.9705,10000,3563,10,0.959,420.9,341.5,icp_d4_i120_p5000,1,5000,0.0,4046.8,0.9700,0.2452,0.470,0.951,0.470
8619,1566536796434238591,48.00,-120.00,528,219318,10039,55.93,-117.93,-62.92,0.9701,1,0.2264,0.2062,0.9705,10000,3563,10,0.959,420.9,341.5,icp_d4_i120_p2000,1,2000,0.0,1000.5,0.9715,0.2442,0.373,0.957,0.373
8619,1566536796434238591,48.00,-120.00,528,219318,10039,55.93,-117.93,-62.92,0.9701,1,0.2264,0.2062,0.9705,10000,3563,10,0.959,420.9,341.5,icp_d4_i120_p1000,1,1000,0.0,707.7,0.9704,0.2422,0.119,0.518,0.119
8619,1566536796434238591,48.00,-120.00,528,219318,10039,55.93,-117.93,-62.92,0.9701,1,0.2264,0.2062,0.9705,10000,3563,10,0.959,420.9,341.5,gicp_d4_i120,16,10039,104.8,14434.4,0.9709,0.2465,0.988,0.477,0.211
8619,1566536796434238591,48.00,-120.00,528,219318,10039,55.93,-117.93,-62.92,0.9701,1,0.2264,0.2062,0.9705,10000,3563,10,0.959,420.9,341.5,gicp_d4_i120_p5000,16,5000,104.3,16447.6,0.9707,0.2476,0.918,0.405,0.217
8619,1566536796434238591,48.00,-120.00,528,219318,10039,55.93,-117.93,-62.92,0.9701,1,0.2264,0.2062,0.9705,10000,3563,10,0.959,420.9,341.5,gicp_d4_i120_p2000,16,2000,106.7,15932.9,0.9706,0.2498,0.175,0.191,0.175
8619,1566536796434238591,48.00,-120.00,528,219318,10039,55.93,-117.93,-62.92,0.9701,1,0.2264,0.2062,0.9705,10000,3563,10,0.959,420.9,341.5,gicp_d4_i120_p1000,16,1000,94.5,14705.3,0.9715,0.2451,0.846,1.256,0.213
8619,1566536796434238591,48.00,-120.00,528,219318,10039,55.93,-117.93,-62.92,0.9701,1,0.2264,0.2062,0.9705,10000,3563,10,0.959,420.9,341.5,ndt_r3_i120,16,10039,9.2,3753.4,0.9704,0.2452,0.488,0.453,0.268
8619,1566536796434238591,48.00,-120.00,528,219318,10039,55.93,-117.93,-62.92,0.9701,1,0.2264,0.2062,0.9705,10000,3563,10,0.959,420.9,341.5,ndt_r3_i120_p5000,16,5000,7.9,3167.3,0.9704,0.2451,0.428,0.444,0.274
8619,1566536796434238591,48.00,-120.00,528,219318,10039,55.93,-117.93,-62.92,0.9701,1,0.2264,0.2062,0.9705,10000,3563,10,0.959,420.9,341.5,ndt_r3_i120_p2000,16,2000,7.4,1865.6,0.9704,0.2463,0.313,0.471,0.126
8619,1566536796434238591,48.00,-120.00,528,219318,10039,55.93,-117.93,-62.92,0.9701,1,0.2264,0.2062,0.9705,10000,3563,10,0.959,420.9,341.5,ndt_r3_i120_p1000,16,1000,7.4,1480.3,0.9704,0.2449,0.330,0.483,0.286
8765,1566536811031422073,0.00,-24.00,617,257232,12726,9.01,-18.94,-64.97,0.9877,1,0.1878,0.5498,0.9875,10000,4012,10,3.405,570.9,414.8,icp_d4_i120,1,12726,0.0,11413.6,0.9873,0.2465,0.262,0.482,0.262
8765,1566536811031422073,0.00,-24.00,617,257232,12726,9.01,-18.94,-64.97,0.9877,1,0.1878,0.5498,0.9875,10000,4012,10,3.405,570.9,414.8,icp_d4_i120_p5000,1,5000,0.0,4407.1,0.9873,0.2463,0.260,0.457,0.260
8765,1566536811031422073,0.00,-24.00,617,257232,12726,9.01,-18.94,-64.97,0.9877,1,0.1878,0.5498,0.9875,10000,4012,10,3.405,570.9,414.8,icp_d4_i120_p2000,1,2000,0.0,1787.3,0.9870,0.2468,0.317,0.700,0.317
8765,1566536811031422073,0.00,-24.00,617,257232,12726,9.01,-18.94,-64.97,0.9877,1,0.1878,0.5498,0.9875,10000,4012,10,3.405,570.9,414.8,icp_d4_i120_p1000,1,1000,0.0,908.2,0.9859,0.2455,0.352,0.992,0.352
8765,1566536811031422073,0.00,-24.00,617,257232,12726,9.01,-18.94,-64.97,0.9877,1,0.1878,0.5498,0.9875,10000,4012,10,3.405,570.9,414.8,gicp_d4_i120,16,12726,120.2,5705.3,0.9876,0.2461,0.183,0.542,0.183
8765,1566536811031422073,0.00,-24.00,617,257232,12726,9.01,-18.94,-64.97,0.9877,1,0.1878,0.5498,0.9875,10000,4012,10,3.405,570.9,414.8,gicp_d4_i120_p5000,16,5000,115.9,8453.4,0.9876,0.2453,0.179,0.509,0.179
8765,1566536811031422073,0.00,-24.00,617,257232,12726,9.01,-18.94,-64.97,0.9877,1,0.1878,0.5498,0.9875,10000,4012,10,3.405,570.9,414.8,gicp_d4_i120_p2000,16,2000,116.9,5588.0,0.9873,0.2441,0.170,0.489,0.141
8765,1566536811031422073,0.00,-24.00,617,257232,12726,9.01,-18.94,-64.97,0.9877,1,0.1878,0.5498,0.9875,10000,4012,10,3.405,570.9,414.8,gicp_d4_i120_p1000,16,1000,117.4,10136.9,0.9879,0.2448,0.131,0.347,0.098
8765,1566536811031422073,0.00,-24.00,617,257232,12726,9.01,-18.94,-64.97,0.9877,1,0.1878,0.5498,0.9875,10000,4012,10,3.405,570.9,414.8,ndt_r3_i120,16,12726,10.5,5600.6,0.9878,0.2426,0.319,0.788,0.299
8765,1566536811031422073,0.00,-24.00,617,257232,12726,9.01,-18.94,-64.97,0.9877,1,0.1878,0.5498,0.9875,10000,4012,10,3.405,570.9,414.8,ndt_r3_i120_p5000,16,5000,9.1,4387.6,0.9877,0.2422,0.281,0.844,0.281
8765,1566536811031422073,0.00,-24.00,617,257232,12726,9.01,-18.94,-64.97,0.9877,1,0.1878,0.5498,0.9875,10000,4012,10,3.405,570.9,414.8,ndt_r3_i120_p2000,16,2000,8.8,3804.6,0.9879,0.2428,0.316,0.760,0.281
8765,1566536811031422073,0.00,-24.00,617,257232,12726,9.01,-18.94,-64.97,0.9877,1,0.1878,0.5498,0.9875,10000,4012,10,3.405,570.9,414.8,ndt_r3_i120_p1000,16,1000,8.4,4044.3,0.9878,0.2426,0.304,0.706,0.178
8911,1566536825634958594,-24.00,24.00,693,281568,13195,-12.78,27.12,-64.43,0.9009,1,0.6714,0.4218,0.9018,10000,2182,10,3.291,573.9,431.2,icp_d4_i120,1,13195,0.0,14694.7,0.9019,0.2499,0.775,0.657,0.775
8911,1566536825634958594,-24.00,24.00,693,281568,13195,-12.78,27.12,-64.43,0.9009,1,0.6714,0.4218,0.9018,10000,2182,10,3.291,573.9,431.2,icp_d4_i120_p5000,1,5000,0.0,5938.1,0.9016,0.2500,0.820,0.769,0.820
8911,1566536825634958594,-24.00,24.00,693,281568,13195,-12.78,27.12,-64.43,0.9009,1,0.6714,0.4218,0.9018,10000,2182,10,3.291,573.9,431.2,icp_d4_i120_p2000,1,2000,0.0,2294.2,0.9021,0.2501,0.643,0.635,0.643
8911,1566536825634958594,-24.00,24.00,693,281568,13195,-12.78,27.12,-64.43,0.9009,1,0.6714,0.4218,0.9018,10000,2182,10,3.291,573.9,431.2,icp_d4_i120_p1000,1,1000,0.0,1094.6,0.9007,0.2497,0.756,0.944,0.756
8911,1566536825634958594,-24.00,24.00,693,281568,13195,-12.78,27.12,-64.43,0.9009,1,0.6714,0.4218,0.9018,10000,2182,10,3.291,573.9,431.2,gicp_d4_i120,16,13195,135.9,10529.8,0.9021,0.2492,0.565,0.423,0.565
8911,1566536825634958594,-24.00,24.00,693,281568,13195,-12.78,27.12,-64.43,0.9009,1,0.6714,0.4218,0.9018,10000,2182,10,3.291,573.9,431.2,gicp_d4_i120_p5000,16,5000,133.5,14865.8,0.9019,0.2488,0.723,0.419,0.389
8911,1566536825634958594,-24.00,24.00,693,281568,13195,-12.78,27.12,-64.43,0.9009,1,0.6714,0.4218,0.9018,10000,2182,10,3.291,573.9,431.2,gicp_d4_i120_p2000,16,2000,131.1,11312.1,0.9020,0.2457,0.366,0.726,0.366
8911,1566536825634958594,-24.00,24.00,693,281568,13195,-12.78,27.12,-64.43,0.9009,1,0.6714,0.4218,0.9018,10000,2182,10,3.291,573.9,431.2,gicp_d4_i120_p1000,16,1000,135.4,10979.9,0.9019,0.2491,0.801,0.475,0.420
8911,1566536825634958594,-24.00,24.00,693,281568,13195,-12.78,27.12,-64.43,0.9009,1,0.6714,0.4218,0.9018,10000,2182,10,3.291,573.9,431.2,ndt_r3_i120,16,13195,10.8,5332.8,0.9025,0.2462,0.343,0.654,0.250
8911,1566536825634958594,-24.00,24.00,693,281568,13195,-12.78,27.12,-64.43,0.9009,1,0.6714,0.4218,0.9018,10000,2182,10,3.291,573.9,431.2,ndt_r3_i120_p5000,16,5000,9.7,4674.1,0.9025,0.2462,0.364,0.657,0.270
8911,1566536825634958594,-24.00,24.00,693,281568,13195,-12.78,27.12,-64.43,0.9009,1,0.6714,0.4218,0.9018,10000,2182,10,3.291,573.9,431.2,ndt_r3_i120_p2000,16,2000,9.1,3602.2,0.9025,0.2458,0.402,0.664,0.238
8911,1566536825634958594,-24.00,24.00,693,281568,13195,-12.78,27.12,-64.43,0.9009,1,0.6714,0.4218,0.9018,10000,2182,10,3.291,573.9,431.2,ndt_r3_i120_p1000,16,1000,9.0,2567.3,0.9026,0.2460,0.429,0.684,0.250
